date,BTC_google_trend,ETH_google_trend,BNB_google_trend,ADA_google_trend,SOL_google_trend,DOGE_google_trend
2018-05-01,8,3,9,33,52,60
2018-05-02,8,3,9,31,51,59
2018-05-03,9,4,9,31,55,61
2018-05-04,8,3,8,31,54,62
2018-05-05,9,3,8,30,54,52
2018-05-06,8,3,9,32,51,58
2018-05-07,8,4,9,33,54,59
2018-05-08,8,3,9,32,54,57
2018-05-09,8,3,8,31,55,59
2018-05-10,8,3,8,32,57,64
2018-05-11,9,3,8,31,58,66
2018-05-12,8,2,8,29,53,54
2018-05-13,8,2,9,30,51,57
2018-05-14,8,3,10,30,54,58
2018-05-15,7,3,9,29,66,57
2018-05-16,8,3,9,29,66,58
2018-05-17,7,3,8,29,63,62
2018-05-18,7,3,8,29,67,60
2018-05-19,7,2,7,31,63,50
2018-05-20,7,2,9,32,65,53
2018-05-21,7,2,9,32,63,57
2018-05-22,8,3,9,33,71,58
2018-05-23,9,3,9,35,69,59
2018-05-24,8,3,8,34,65,65
2018-05-25,7,2,8,33,66,62
2018-05-26,7,2,7,33,61,54
2018-05-27,7,2,9,31,63,53
2018-05-28,7,3,9,29,59,55
2018-05-29,8,3,9,29,62,60
2018-05-30,8,3,9,30,64,57
2018-05-31,7,3,9,30,61,62
2018-06-01,7,2,8,28,64,58
2018-06-02,7,2,8,29,62,56
2018-06-03,7,2,9,29,63,51
2018-06-04,7,3,10,31,61,52
2018-06-05,7,3,10,30,62,53
2018-06-06,7,2,9,29,62,57
2018-06-07,7,2,9,28,59,56
2018-06-08,7,2,8,28,59,55
2018-06-09,6,2,8,28,56,58
2018-06-10,7,2,10,27,61,54
2018-06-11,9,2,10,28,59,53
2018-06-12,7,3,10,28,61,52
2018-06-13,8,3,10,26,60,54
2018-06-14,9,3,8,23,55,52
2018-06-15,7,2,8,21,60,56
2018-06-16,7,2,8,24,57,52
2018-06-17,7,2,9,27,52,58
2018-06-18,7,2,10,27,56,51
2018-06-19,7,2,10,26,58,51
2018-06-20,7,2,9,27,60,51
2018-06-21,7,2,8,27,60,51
2018-06-22,8,2,8,29,54,52
2018-06-23,8,2,8,28,61,51
2018-06-24,9,2,9,28,64,48
2018-06-25,7,2,11,28,58,44
2018-06-26,7,2,10,28,56,43
2018-06-27,7,2,10,28,66,51
2018-06-28,7,2,9,28,54,47
2018-06-29,8,2,9,31,61,55
2018-06-30,8,2,8,29,56,52
2018-07-01,7,2,10,30,58,49
2018-07-02,7,2,11,27,55,43
2018-07-03,7,2,10,29,57,42
2018-07-04,7,2,9,31,64,45
2018-07-05,7,2,10,30,59,45
2018-07-06,7,2,8,31,55,45
2018-07-07,6,1,8,29,58,47
2018-07-08,6,2,11,30,62,49
2018-07-09,7,2,12,31,57,46
2018-07-10,7,2,11,29,63,44
2018-07-11,6,2,10,30,60,44
2018-07-12,7,2,10,29,66,44
2018-07-13,7,2,10,31,63,47
2018-07-14,6,1,9,29,62,53
2018-07-15,6,2,10,28,65,51
2018-07-16,7,2,12,29,62,47
2018-07-17,8,2,12,30,66,56
2018-07-18,9,2,11,31,67,59
2018-07-19,8,2,10,32,68,56
2018-07-20,7,2,10,31,82,53
2018-07-21,7,2,9,31,76,55
2018-07-22,7,2,11,32,71,53
2018-07-23,8,2,12,35,61,54
2018-07-24,10,2,11,33,66,51
2018-07-25,10,2,11,33,66,55
2018-07-26,8,2,11,34,64,48
2018-07-27,8,2,10,34,74,54
2018-07-28,7,2,9,32,77,50
2018-07-29,7,2,10,32,71,53
2018-07-30,7,2,12,34,67,46
2018-07-31,7,2,12,35,70,51
2018-08-01,7,2,11,35,62,50
2018-08-02,7,2,12,36,65,46
2018-08-03,7,2,10,33,72,62
2018-08-04,7,2,9,31,73,74
2018-08-05,7,2,10,35,73,100
2018-08-06,7,2,12,35,62,62
2018-08-07,8,2,12,35,72,56
2018-08-08,9,3,11,36,67,53
2018-08-09,7,2,10,37,64,54
2018-08-10,8,2,9,33,64,57
2018-08-11,8,2,8,30,69,60
2018-08-12,7,2,11,36,67,54
2018-08-13,7,3,11,33,66,53
2018-08-14,8,3,11,32,73,52
2018-08-15,8,3,9,32,77,55
2018-08-16,8,2,10,29,69,51
2018-08-17,7,2,8,28,70,56
2018-08-18,7,2,9,30,67,54
2018-08-19,7,2,9,31,62,52
2018-08-20,7,2,10,33,60,51
2018-08-21,7,2,11,29,67,56
2018-08-22,8,2,9,30,66,55
2018-08-23,7,2,9,31,69,54
2018-08-24,7,2,8,32,71,58
2018-08-25,7,2,8,31,64,59
2018-08-26,7,2,10,34,65,53
2018-08-27,7,2,10,34,62,53
2018-08-28,8,2,10,35,67,57
2018-08-29,8,2,9,35,97,56
2018-08-30,8,2,8,34,66,72
2018-08-31,8,2,8,33,64,81
2018-09-01,8,2,7,30,63,93
2018-09-02,8,2,8,34,65,72
2018-09-03,8,3,10,34,61,62
2018-09-04,7,3,10,36,62,66
2018-09-05,9,3,8,35,59,77
2018-09-06,10,3,8,36,65,70
2018-09-07,8,2,8,33,63,70
2018-09-08,10,2,7,31,68,66
2018-09-09,7,2,9,32,68,61
2018-09-10,7,3,9,32,59,69
2018-09-11,7,3,9,34,100,69
2018-09-12,7,3,8,36,67,65
2018-09-13,7,3,7,35,63,68
2018-09-14,7,3,8,34,64,65
2018-09-15,13,2,7,32,64,57
2018-09-16,12,2,9,33,63,59
2018-09-17,7,3,9,36,59,62
2018-09-18,7,3,9,36,65,62
2018-09-19,7,3,8,35,69,60
2018-09-20,7,3,8,36,66,66
2018-09-21,8,3,7,35,66,69
2018-09-22,7,2,7,34,66,57
2018-09-23,7,2,8,33,67,55
2018-09-24,7,3,10,35,64,57
2018-09-25,12,3,8,36,67,59
2018-09-26,8,2,8,37,68,66
2018-09-27,8,3,7,35,70,62
2018-09-28,7,2,7,34,75,64
2018-09-29,7,2,7,33,64,58
2018-09-30,7,2,8,35,72,49
2018-10-01,7,2,9,37,61,57
2018-10-02,7,2,8,35,76,60
2018-10-03,7,2,8,36,72,61
2018-10-04,7,2,8,35,67,64
2018-10-05,7,2,7,36,63,64
2018-10-06,7,2,7,34,66,52
2018-10-07,6,1,8,32,60,54
2018-10-08,7,2,8,35,55,55
2018-10-09,7,2,8,42,62,59
2018-10-10,7,2,8,44,64,61
2018-10-11,8,2,8,42,66,62
2018-10-12,7,2,7,36,66,63
2018-10-13,7,2,7,36,70,57
2018-10-14,7,2,8,35,75,50
2018-10-15,8,2,10,36,61,57
2018-10-16,7,2,8,37,75,59
2018-10-17,7,2,7,37,72,61
2018-10-18,7,2,7,36,66,59
2018-10-19,7,2,7,33,65,63
2018-10-20,7,1,6,32,64,53
2018-10-21,7,2,8,34,72,49
2018-10-22,7,2,8,35,62,56
2018-10-23,7,2,8,37,74,63
2018-10-24,7,2,7,35,69,60
2018-10-25,7,2,7,38,63,64
2018-10-26,6,2,7,37,61,65
2018-10-27,6,1,7,37,58,50
2018-10-28,6,1,7,35,64,50
2018-10-29,7,2,7,39,58,58
2018-10-30,6,2,7,37,69,58
2018-10-31,7,2,7,39,65,58
2018-11-01,6,2,8,37,59,64
2018-11-02,6,2,7,34,76,66
2018-11-03,6,2,7,32,97,58
2018-11-04,6,2,8,34,81,49
2018-11-05,6,2,8,36,65,58
2018-11-06,6,2,7,37,66,59
2018-11-07,6,2,7,37,61,58
2018-11-08,6,2,7,36,66,59
2018-11-09,6,2,7,34,80,64
2018-11-10,6,1,7,33,71,50
2018-11-11,5,2,7,35,56,51
2018-11-12,6,2,8,35,55,54
2018-11-13,6,2,8,37,53,57
2018-11-14,8,2,7,37,50,61
2018-11-15,10,2,7,36,52,65
2018-11-16,8,2,6,33,51,65
2018-11-17,7,2,6,31,51,59
2018-11-18,6,2,7,35,48,57
2018-11-19,9,3,8,30,51,57
2018-11-20,14,3,7,33,51,58
2018-11-21,10,2,7,36,51,56
2018-11-22,7,2,6,33,48,54
2018-11-23,8,2,7,32,49,51
2018-11-24,8,2,7,31,47,48
2018-11-25,12,2,7,32,46,56
2018-11-26,10,2,8,34,49,55
2018-11-27,9,2,8,36,52,63
2018-11-28,9,2,7,36,51,59
2018-11-29,9,2,7,37,49,63
2018-11-30,7,2,7,35,49,64
2018-12-01,7,2,6,31,44,53
2018-12-02,8,2,7,33,47,50
2018-12-03,7,2,8,42,48,60
2018-12-04,8,2,8,67,52,62
2018-12-05,8,2,7,46,49,62
2018-12-06,8,2,6,39,46,64
2018-12-07,10,3,6,35,46,65
2018-12-08,8,2,6,34,46,52
2018-12-09,7,2,7,33,49,49
2018-12-10,8,2,7,34,49,55
2018-12-11,9,2,7,33,48,59
2018-12-12,14,2,7,32,45,55
2018-12-13,8,2,7,33,46,61
2018-12-14,7,2,6,34,49,65
2018-12-15,8,1,6,31,47,52
2018-12-16,7,1,7,33,49,47
2018-12-17,8,2,7,33,51,59
2018-12-18,8,2,7,34,51,62
2018-12-19,8,2,7,33,47,67
2018-12-20,9,2,7,33,45,65
2018-12-21,8,2,6,32,45,59
2018-12-22,8,1,6,31,47,59
2018-12-23,8,2,6,32,46,53
2018-12-24,9,2,6,33,42,51
2018-12-25,8,2,6,34,44,56
2018-12-26,7,2,8,31,49,56
2018-12-27,7,2,9,31,50,49
2018-12-28,7,2,9,31,52,49
2018-12-29,7,2,9,32,53,54
2018-12-30,6,2,9,31,53,50
2018-12-31,7,2,7,33,52,51
2019-01-01,6,2,9,33,52,49
2019-01-02,7,2,11,30,56,46
2019-01-03,7,2,10,31,54,47
2019-01-04,6,2,9,32,57,52
2019-01-05,7,2,9,32,55,52
2019-01-06,6,2,10,32,52,51
2019-01-07,7,2,10,31,51,52
2019-01-08,7,2,10,34,53,51
2019-01-09,6,2,9,34,53,55
2019-01-10,7,2,9,35,53,60
2019-01-11,6,2,8,35,51,61
2019-01-12,6,2,8,33,51,49
2019-01-13,6,2,10,33,52,47
2019-01-14,7,2,10,35,52,52
2019-01-15,6,2,9,35,52,63
2019-01-16,6,2,9,36,53,59
2019-01-17,6,2,8,34,50,58
2019-01-18,6,2,9,33,50,64
2019-01-19,6,1,8,33,51,56
2019-01-20,6,1,9,33,52,46
2019-01-21,6,2,10,35,55,51
2019-01-22,6,2,9,34,52,55
2019-01-23,6,2,9,36,51,59
2019-01-24,6,2,8,33,51,57
2019-01-25,6,1,7,34,48,66
2019-01-26,1,0,2,7,11,64
2019-01-27,1,0,2,8,11,70
2019-01-28,1,0,2,7,11,65
2019-01-29,1,0,2,8,11,69
2019-01-30,1,0,2,8,11,73
2019-01-31,1,0,2,7,11,70
2019-02-01,1,0,2,7,12,74
2019-02-02,1,0,2,7,11,63
2019-02-03,1,0,2,7,11,71
2019-02-04,1,0,2,7,11,69
2019-02-05,1,0,2,7,11,76
2019-02-06,1,0,2,8,11,77
2019-02-07,1,0,2,8,11,73
2019-02-08,1,0,2,7,10,77
2019-02-09,1,0,2,7,10,62
2019-02-10,1,0,2,7,11,62
2019-02-11,1,0,2,7,11,67
2019-02-12,1,0,2,8,10,69
2019-02-13,1,0,2,8,11,73
2019-02-14,1,0,2,8,10,76
2019-02-15,1,0,2,7,11,71
2019-02-16,1,0,2,7,11,63
2019-02-17,1,0,2,7,10,69
2019-02-18,1,1,2,7,11,62
2019-02-19,1,1,2,8,11,70
2019-02-20,1,1,2,7,11,66
2019-02-21,1,0,2,8,11,68
2019-02-22,1,0,2,7,11,76
2019-02-23,1,0,2,7,11,69
2019-02-24,2,0,2,7,11,63
2019-02-25,1,0,2,7,11,65
2019-02-26,1,0,2,8,10,73
2019-02-27,1,0,2,7,11,71
2019-02-28,1,1,2,7,11,72
2019-03-01,1,0,2,7,10,74
2019-03-02,1,0,2,7,10,61
2019-03-03,1,0,2,7,10,64
2019-03-04,1,0,2,8,10,68
2019-03-05,1,0,2,8,10,74
2019-03-06,1,0,2,7,11,68
2019-03-07,1,0,2,7,10,74
2019-03-08,1,0,2,7,10,76
2019-03-09,1,0,2,7,10,66
2019-03-10,1,0,2,7,10,62
2019-03-11,1,0,2,7,11,73
2019-03-12,1,0,2,8,10,70
2019-03-13,1,0,2,7,10,69
2019-03-14,1,0,2,8,10,73
2019-03-15,1,0,2,7,11,73
2019-03-16,1,0,2,7,10,70
2019-03-17,1,0,2,7,10,62
2019-03-18,1,0,2,8,11,69
2019-03-19,1,0,2,8,11,71
2019-03-20,1,0,2,8,11,100
2019-03-21,1,0,2,8,11,87
2019-03-22,1,0,2,8,11,91
2019-03-23,1,0,2,7,11,84
2019-03-24,1,0,2,7,11,72
2019-03-25,1,0,2,7,11,77
2019-03-26,1,0,2,8,11,75
2019-03-27,1,0,2,8,11,75
2019-03-28,1,0,2,8,11,86
2019-03-29,1,0,2,7,11,86
2019-03-30,1,0,2,7,11,70
2019-03-31,1,0,2,7,11,66
2019-04-01,1,0,2,7,11,77
2019-04-02,3,0,2,7,11,78
2019-04-03,3,1,2,7,11,90
2019-04-04,2,0,2,8,11,85
2019-04-05,2,0,2,7,10,88
2019-04-06,2,0,2,7,11,73
2019-04-07,2,0,2,7,11,70
2019-04-08,2,0,2,7,11,79
2019-04-09,2,0,2,7,10,71
2019-04-10,2,0,2,7,11,73
2019-04-11,2,0,2,7,10,80
2019-04-12,1,0,2,7,11,82
2019-04-13,1,0,2,7,10,68
2019-04-14,1,0,2,7,11,71
2019-04-15,1,0,2,7,10,72
2019-04-16,1,0,2,7,10,70
2019-04-17,1,0,2,7,19,72
2019-04-18,2,0,2,7,12,84
2019-04-19,1,0,2,7,11,73
2019-04-20,1,0,2,7,11,73
2019-04-21,1,0,2,9,10,76
2019-04-22,1,0,2,8,10,66
2019-04-23,2,0,2,8,10,73
2019-04-24,2,0,2,8,11,73
2019-04-25,2,0,2,8,10,71
2019-04-26,2,0,2,8,10,78
2019-04-27,4,0,2,7,10,69
2019-04-28,2,0,2,7,10,72
2019-04-29,2,0,2,7,11,70
2019-04-30,1,0,2,7,10,74
2019-05-01,1,0,2,7,11,79
2019-05-02,1,0,2,7,11,77
2019-05-03,2,0,2,7,11,78
2019-05-04,2,0,2,7,11,70
2019-05-05,2,0,2,7,11,67
2019-05-06,2,0,2,6,11,72
2019-05-07,2,0,2,7,12,71
2019-05-08,2,0,2,7,11,70
2019-05-09,2,0,2,7,12,74
2019-05-10,2,0,2,7,10,81
2019-05-11,3,0,2,7,11,70
2019-05-12,3,0,2,8,10,64
2019-05-13,3,1,2,8,11,71
2019-05-14,4,1,2,8,11,74
2019-05-15,3,1,2,8,11,78
2019-05-16,3,1,2,8,12,77
2019-05-17,3,1,2,8,11,90
2019-05-18,2,0,2,8,11,74
2019-05-19,3,0,2,8,11,71
2019-05-20,2,0,2,8,11,72
2019-05-21,2,0,2,8,11,76
2019-05-22,2,0,2,9,12,76
2019-05-23,2,0,2,8,11,74
2019-05-24,2,0,2,8,12,74
2019-05-25,2,0,2,7,12,66
2019-05-26,2,0,2,7,11,60
2019-05-27,3,1,2,7,11,61
2019-05-28,3,1,2,7,11,71
2019-05-29,2,0,2,6,12,77
2019-05-30,3,0,2,6,12,79
2019-05-31,2,0,2,6,11,74
2019-06-01,2,0,2,6,11,71
2019-06-02,2,0,2,6,11,62
2019-06-03,2,0,2,6,11,64
2019-06-04,3,0,2,5,11,73
2019-06-05,2,0,2,5,11,71
2019-06-06,2,0,2,6,11,67
2019-06-07,2,0,2,7,10,69
2019-06-08,2,0,2,7,11,65
2019-06-09,2,0,2,7,11,65
2019-06-10,2,0,2,7,11,67
2019-06-11,2,0,2,6,11,68
2019-06-12,2,0,2,7,11,61
2019-06-13,2,0,2,7,10,66
2019-06-14,2,0,2,7,11,66
2019-06-15,2,0,2,7,11,71
2019-06-16,3,0,2,8,11,63
2019-06-17,3,0,3,7,11,66
2019-06-18,3,0,3,7,12,66
2019-06-19,2,0,2,7,11,65
2019-06-20,2,0,2,7,10,63
2019-06-21,3,1,2,7,11,65
2019-06-22,5,1,2,7,11,69
2019-06-23,3,0,2,7,11,67
2019-06-24,3,1,3,7,11,59
2019-06-25,4,1,3,7,12,64
2019-06-26,6,1,2,7,11,62
2019-06-27,5,1,2,7,11,62
2019-06-28,4,0,2,7,11,65
2019-06-29,3,0,2,7,12,64
2019-06-30,3,0,2,7,11,64
2019-07-01,3,0,3,7,12,60
2019-07-02,3,0,3,7,15,58
2019-07-03,3,0,2,7,11,56
2019-07-04,3,0,2,6,12,64
2019-07-05,3,0,2,7,11,81
2019-07-06,2,0,2,7,11,73
2019-07-07,2,0,2,7,10,68
2019-07-08,3,0,3,7,10,60
2019-07-09,3,1,3,7,11,61
2019-07-10,3,1,2,7,11,60
2019-07-11,3,0,3,7,11,60
2019-07-12,3,0,2,7,11,65
2019-07-13,2,0,2,7,11,60
2019-07-14,2,0,2,6,11,63
2019-07-15,3,0,3,6,11,54
2019-07-16,3,0,2,7,11,60
2019-07-17,3,1,2,7,11,53
2019-07-18,3,0,2,7,11,57
2019-07-19,3,0,2,7,10,61
2019-07-20,2,0,2,7,11,61
2019-07-21,2,0,2,7,11,67
2019-07-22,2,0,3,8,11,57
2019-07-23,2,0,2,8,11,61
2019-07-24,2,0,2,8,11,56
2019-07-25,2,0,2,8,11,56
2019-07-26,2,0,2,7,11,59
2019-07-27,2,0,2,7,11,61
2019-07-28,2,0,2,8,12,65
2019-07-29,2,0,3,8,12,55
2019-07-30,2,0,2,8,11,54
2019-07-31,2,0,2,8,12,56
2019-08-01,2,0,2,8,11,55
2019-08-02,2,0,2,8,11,61
2019-08-03,2,0,2,7,11,59
2019-08-04,2,0,2,7,11,61
2019-08-05,3,0,3,8,11,56
2019-08-06,3,0,2,8,11,57
2019-08-07,2,0,2,8,11,57
2019-08-08,2,0,2,8,11,63
2019-08-09,2,0,2,7,11,65
2019-08-10,2,0,2,7,11,62
2019-08-11,2,0,2,7,11,64
2019-08-12,2,0,2,8,11,56
2019-08-13,2,0,2,7,11,61
2019-08-14,2,0,2,8,11,59
2019-08-15,3,0,2,7,12,57
2019-08-16,2,0,2,7,12,67
2019-08-17,2,0,2,6,12,69
2019-08-18,2,0,2,7,11,62
2019-08-19,2,0,2,7,11,60
2019-08-20,2,0,2,8,11,62
2019-08-21,2,0,2,8,12,64
2019-08-22,2,0,2,8,11,64
2019-08-23,2,0,2,8,11,68
2019-08-24,2,0,2,7,11,56
2019-08-25,2,0,2,8,11,64
2019-08-26,2,0,2,8,11,60
2019-08-27,2,0,2,8,11,64
2019-08-28,2,0,2,8,11,63
2019-08-29,2,0,2,8,11,66
2019-08-30,63,0,2,8,10,70
2019-08-31,100,0,2,7,11,57
2019-09-01,100,0,2,7,11,58
2019-09-02,81,0,2,8,11,52
2019-09-03,75,0,2,9,11,62
2019-09-04,85,0,2,8,11,60
2019-09-05,85,0,2,8,10,60
2019-09-06,72,0,2,8,11,70
2019-09-07,43,0,2,7,11,59
2019-09-08,43,0,2,8,10,54
2019-09-09,40,0,2,8,10,60
2019-09-10,38,0,2,8,11,65
2019-09-11,40,0,2,9,12,65
2019-09-12,40,0,2,9,11,70
2019-09-13,41,0,2,7,11,74
2019-09-14,40,0,2,7,11,60
2019-09-15,42,0,2,8,11,59
2019-09-16,38,1,2,8,11,63
2019-09-17,39,1,2,8,11,66
2019-09-18,37,1,2,8,11,66
2019-09-19,36,1,2,9,10,70
2019-09-20,33,0,2,8,11,76
2019-09-21,37,0,2,7,11,57
2019-09-22,33,0,2,8,10,54
2019-09-23,29,0,2,8,11,60
2019-09-24,26,1,2,9,11,68
2019-09-25,24,1,2,8,11,70
2019-09-26,21,0,2,8,11,65
2019-09-27,5,0,2,8,11,71
2019-09-28,2,0,2,7,10,60
2019-09-29,1,0,2,8,10,55
2019-09-30,2,0,2,8,11,61
2019-10-01,2,0,2,7,13,69
2019-10-02,2,0,2,8,13,68
2019-10-03,2,0,2,8,13,69
2019-10-04,1,0,2,8,11,73
2019-10-05,2,0,2,7,11,57
2019-10-06,2,0,2,8,11,59
2019-10-07,2,0,2,8,11,58
2019-10-08,2,0,2,9,11,67
2019-10-09,1,0,2,8,11,64
2019-10-10,2,0,2,8,11,71
2019-10-11,2,0,1,8,11,70
2019-10-12,1,0,1,8,10,58
2019-10-13,1,0,2,8,10,61
2019-10-14,1,0,2,8,11,60
2019-10-15,1,0,2,8,11,65
2019-10-16,1,0,2,8,11,62
2019-10-17,1,0,2,8,11,69
2019-10-18,1,0,2,8,12,73
2019-10-19,1,0,2,7,11,57
2019-10-20,1,0,2,7,10,57
2019-10-21,2,0,2,8,10,62
2019-10-22,3,0,2,8,10,67
2019-10-23,11,2,10,50,65,45
2019-10-24,10,2,10,48,63,46
2019-10-25,11,2,9,48,65,50
2019-10-26,18,2,8,44,63,38
2019-10-27,11,2,10,47,63,38
2019-10-28,12,2,11,50,64,43
2019-10-29,11,2,10,51,63,51
2019-10-30,10,3,11,50,61,47
2019-10-31,9,2,9,50,59,48
2019-11-01,9,2,9,47,64,48
2019-11-02,9,2,9,45,63,45
2019-11-03,8,2,11,44,61,42
2019-11-04,9,2,12,48,68,44
2019-11-05,9,2,10,50,64,44
2019-11-06,8,2,10,50,64,46
2019-11-07,9,2,10,47,65,46
2019-11-08,9,2,9,45,61,49
2019-11-09,8,2,9,43,59,40
2019-11-10,8,2,9,46,58,35
2019-11-11,9,2,10,45,67,42
2019-11-12,9,2,10,49,61,45
2019-11-13,8,2,9,50,64,48
2019-11-14,8,2,9,51,62,51
2019-11-15,9,2,8,45,60,48
2019-11-16,9,2,10,46,62,43
2019-11-17,9,2,10,56,66,39
2019-11-18,9,2,10,52,64,43
2019-11-19,10,2,10,50,64,45
2019-11-20,9,2,10,52,66,49
2019-11-21,10,2,9,51,64,52
2019-11-22,13,2,8,46,65,52
2019-11-23,10,2,8,50,64,37
2019-11-24,10,2,9,47,61,37
2019-11-25,13,3,9,46,61,44
2019-11-26,11,2,9,50,63,44
2019-11-27,11,2,8,50,63,40
2019-11-28,10,2,7,51,60,38
2019-11-29,10,2,8,46,60,39
2019-11-30,9,2,8,45,62,37
2019-12-01,9,2,8,49,59,34
2019-12-02,9,2,9,50,63,41
2019-12-03,9,2,9,52,61,42
2019-12-04,9,2,9,55,62,45
2019-12-05,9,2,8,54,61,44
2019-12-06,9,2,8,48,60,45
2019-12-07,8,2,8,44,59,38
2019-12-08,9,2,10,44,58,34
2019-12-09,8,2,9,50,59,43
2019-12-10,9,2,9,46,61,48
2019-12-11,8,2,9,46,59,48
2019-12-12,8,2,8,45,57,48
2019-12-13,8,2,8,43,61,51
2019-12-14,8,2,9,43,63,39
2019-12-15,9,2,9,41,60,35
2019-12-16,9,2,9,39,63,42
2019-12-17,10,3,9,40,61,46
2019-12-18,10,2,8,42,60,48
2019-12-19,10,2,8,40,60,50
2019-12-20,9,2,9,39,59,50
2019-12-21,9,1,8,40,63,39
2019-12-22,9,2,9,40,62,37
2019-12-23,10,2,9,40,61,32
2019-12-24,9,2,8,43,55,37
2019-12-25,8,2,8,43,63,39
2019-12-26,8,2,11,46,69,33
2019-12-27,8,2,12,41,70,35
2019-12-28,8,2,12,41,73,35
2019-12-29,8,2,13,42,69,42
2019-12-30,9,2,13,42,78,36
2019-12-31,9,2,10,43,73,38
2020-01-01,8,2,11,39,71,42
2020-01-02,9,2,14,39,73,42
2020-01-03,10,2,13,39,71,35
2020-01-04,9,2,11,39,66,42
2020-01-05,9,2,13,44,62,38
2020-01-06,10,3,14,42,65,40
2020-01-07,12,3,13,46,67,42
2020-01-08,14,2,13,45,67,44
2020-01-09,10,2,13,46,70,44
2020-01-10,10,2,12,43,68,49
2020-01-11,10,2,11,43,73,43
2020-01-12,8,2,14,44,69,42
2020-01-13,9,2,15,48,73,43
2020-01-14,13,3,13,51,68,45
2020-01-15,13,3,13,49,69,45
2020-01-16,10,2,13,47,69,48
2020-01-17,12,2,11,44,67,47
2020-01-18,10,2,11,44,72,45
2020-01-19,11,2,13,45,68,37
2020-01-20,10,2,14,47,68,33
2020-01-21,10,3,13,46,66,41
2020-01-22,9,2,13,49,72,47
2020-01-23,10,2,12,46,72,45
2020-01-24,9,2,10,40,65,48
2020-01-25,9,2,11,45,68,44
2020-01-26,8,2,12,43,65,42
2020-01-27,10,2,12,46,65,41
2020-01-28,11,2,11,48,62,47
2020-01-29,12,2,12,48,63,48
2020-01-30,12,3,11,49,65,48
2020-01-31,11,2,10,45,67,49
2020-02-01,10,2,11,43,66,42
2020-02-02,10,2,12,44,63,37
2020-02-03,10,3,12,47,63,43
2020-02-04,10,2,12,47,69,45
2020-02-05,11,3,11,48,61,46
2020-02-06,14,3,11,50,68,48
2020-02-07,13,3,11,44,66,49
2020-02-08,11,3,11,43,72,43
2020-02-09,15,3,13,45,63,43
2020-02-10,13,3,13,48,64,42
2020-02-11,13,3,12,48,66,45
2020-02-12,15,4,12,51,73,49
2020-02-13,14,4,11,49,67,48
2020-02-14,13,4,10,45,65,47
2020-02-15,12,4,10,44,67,41
2020-02-16,11,3,12,45,68,42
2020-02-17,11,4,14,51,68,32
2020-02-18,12,4,13,48,68,44
2020-02-19,13,4,13,47,69,46
2020-02-20,12,3,11,47,68,47
2020-02-21,11,3,11,45,65,49
2020-02-22,10,2,10,43,66,43
2020-02-23,10,3,12,45,64,43
2020-02-24,11,3,12,45,68,44
2020-02-25,11,3,11,46,68,45
2020-02-26,13,3,11,48,69,43
2020-02-27,12,3,11,45,66,44
2020-02-28,13,3,10,47,71,49
2020-02-29,10,2,9,43,66,39
2020-03-01,9,2,11,43,65,40
2020-03-02,10,3,12,48,67,43
2020-03-03,10,3,11,47,66,46
2020-03-04,10,3,10,49,66,45
2020-03-05,10,3,10,47,63,45
2020-03-06,11,3,9,46,66,50
2020-03-07,10,2,9,43,65,41
2020-03-08,10,2,10,48,60,40
2020-03-09,17,3,11,48,63,43
2020-03-10,13,3,10,51,61,44
2020-03-11,11,3,10,46,63,44
2020-03-12,24,4,9,47,61,44
2020-03-13,34,5,9,44,61,46
2020-03-14,21,3,9,49,64,39
2020-03-15,18,3,9,45,59,38
2020-03-16,22,3,7,53,55,36
2020-03-17,18,3,6,65,53,36
2020-03-18,16,3,7,67,55,34
2020-03-19,18,3,6,69,55,38
2020-03-20,20,3,5,67,57,38
2020-03-21,16,2,5,60,65,43
2020-03-22,14,2,5,56,58,34
2020-03-23,14,2,5,68,58,34
2020-03-24,16,2,5,67,59,37
2020-03-25,14,2,5,58,57,39
2020-03-26,13,2,4,69,57,36
2020-03-27,12,2,4,63,73,36
2020-03-28,13,2,4,62,67,35
2020-03-29,11,2,4,57,58,38
2020-03-30,12,2,5,68,56,36
2020-03-31,11,2,5,68,55,39
2020-04-01,11,2,4,66,56,35
2020-04-02,14,2,4,68,58,37
2020-04-03,13,2,4,65,64,35
2020-04-04,11,2,4,61,63,38
2020-04-05,10,2,4,53,66,35
2020-04-06,13,2,5,69,60,33
2020-04-07,14,3,5,71,58,36
2020-04-08,13,2,4,68,57,36
2020-04-09,11,2,4,70,57,35
2020-04-10,12,2,4,56,63,36
2020-04-11,11,2,4,64,62,37
2020-04-12,10,2,4,55,69,34
2020-04-13,12,2,5,77,61,35
2020-04-14,12,2,4,69,64,34
2020-04-15,11,2,5,67,61,36
2020-04-16,12,2,5,83,59,33
2020-04-17,11,2,4,85,61,36
2020-04-18,11,3,5,61,65,34
2020-04-19,10,3,5,53,85,38
2020-04-20,11,3,5,66,61,36
2020-04-21,12,3,5,60,63,35
2020-04-22,11,2,5,57,65,36
2020-04-23,13,3,5,49,64,35
2020-04-24,12,2,4,44,68,37
2020-04-25,11,3,5,45,66,34
2020-04-26,12,3,5,46,68,41
2020-04-27,13,3,5,53,65,35
2020-04-28,12,3,6,52,64,38
2020-04-29,19,4,6,54,64,36
2020-04-30,22,3,6,58,65,37
2020-05-01,17,3,6,50,62,39
2020-05-02,16,3,6,52,72,40
2020-05-03,16,3,6,49,70,38
2020-05-04,15,3,6,58,68,35
2020-05-05,15,3,6,57,71,36
2020-05-06,17,3,6,61,67,36
2020-05-07,20,3,6,54,68,39
2020-05-08,23,3,6,54,74,39
2020-05-09,19,3,6,51,71,39
2020-05-10,24,3,7,45,66,46
2020-05-11,25,3,7,61,65,47
2020-05-12,21,3,7,58,66,46
2020-05-13,17,3,7,53,66,42
2020-05-14,20,3,7,57,66,41
2020-05-15,17,3,7,56,65,39
2020-05-16,15,2,7,51,69,42
2020-05-17,15,3,8,45,71,41
2020-05-18,15,3,8,49,72,39
2020-05-19,14,3,8,48,71,41
2020-05-20,14,2,8,43,74,40
2020-05-21,15,3,8,41,80,42
2020-05-22,14,3,8,40,75,43
2020-05-23,13,2,8,36,75,48
2020-05-24,14,2,9,33,79,50
2020-05-25,14,3,9,35,73,49
2020-05-26,14,3,9,40,74,56
2020-05-27,14,3,9,43,75,52
2020-05-28,14,3,8,42,73,53
2020-05-29,13,3,8,44,73,54
2020-05-30,13,3,8,45,76,53
2020-05-31,12,3,9,46,74,49
2020-06-01,13,3,10,45,74,45
2020-06-02,19,4,9,70,74,46
2020-06-03,16,3,9,82,72,48
2020-06-04,14,3,9,77,71,46
2020-06-05,13,3,9,82,73,48
2020-06-06,13,2,9,75,74,48
2020-06-07,13,3,11,56,70,51
2020-06-08,12,3,12,98,74,50
2020-06-09,12,3,12,100,68,48
2020-06-10,14,3,11,85,71,48
2020-06-11,13,3,10,74,71,46
2020-06-12,12,3,10,67,70,48
2020-06-13,11,3,11,61,71,46
2020-06-14,10,3,12,48,70,49
2020-06-15,12,3,13,58,66,43
2020-06-16,12,3,12,53,70,45
2020-06-17,10,3,11,51,67,44
2020-06-18,11,3,10,49,66,41
2020-06-19,10,3,10,48,72,45
2020-06-20,10,2,10,44,77,47
2020-06-21,10,3,12,43,76,49
2020-06-22,11,3,13,44,71,43
2020-06-23,12,3,14,42,75,43
2020-06-24,12,3,13,43,77,43
2020-06-25,11,3,12,45,87,40
2020-06-26,11,3,12,44,81,48
2020-06-27,10,3,12,43,77,46
2020-06-28,10,3,14,40,73,47
2020-06-29,10,3,14,43,67,40
2020-06-30,10,3,12,42,71,40
2020-07-01,11,3,13,43,71,41
2020-07-02,11,3,11,43,76,44
2020-07-03,10,3,11,42,79,46
2020-07-04,10,3,11,42,81,47
2020-07-05,9,3,14,40,76,48
2020-07-06,10,3,15,41,73,43
2020-07-07,10,3,13,45,73,62
2020-07-08,12,3,13,45,76,100
2020-07-09,11,3,12,42,75,77
2020-07-10,10,3,11,42,74,62
2020-07-11,9,3,11,44,69,57
2020-07-12,9,3,14,44,71,53
2020-07-13,11,3,15,46,70,47
2020-07-14,9,3,14,52,71,48
2020-07-15,13,3,13,53,68,47
2020-07-16,13,3,12,55,67,47
2020-07-17,9,3,12,55,71,50
2020-07-18,9,3,11,53,71,62
2020-07-19,6,2,9,35,53,3
2020-07-20,6,2,10,46,45,2
2020-07-21,7,2,10,49,48,2
2020-07-22,7,2,9,49,46,2
2020-07-23,8,3,9,47,48,2
2020-07-24,8,3,8,48,48,2
2020-07-25,7,4,8,41,48,3
2020-07-26,10,5,9,38,55,3
2020-07-27,15,5,10,53,47,3
2020-07-28,17,4,10,52,46,2
2020-07-29,12,4,9,52,45,3
2020-07-30,11,3,9,44,48,2
2020-07-31,12,4,8,29,47,3
2020-08-01,14,5,8,35,50,3
2020-08-02,15,5,9,34,48,3
2020-08-03,12,4,9,50,45,2
2020-08-04,11,5,9,51,48,2
2020-08-05,11,4,9,56,49,2
2020-08-06,11,4,7,55,46,2
2020-08-07,11,4,8,53,46,2
2020-08-08,10,3,7,45,48,2
2020-08-09,10,3,9,37,49,2
2020-08-10,12,3,9,55,48,2
2020-08-11,11,3,9,54,48,2
2020-08-12,10,3,8,53,45,2
2020-08-13,10,4,8,53,51,2
2020-08-14,10,4,7,49,51,2
2020-08-15,10,4,7,42,48,2
2020-08-16,10,4,9,34,49,2
2020-08-17,12,4,9,34,49,2
2020-08-18,11,4,8,50,51,3
2020-08-19,10,3,7,51,46,2
2020-08-20,10,3,8,35,47,3
2020-08-21,9,3,7,37,49,3
2020-08-22,9,3,7,41,48,2
2020-08-23,8,3,7,34,46,2
2020-08-24,9,3,8,52,49,2
2020-08-25,9,3,7,53,47,2
2020-08-26,9,3,6,52,45,2
2020-08-27,9,2,7,55,50,3
2020-08-28,9,2,7,52,47,3
2020-08-29,7,2,6,43,46,2
2020-08-30,7,3,7,39,46,2
2020-08-31,8,3,7,54,47,2
2020-09-01,9,4,7,51,49,2
2020-09-02,9,5,7,54,49,3
2020-09-03,10,4,6,53,47,3
2020-09-04,12,4,6,50,46,3
2020-09-05,10,3,6,44,48,2
2020-09-06,9,3,6,37,45,2
2020-09-07,9,3,7,55,49,2
2020-09-08,9,3,7,53,45,2
2020-09-09,8,3,7,53,45,2
2020-09-10,8,3,6,53,45,2
2020-09-11,7,3,6,49,46,2
2020-09-12,7,2,6,43,45,2
2020-09-13,7,3,6,34,44,2
2020-09-14,7,3,7,59,46,2
2020-09-15,9,3,6,56,45,2
2020-09-16,8,3,6,55,46,3
2020-09-17,8,4,6,57,44,3
2020-09-18,7,3,5,54,47,3
2020-09-19,6,2,5,44,45,2
2020-09-20,6,2,6,38,43,2
2020-09-21,8,3,6,72,45,3
2020-09-22,7,3,6,67,44,3
2020-09-23,7,3,6,63,44,3
2020-09-24,7,3,5,61,44,3
2020-09-25,7,3,5,64,46,3
2020-09-26,6,2,5,49,46,3
2020-09-27,6,2,6,39,46,3
2020-09-28,7,2,6,65,44,2
2020-09-29,6,2,6,59,43,2
2020-09-30,6,2,5,61,44,2
2020-10-01,6,2,5,57,45,2
2020-10-02,7,2,5,54,51,2
2020-10-03,6,2,5,45,44,2
2020-10-04,6,2,6,39,44,2
2020-10-05,6,2,6,66,44,2
2020-10-06,6,2,6,62,45,2
2020-10-07,6,2,5,62,47,2
2020-10-08,6,2,5,55,44,2
2020-10-09,7,2,5,56,46,2
2020-10-10,9,2,5,45,44,2
2020-10-11,7,2,6,40,45,2
2020-10-12,7,2,6,62,46,2
2020-10-13,8,2,6,63,46,2
2020-10-14,6,2,5,55,45,2
2020-10-15,7,2,5,53,47,2
2020-10-16,7,2,5,51,47,2
2020-10-17,6,2,5,44,49,2
2020-10-18,6,2,5,37,44,2
2020-10-19,7,2,5,54,47,2
2020-10-20,8,2,5,52,42,2
2020-10-21,13,2,5,52,47,2
2020-10-22,13,3,5,51,48,2
2020-10-23,10,2,5,48,48,2
2020-10-24,8,2,5,40,42,2
2020-10-25,9,2,5,37,43,2
2020-10-26,10,2,5,46,45,2
2020-10-27,12,2,5,47,45,2
2020-10-28,12,2,5,35,45,2
2020-10-29,10,2,5,33,49,2
2020-10-30,10,2,4,36,45,2
2020-10-31,11,2,4,36,44,2
2020-11-01,10,2,5,35,41,2
2020-11-02,10,2,5,50,44,2
2020-11-03,9,2,4,49,46,2
2020-11-04,9,2,4,47,38,2
2020-11-05,14,3,4,44,43,2
2020-11-06,16,3,4,43,47,2
2020-11-07,12,3,4,38,44,2
2020-11-08,11,2,5,35,43,2
2020-11-09,12,2,5,48,49,2
2020-11-10,10,2,5,48,48,2
2020-11-11,11,3,5,49,47,2
2020-11-12,12,3,5,49,48,2
2020-11-13,13,3,4,49,48,2
2020-11-14,11,2,4,39,45,2
2020-11-15,9,2,4,37,45,2
2020-11-16,12,3,5,51,44,2
2020-11-17,17,3,5,49,41,2
2020-11-18,20,3,5,49,43,2
2020-11-19,16,3,5,49,46,2
2020-11-20,17,3,4,44,49,2
2020-11-21,18,4,4,40,46,2
2020-11-22,15,4,4,37,46,2
2020-11-23,15,5,5,56,48,2
2020-11-24,19,5,5,52,48,2
2020-11-25,16,4,4,52,46,2
2020-11-26,22,4,4,57,52,2
2020-11-27,15,3,4,53,51,2
2020-11-28,14,3,4,44,53,2
2020-11-29,13,3,5,39,46,2
2020-11-30,18,4,5,90,49,2
2020-12-01,19,4,5,100,49,2
2020-12-02,15,3,5,91,45,2
2020-12-03,14,3,5,93,51,2
2020-12-04,13,3,5,85,50,2
2020-12-05,11,3,5,65,47,2
2020-12-06,11,3,5,45,44,2
2020-12-07,12,3,5,90,46,2
2020-12-08,12,3,5,72,44,2
2020-12-09,13,3,6,49,47,2
2020-12-10,11,2,9,69,52,2
2020-12-11,12,2,6,58,50,2
2020-12-12,15,2,5,48,50,2
2020-12-13,13,2,5,36,46,2
2020-12-14,11,2,5,48,56,2
2020-12-15,12,3,5,39,46,2
2020-12-16,21,4,5,35,43,2
2020-12-17,34,5,5,35,49,2
2020-12-18,22,4,5,33,50,2
2020-12-19,20,3,5,32,48,2
2020-12-20,19,3,5,30,44,3
2020-12-21,19,3,5,31,46,4
2020-12-22,17,3,5,31,46,2
2020-12-23,17,3,4,33,40,2
2020-12-24,15,3,4,31,44,3
2020-12-25,18,3,4,32,46,3
2020-12-26,25,3,6,30,48,2
2020-12-27,32,5,6,31,52,2
2020-12-28,24,5,6,31,49,2
2020-12-29,19,4,6,31,46,2
2020-12-30,22,4,6,32,47,2
2020-12-31,24,4,5,32,47,2
2021-01-01,22,4,6,30,51,3
2021-01-02,40,6,6,30,50,8
2021-01-03,43,10,6,30,47,7
2021-01-04,37,12,6,35,47,4
2021-01-05,29,8,6,38,44,3
2021-01-06,34,8,5,38,43,3
2021-01-07,48,11,5,40,46,3
2021-01-08,47,9,5,37,49,4
2021-01-09,36,7,5,35,49,4
2021-01-10,37,9,6,34,49,3
2021-01-11,56,9,5,42,45,3
2021-01-12,39,7,6,46,46,3
2021-01-13,33,5,5,46,45,3
2021-01-14,34,6,6,44,49,3
2021-01-15,31,6,5,42,47,3
2021-01-16,28,6,6,36,47,3
2021-01-17,24,6,6,33,44,2
2021-01-18,23,5,6,41,46,2
2021-01-19,23,9,6,45,45,2
2021-01-20,22,7,5,47,45,3
2021-01-21,27,7,5,45,47,2
2021-01-22,30,6,6,44,45,2
2021-01-23,21,5,6,38,48,2
2021-01-24,19,6,6,33,45,3
2021-01-25,22,8,6,48,46,2
2021-01-26,20,6,6,47,45,2
2021-01-27,21,6,6,47,47,3
2021-01-28,22,6,6,46,47,24
2021-01-29,37,7,5,46,46,100
2021-01-30,23,6,6,41,47,36
2021-01-31,21,6,6,36,47,21
2021-02-01,20,5,6,49,42,17
2021-02-02,20,8,6,49,43,11
2021-02-03,22,11,6,48,45,9
2021-02-04,22,10,6,48,48,31
2021-02-05,19,9,6,46,45,17
2021-02-06,26,9,7,42,46,16
2021-02-07,20,8,7,39,46,33
2021-02-08,39,10,7,51,42,33
2021-02-09,45,10,9,52,46,20
2021-02-10,33,8,10,54,47,14
2021-02-11,31,7,7,53,46,11
2021-02-12,27,7,7,40,46,11
2021-02-13,26,7,7,41,45,8
2021-02-14,28,7,7,39,44,9
2021-02-15,28,7,7,53,45,10
2021-02-16,30,7,7,52,47,8
2021-02-17,34,7,8,50,48,7
2021-02-18,31,9,10,54,49,8
2021-02-19,36,9,17,52,47,7
2021-02-20,38,11,14,47,48,7
2021-02-21,36,9,12,41,46,8
2021-02-22,41,10,12,55,49,7
2021-02-23,50,11,10,55,50,6
2021-02-24,36,7,10,53,51,7
2021-02-25,28,7,9,54,46,6
2021-02-26,31,7,8,55,47,5
2021-02-27,27,6,8,53,47,5
2021-02-28,29,7,9,46,47,5
2021-03-01,29,6,10,71,47,5
2021-03-02,25,6,9,67,48,5
2021-03-03,25,6,8,62,46,5
2021-03-04,23,5,7,59,49,5
2021-03-05,22,5,7,61,49,5
2021-03-06,20,5,7,48,46,5
2021-03-07,21,7,8,41,48,5
2021-03-08,23,6,8,69,45,6
2021-03-09,27,7,9,68,45,5
2021-03-10,28,6,9,62,48,5
2021-03-11,25,6,8,41,50,5
2021-03-12,25,6,8,56,49,5
2021-03-13,33,7,8,43,49,6
2021-03-14,31,7,9,41,49,7
2021-03-15,27,6,8,68,51,5
2021-03-16,26,6,9,88,53,5
2021-03-17,23,5,8,70,51,5
2021-03-18,24,5,8,69,46,4
2021-03-19,20,5,7,63,46,4
2021-03-20,20,5,7,48,47,4
2021-03-21,21,5,9,42,47,4
2021-03-22,22,5,9,61,50,4
2021-03-23,22,5,8,59,47,3
2021-03-24,24,5,9,59,51,4
2021-03-25,28,5,7,55,49,4
2021-03-26,22,5,7,52,47,4
2021-03-27,21,5,7,42,48,4
2021-03-28,18,6,9,40,46,4
2021-03-29,22,5,9,56,45,3
2021-03-30,24,6,10,55,44,4
2021-03-31,22,6,10,54,44,3
2021-04-01,22,6,10,52,43,6
2021-04-02,22,8,11,40,42,5
2021-04-03,22,8,9,41,43,4
2021-04-04,21,6,10,38,43,4
2021-04-05,21,6,12,58,48,4
2021-04-06,20,6,11,55,46,4
2021-04-07,21,5,11,51,42,4
2021-04-08,20,6,10,51,46,4
2021-04-09,19,5,11,45,45,4
2021-04-10,23,6,12,41,44,4
2021-04-11,20,6,14,36,46,7
2021-04-12,21,6,20,39,48,5
2021-04-13,28,7,15,35,47,9
2021-04-14,31,9,12,39,48,27
2021-04-15,20,7,10,34,38,23
2021-04-16,21,6,10,34,38,98
2021-04-17,18,6,10,32,39,44
2021-04-18,34,7,11,31,38,31
2021-04-19,26,6,13,39,39,43
2021-04-20,24,6,17,39,41,52
2021-04-21,20,6,14,45,38,25
2021-04-22,23,8,11,40,39,21
2021-04-23,35,7,9,38,40,22
2021-04-24,25,5,9,35,42,16
2021-04-25,23,5,10,30,37,12
2021-04-26,26,5,9,37,37,12
2021-04-27,21,6,10,38,39,10
2021-04-28,19,7,9,37,38,17
2021-04-29,18,6,9,38,38,13
2021-04-30,18,6,10,33,39,12
2021-05-01,17,7,10,30,37,17
2021-05-02,15,7,10,28,36,16
2021-05-03,18,13,12,39,38,21
2021-05-04,19,13,11,34,38,53
2021-05-05,18,10,10,34,37,61
2021-05-06,17,10,10,36,41,38
2021-05-07,16,9,10,35,37,39
2021-05-08,17,11,12,30,38,67
2021-05-09,16,12,12,33,38,100
2021-05-10,18,15,13,30,38,46
2021-05-11,16,12,14,30,39,32
2021-05-12,17,13,12,25,37,25
2021-05-13,35,13,11,29,39,32
2021-05-14,22,11,11,30,40,36
2021-05-15,20,9,10,36,35,22
2021-05-16,23,10,12,35,38,20
2021-05-17,32,10,11,33,37,18
2021-05-18,23,8,10,32,37,16
2021-05-19,62,15,11,34,41,25
2021-05-20,40,11,10,35,40,19
2021-05-21,34,9,9,34,40,15
2021-05-22,31,8,8,32,38,12
2021-05-23,35,10,10,34,37,14
2021-05-24,34,9,10,43,39,13
2021-05-25,26,7,10,40,39,11
2021-05-26,23,7,9,35,39,10
2021-05-27,20,6,9,41,43,9
2021-05-28,22,6,8,44,43,8
2021-05-29,21,5,8,36,41,8
2021-05-30,20,6,9,34,41,8
2021-05-31,19,5,9,45,42,8
2021-06-01,18,5,10,35,41,9
2021-06-02,19,6,10,58,43,17
2021-06-03,18,5,9,55,43,16
2021-06-04,19,5,9,53,42,10
2021-06-05,17,5,9,43,43,9
2021-06-06,16,5,10,35,40,8
2021-06-07,17,5,10,69,44,7
2021-06-08,23,5,9,65,44,8
2021-06-09,23,5,9,59,44,7
2021-06-10,19,4,8,53,46,7
2021-06-11,16,4,8,46,41,7
2021-06-12,14,4,7,38,42,7
2021-06-13,15,4,9,32,47,7
2021-06-14,21,4,9,36,40,7
2021-06-15,17,4,9,39,42,6
2021-06-16,15,4,9,37,44,6
2021-06-17,14,4,8,33,40,6
2021-06-18,14,4,7,30,40,6
2021-06-19,13,4,7,30,38,6
2021-06-20,15,4,9,28,37,8
2021-06-21,21,6,9,29,41,11
2021-06-22,29,6,9,32,40,11
2021-06-23,20,4,8,31,41,8
2021-06-24,16,4,8,29,39,8
2021-06-25,16,4,7,31,40,8
2021-06-26,16,4,7,30,40,6
2021-06-27,15,4,9,30,38,6
2021-06-28,16,5,9,28,38,6
2021-06-29,15,5,8,30,37,6
2021-06-30,14,4,8,30,41,6
2021-07-01,13,4,8,29,40,14
2021-07-02,12,4,7,28,36,13
2021-07-03,12,4,7,30,39,11
2021-07-04,12,5,9,29,39,15
2021-07-05,13,5,9,28,40,13
2021-07-06,12,4,9,30,37,10
2021-07-07,11,5,9,31,37,8
2021-07-08,13,5,9,29,37,8
2021-07-09,12,5,8,29,39,8
2021-07-10,11,4,7,30,41,8
2021-07-11,10,4,8,29,36,6
2021-07-12,11,4,9,29,41,6
2021-07-13,11,5,9,32,38,6
2021-07-14,12,5,9,33,37,6
2021-07-15,12,4,9,34,40,6
2021-07-16,12,4,8,33,41,7
2021-07-17,12,4,8,32,43,7
2021-07-18,11,4,9,30,40,6
2021-07-19,13,4,9,31,38,6
2021-07-20,17,5,9,26,39,7
2021-07-21,15,4,8,33,40,8
2021-07-22,13,5,9,35,41,6
2021-07-23,12,4,8,36,42,6
2021-07-24,13,5,8,39,40,6
2021-07-25,13,4,9,30,38,6
2021-07-26,26,6,10,40,39,7
2021-07-27,17,5,9,44,38,6
2021-07-28,18,4,9,48,37,6
2021-07-29,14,5,9,43,38,5
2021-07-30,14,4,8,40,39,5
2021-07-31,15,5,8,37,55,5
2021-08-01,14,6,11,30,38,5
2021-08-02,14,5,9,43,38,5
2021-08-03,12,5,9,46,38,5
2021-08-04,12,6,9,50,38,5
2021-08-05,13,10,8,47,39,5
2021-08-06,15,7,8,43,39,5
2021-08-07,17,8,8,37,37,7
2021-08-08,17,7,9,33,38,8
2021-08-09,18,6,10,45,40,6
2021-08-10,16,7,9,45,40,6
2021-08-11,16,6,9,38,39,6
2021-08-12,15,6,8,48,40,6
2021-08-13,16,6,8,48,42,6
2021-08-14,14,6,8,39,39,6
2021-08-15,13,5,8,35,37,8
2021-08-16,15,6,9,46,38,8
2021-08-17,14,5,9,34,39,6
2021-08-18,14,5,8,51,43,6
2021-08-19,14,5,8,48,40,7
2021-08-20,16,5,8,52,42,6
2021-08-21,16,5,8,42,42,6
2021-08-22,13,5,8,39,42,6
2021-08-23,18,6,9,60,39,6
2021-08-24,15,6,9,46,44,6
2021-08-25,14,6,8,49,40,5
2021-08-26,14,5,8,49,40,5
2021-08-27,13,5,7,46,39,5
2021-08-28,13,5,7,40,39,5
2021-08-29,12,5,8,37,39,5
2021-08-30,12,5,9,45,39,5
2021-08-31,12,6,9,47,40,5
2021-09-01,12,8,8,49,38,5
2021-09-02,13,7,7,49,38,6
2021-09-03,12,8,7,43,39,5
2021-09-04,12,7,6,39,38,6
2021-09-05,12,6,7,35,37,6
2021-09-06,14,6,8,49,39,6
2021-09-07,23,8,8,50,41,6
2021-09-08,19,7,7,48,37,5
2021-09-09,14,6,7,47,40,5
2021-09-10,14,5,7,44,37,5
2021-09-11,12,5,6,40,38,4
2021-09-12,11,5,7,37,37,5
2021-09-13,14,5,7,50,39,4
2021-09-14,12,5,7,49,37,4
2021-09-15,13,5,7,50,36,4
2021-09-16,12,5,7,47,38,4
2021-09-17,11,5,7,46,40,5
2021-09-18,11,5,7,36,36,5
2021-09-19,9,5,8,34,37,4
2021-09-20,16,6,9,56,37,4
2021-09-21,17,6,8,49,37,4
2021-09-22,14,5,8,52,36,4
2021-09-23,12,5,7,50,38,4
2021-09-24,17,5,6,48,37,5
2021-09-25,13,5,6,40,35,4
2021-09-26,11,5,6,33,34,4
2021-09-27,12,5,8,49,39,4
2021-09-28,12,5,7,48,39,4
2021-09-29,12,5,7,49,36,4
2021-09-30,11,5,7,46,36,4
2021-10-01,14,5,7,43,37,4
2021-10-02,13,5,6,36,33,4
2021-10-03,12,5,7,32,35,4
2021-10-04,13,5,7,48,35,5
2021-10-05,15,6,8,45,37,6
2021-10-06,19,7,7,45,36,6
2021-10-07,17,6,7,45,37,7
2021-10-08,14,5,7,41,36,6
2021-10-09,13,5,6,35,36,6
2021-10-10,13,5,7,33,36,5
2021-10-11,17,5,7,43,35,5
2021-10-12,17,5,8,44,36,5
2021-10-13,14,5,8,46,39,6
2021-10-14,15,7,8,43,39,6
2021-10-15,24,7,7,39,38,6
2021-10-16,18,6,6,34,34,6
2021-10-17,15,6,8,32,36,5
2021-10-18,17,6,8,39,39,7
2021-10-19,21,6,8,38,38,6
2021-10-20,27,8,8,33,37,6
2021-10-21,23,9,8,43,38,6
2021-10-22,19,6,7,38,41,6
2021-10-23,15,5,6,32,38,6
2021-10-24,14,5,7,30,35,7
2021-10-25,15,6,8,38,38,7
2021-10-26,14,7,8,38,36,7
2021-10-27,17,7,8,40,36,9
2021-10-28,15,7,9,41,35,18
2021-10-29,14,9,9,38,35,13
2021-10-30,12,7,9,31,34,12
2021-10-31,13,7,8,34,32,10
2021-11-01,13,7,9,42,34,12
2021-11-02,14,9,10,43,36,11
2021-11-03,14,9,9,41,36,9
2021-11-04,13,8,9,40,38,8
2021-11-05,12,7,10,39,38,8
2021-11-06,11,6,9,32,37,7
2021-11-07,11,7,10,32,36,7
2021-11-08,18,9,10,38,41,8
2021-11-09,20,10,9,42,44,8
2021-11-10,17,8,9,40,41,7
2021-11-11,15,7,8,38,40,7
2021-11-12,16,6,8,37,40,6
2021-11-13,13,6,7,33,43,7
2021-11-14,12,6,9,31,42,7
2021-11-15,13,7,9,39,41,7
2021-11-16,20,8,9,41,42,7
2021-11-17,16,7,8,40,39,6
2021-11-18,15,7,7,41,41,6
2021-11-19,17,7,8,38,40,6
2021-11-20,13,6,7,32,38,6
2021-11-21,12,6,8,33,38,6
2021-11-22,15,6,8,44,39,5
2021-11-23,15,7,8,42,42,6
2021-11-24,14,6,8,46,37,5
2021-11-25,13,6,8,41,38,5
2021-11-26,18,7,8,40,39,5
2021-11-27,14,5,8,33,39,5
2021-11-28,14,6,8,35,40,5
2021-11-29,15,6,9,54,37,6
2021-11-30,14,7,9,53,44,6
2021-12-01,14,8,9,56,38,6
2021-12-02,12,6,8,57,43,7
2021-12-03,14,6,8,49,38,5
2021-12-04,31,9,8,39,40,6
2021-12-05,20,6,7,35,36,5
2021-12-06,20,7,8,56,36,5
2021-12-07,17,7,9,53,38,5
2021-12-08,15,6,8,51,36,5
2021-12-09,16,6,7,48,38,5
2021-12-10,16,6,7,45,39,5
2021-12-11,13,6,6,37,39,5
2021-12-12,13,6,7,34,37,5
2021-12-13,16,6,7,41,37,5
2021-12-14,18,7,8,40,40,12
2021-12-15,16,6,7,35,39,9
2021-12-16,15,6,7,35,40,6
2021-12-17,14,7,7,34,37,6
2021-12-18,13,6,7,31,38,5
2021-12-19,13,6,7,28,36,5
2021-12-20,15,5,7,31,37,5
2021-12-21,15,6,7,29,38,5
2021-12-22,14,6,7,30,36,5
2021-12-23,14,6,7,32,34,5
2021-12-24,16,6,6,30,35,6
2021-12-25,13,6,6,30,35,7
2021-12-26,13,6,9,28,39,6
2021-12-27,13,6,10,28,38,5
2021-12-28,15,6,10,30,42,5
2021-12-29,14,6,8,29,39,5
2021-12-30,14,6,8,30,36,5
2021-12-31,13,6,7,30,37,5
2022-01-01,15,7,10,32,40,7
2022-01-02,15,9,11,29,40,9
2022-01-03,14,10,11,31,42,7
2022-01-04,34,22,27,79,100,17
2022-01-05,14,8,9,26,34,6
2022-01-06,21,10,9,28,35,8
2022-01-07,24,12,10,33,42,10
2022-01-08,20,10,11,33,44,8
2022-01-09,19,11,11,31,41,8
2022-01-10,23,12,11,36,41,35
2022-01-11,20,12,11,39,44,34
2022-01-12,19,12,11,38,46,33
2022-01-13,34,22,22,76,95,69
2022-01-14,13,9,8,34,39,51
2022-01-15,15,11,11,36,46,50
2022-01-16,26,20,22,67,85,100
2022-01-17,13,9,10,36,37,34
2022-01-18,14,10,10,37,39,32
2022-01-19,14,10,10,36,41,34
2022-01-20,15,10,10,38,40,32
2022-01-21,31,14,11,37,42,31
2022-01-22,41,16,11,36,44,35
2022-01-23,30,13,12,40,45,30
2022-01-24,78,32,24,100,98,64
2022-01-25,24,12,10,39,38,27
2022-01-26,23,10,10,40,39,28
2022-01-27,20,10,9,36,41,26
2022-01-28,20,11,10,40,46,26
2022-01-29,18,10,10,35,46,28
2022-01-30,17,11,11,37,43,27
2022-01-31,19,11,10,35,41,26
2022-02-01,18,11,10,36,42,29
2022-02-02,17,11,10,42,43,26
2022-02-03,16,10,10,43,41,24
2022-02-04,21,13,10,41,46,26
2022-02-05,20,13,10,40,46,28
2022-02-06,16,10,11,35,42,26
2022-02-07,23,12,12,44,43,28
2022-02-08,21,11,11,48,44,27
2022-02-09,18,11,11,50,45,24
2022-02-10,16,10,9,36,38,21
2022-02-11,17,9,11,45,44,24
2022-02-12,16,9,10,37,44,24
2022-02-13,15,9,10,39,45,25
2022-02-14,16,9,10,56,43,23
2022-02-15,17,10,11,58,46,24
2022-02-16,15,10,11,53,46,23
2022-02-17,16,9,10,53,45,23
2022-02-18,18,8,10,54,47,30
2022-02-19,15,9,10,45,46,26
2022-02-20,17,9,11,41,45,24
2022-02-21,19,9,11,60,45,20
2022-02-22,20,9,11,57,44,21
2022-02-23,17,9,10,54,46,21
2022-02-24,32,11,9,53,45,23
2022-02-25,21,8,9,49,47,21
2022-02-26,17,8,9,42,46,21
2022-02-27,18,8,9,39,45,20
2022-02-28,23,9,9,41,48,22
2022-03-01,25,9,9,62,51,22
2022-03-02,20,8,9,50,54,22
2022-03-03,17,8,9,40,48,19
2022-03-04,18,7,9,50,48,19
2022-03-05,16,7,9,43,46,20
2022-03-06,15,7,10,41,45,19
2022-03-07,18,7,10,75,46,18
2022-03-08,15,7,9,61,46,18
2022-03-09,19,7,10,56,47,20
2022-03-10,17,7,9,60,46,18
2022-03-11,15,6,8,54,46,18
2022-03-12,14,6,9,48,46,19
2022-03-13,14,6,10,42,47,19
2022-03-14,15,7,9,68,45,18
2022-03-15,14,6,9,58,46,18
2022-03-16,16,6,9,54,48,17
2022-03-17,15,8,9,64,52,17
2022-03-18,13,8,8,62,49,19
2022-03-19,15,7,8,46,49,21
2022-03-20,13,6,9,40,47,18
2022-03-21,13,7,10,59,52,17
2022-03-22,15,8,9,53,50,19
2022-03-23,14,7,9,51,49,19
2022-03-24,16,8,9,50,49,22
2022-03-25,16,7,8,47,55,23
2022-03-26,14,6,8,43,60,20
2022-03-27,16,7,8,40,51,22
2022-03-28,20,9,8,53,45,22
2022-03-29,17,8,8,50,43,21
2022-03-30,16,8,8,52,45,20
2022-03-31,15,7,8,42,46,19
2022-04-01,15,7,8,39,45,20
2022-04-02,13,7,7,37,43,19
2022-04-03,12,8,9,39,48,20
2022-04-04,14,7,9,40,46,22
2022-04-05,13,7,9,42,44,28
2022-04-06,16,7,9,41,45,23
2022-04-07,14,7,8,44,44,21
2022-04-08,13,6,8,41,44,22
2022-04-09,12,6,7,40,43,20
2022-04-10,12,6,8,40,43,22
2022-04-11,17,7,9,45,41,21
2022-04-12,15,7,8,44,42,21
2022-04-13,14,6,8,44,43,20
2022-04-14,13,6,8,42,42,23
2022-04-15,13,6,8,39,44,23
2022-04-16,12,5,7,38,47,19
2022-04-17,11,5,8,39,44,19
2022-04-18,15,6,9,49,47,20
2022-04-19,13,6,9,44,45,20
2022-04-20,13,6,8,43,45,22
2022-04-21,13,6,8,40,45,20
2022-04-22,13,6,8,39,45,21
2022-04-23,12,5,8,37,44,19
2022-04-24,11,5,8,36,45,18
2022-04-25,15,6,8,37,47,33
2022-04-26,14,6,8,37,46,33
2022-04-27,13,6,8,36,46,23
2022-04-28,12,6,8,32,45,21
2022-04-29,13,6,7,31,46,22
2022-04-30,13,6,8,31,47,19
2022-05-01,13,8,8,27,46,19
2022-05-02,13,6,9,24,49,21
2022-05-03,12,6,8,28,48,20
2022-05-04,14,6,7,29,46,21
2022-05-05,17,6,8,31,45,19
2022-05-06,18,6,7,32,48,20
2022-05-07,15,6,7,34,46,18
2022-05-08,18,6,8,35,45,18
2022-05-09,31,8,9,41,48,20
2022-05-10,29,8,8,42,46,20
2022-05-11,34,9,9,45,48,25
2022-05-12,46,12,8,40,46,25
2022-05-13,33,9,8,40,49,26
2022-05-14,24,6,8,39,47,20
2022-05-15,21,5,8,34,47,18
2022-05-16,21,6,8,37,49,19
2022-05-17,19,6,8,45,47,19
2022-05-18,18,6,8,44,47,19
2022-05-19,17,6,7,45,47,19
2022-05-20,18,5,7,40,46,20
2022-05-21,15,5,7,40,44,20
2022-05-22,15,5,8,39,45,19
2022-05-23,17,5,8,45,44,19
2022-05-24,16,5,8,43,43,18
2022-05-25,14,5,8,40,45,17
2022-05-26,16,6,8,37,51,18
2022-05-27,15,6,7,44,48,20
2022-05-28,13,5,7,39,42,17
2022-05-29,13,5,8,43,45,17
2022-05-30,17,5,8,49,45,18
2022-05-31,17,5,8,44,47,19
2022-06-01,14,5,7,40,46,19
2022-06-02,14,5,7,50,48,17
2022-06-03,13,4,6,44,48,17
2022-06-04,12,4,6,42,46,16
2022-06-05,12,5,7,41,48,17
2022-06-06,15,5,8,54,47,16
2022-06-07,14,5,9,48,46,15
2022-06-08,14,5,8,47,45,15
2022-06-09,12,5,7,48,47,16
2022-06-10,14,5,7,42,47,15
2022-06-11,14,7,6,40,45,15
2022-06-12,19,7,8,37,45,16
2022-06-13,48,13,9,43,45,20
2022-06-14,39,10,8,39,44,18
2022-06-15,39,10,8,39,46,19
2022-06-16,30,7,8,37,47,19
2022-06-17,27,6,6,36,45,19
2022-06-18,47,10,7,36,44,19
2022-06-19,41,8,8,35,43,22
2022-06-20,33,7,8,34,43,18
2022-06-21,27,6,8,38,46,19
2022-06-22,23,5,7,38,45,17
2022-06-23,20,5,7,41,44,16
2022-06-24,20,5,7,38,44,17
2022-06-25,17,5,6,39,44,18
2022-06-26,16,5,7,37,43,18
2022-06-27,19,5,8,35,44,18
2022-06-28,17,4,7,34,45,17
2022-06-29,18,5,7,34,46,15
2022-06-30,22,5,7,35,46,15
2022-07-01,21,4,7,35,46,17
2022-07-02,17,4,7,35,50,16
2022-07-03,17,4,7,34,46,15
2022-07-04,17,5,7,34,44,17
2022-07-05,18,4,8,34,44,15
2022-07-06,17,5,7,34,46,14
2022-07-07,17,5,7,33,44,15
2022-07-08,17,4,7,33,45,14
2022-07-09,14,4,6,33,44,15
2022-07-10,14,4,7,30,46,14
2022-07-11,15,4,8,34,45,13
2022-07-12,16,4,7,33,47,13
2022-07-13,16,4,7,35,45,14
2022-07-14,16,4,7,35,45,13
2022-07-15,15,4,7,35,47,14
2022-07-16,14,5,6,36,47,14
2022-07-17,13,4,7,34,45,13
2022-07-18,17,7,8,47,45,14
2022-07-19,17,7,8,42,45,15
2022-07-20,19,6,8,39,42,15
2022-07-21,19,5,8,39,44,15
2022-07-22,16,5,6,37,45,14
2022-07-23,13,4,6,35,47,15
2022-07-24,12,4,7,36,46,15
2022-07-25,14,4,8,41,44,13
2022-07-26,15,5,7,46,45,14
2022-07-27,14,5,7,43,44,13
2022-07-28,16,5,7,42,43,14
2022-07-29,15,4,7,36,44,14
2022-07-30,14,5,6,36,44,15
2022-07-31,13,4,7,40,45,14
2022-08-01,15,4,8,44,45,14
2022-08-02,14,4,7,44,48,13
2022-08-03,13,4,7,46,48,14
2022-08-04,13,4,7,43,46,13
2022-08-05,13,4,7,39,44,14
2022-08-06,11,4,7,37,46,14
2022-08-07,11,4,7,42,44,15
2022-08-08,14,5,8,45,47,14
2022-08-09,13,5,7,45,44,17
2022-08-10,13,5,7,45,45,17
2022-08-11,15,6,7,43,44,16
2022-08-12,13,5,6,38,47,15
2022-08-13,13,5,6,35,47,15
2022-08-14,12,5,6,37,44,19
2022-08-15,13,5,7,38,43,17
2022-08-16,12,5,7,35,45,21
2022-08-17,13,5,7,32,46,17
2022-08-18,11,5,7,37,47,16
2022-08-19,16,5,6,37,47,16
2022-08-20,13,5,5,34,44,15
2022-08-21,12,4,6,37,45,14
2022-08-22,13,5,7,43,43,14
2022-08-23,12,5,7,45,43,14
2022-08-24,11,4,6,45,45,14
2022-08-25,10,4,6,44,43,15
2022-08-26,12,4,5,40,44,15
2022-08-27,13,4,5,36,46,14
2022-08-28,12,4,6,39,42,14
2022-08-29,14,4,6,43,42,14
2022-08-30,13,5,6,45,43,15
2022-08-31,12,5,6,44,42,14
2022-09-01,12,4,6,43,41,14
2022-09-02,11,5,5,40,48,15
2022-09-03,10,4,5,37,44,14
2022-09-04,11,4,5,42,42,14
2022-09-05,11,5,6,44,42,13
2022-09-06,13,6,6,46,42,13
2022-09-07,14,6,5,46,42,14
2022-09-08,12,5,5,46,42,14
2022-09-09,14,5,5,41,42,15
2022-09-10,12,5,5,38,43,15
2022-09-11,11,5,5,39,41,14
2022-09-12,13,7,6,45,40,13
2022-09-13,15,9,6,46,41,14
2022-09-14,13,12,5,46,42,16
2022-09-15,12,25,5,44,39,15
2022-09-16,13,10,5,43,42,15
2022-09-17,11,6,5,40,44,14
2022-09-18,11,6,6,40,40,13
2022-09-19,15,8,6,49,41,14
2022-09-20,13,7,6,50,44,13
2022-09-21,13,6,6,49,44,14
2022-09-22,13,6,6,49,45,15
2022-09-23,12,5,5,43,44,15
2022-09-24,11,4,5,38,44,15
2022-09-25,11,4,5,41,41,12
2022-09-26,13,5,6,51,44,13
2022-09-27,13,5,5,45,42,14
2022-09-28,12,4,5,49,43,14
2022-09-29,12,4,5,48,44,14
2022-09-30,12,4,5,42,42,15
2022-10-01,10,3,5,37,42,12
2022-10-02,9,3,5,39,39,12
2022-10-03,11,4,6,46,41,13
2022-10-04,11,4,6,46,44,16
2022-10-05,10,4,5,48,42,15
2022-10-06,10,4,6,46,44,15
2022-10-07,16,6,10,58,66,15
2022-10-08,13,5,8,50,64,14
2022-10-09,13,5,8,61,61,13
2022-10-10,15,6,8,70,63,13
2022-10-11,15,5,8,69,61,13
2022-10-12,15,6,8,72,64,14
2022-10-13,18,6,8,67,65,14
2022-10-14,16,6,7,61,65,15
2022-10-15,14,5,7,57,62,14
2022-10-16,13,5,8,56,59,13
2022-10-17,14,5,8,65,62,13
2022-10-18,15,5,8,65,65,14
2022-10-19,14,5,8,64,64,15
2022-10-20,14,6,8,61,63,14
2022-10-21,14,6,7,62,63,15
2022-10-22,13,5,7,54,59,13
2022-10-23,13,5,7,59,57,13
2022-10-24,14,5,7,67,62,14
2022-10-25,15,7,7,72,65,16
2022-10-26,18,8,7,68,70,22
2022-10-27,16,6,8,63,67,26
2022-10-28,15,6,7,57,64,28
2022-10-29,15,6,7,58,65,56
2022-10-30,13,6,8,59,63,38
2022-10-31,15,6,8,67,63,31
2022-11-01,14,6,8,68,64,43
2022-11-02,15,6,8,70,66,32
2022-11-03,14,6,8,68,63,25
2022-11-04,16,6,8,65,64,26
2022-11-05,15,5,7,57,62,23
2022-11-06,13,5,7,59,61,19
2022-11-07,15,6,8,69,66,21
2022-11-08,26,8,9,73,70,23
2022-11-09,44,12,9,70,68,21
2022-11-10,44,11,9,66,67,20
2022-11-11,32,8,8,64,66,19
2022-11-12,29,7,8,57,64,22
2022-11-13,28,7,8,59,63,17
2022-11-14,30,8,9,69,66,18
2022-11-15,25,7,8,69,68,17
2022-11-16,23,6,8,71,66,16
2022-11-17,21,6,7,69,64,17
2022-11-18,20,6,7,61,67,16
2022-11-19,17,5,7,60,65,15
2022-11-20,16,6,7,61,63,15
2022-11-21,23,7,7,71,64,15
2022-11-22,22,6,7,68,63,14
2022-11-23,19,5,7,67,62,16
2022-11-24,16,5,6,64,62,17
2022-11-25,16,5,6,55,65,17
2022-11-26,15,5,6,55,61,17
2022-11-27,14,5,7,65,63,20
2022-11-28,18,5,7,82,60,16
2022-11-29,16,5,7,83,62,17
2022-11-30,17,5,7,81,56,19
2022-12-01,17,6,7,83,59,16
2022-12-02,15,5,6,78,59,16
2022-12-03,14,4,6,67,61,15
2022-12-04,14,4,7,68,59,15
2022-12-05,16,6,7,100,57,17
2022-12-06,16,5,7,86,62,16
2022-12-07,15,5,7,85,61,15
2022-12-08,15,5,7,84,60,14
2022-12-09,14,5,6,72,58,14
2022-12-10,13,4,6,62,64,13
2022-12-11,14,5,7,58,62,14
2022-12-12,15,5,8,67,60,15
2022-12-13,18,6,8,62,59,16
2022-12-14,18,5,7,58,59,14
2022-12-15,17,5,7,59,59,14
2022-12-16,17,6,7,55,62,15
2022-12-17,16,5,8,54,62,14
2022-12-18,13,4,7,52,52,13
2022-12-19,16,5,8,53,59,13
2022-12-20,16,5,7,55,60,13
2022-12-21,15,5,7,59,61,14
2022-12-22,16,5,7,52,58,14
2022-12-23,14,5,7,51,61,14
2022-12-24,13,4,6,56,57,14
2022-12-25,13,4,7,54,58,16
2022-12-26,14,4,8,54,66,14
2022-12-27,14,4,8,54,64,14
2022-12-28,15,4,9,51,67,16
2022-12-29,14,4,9,52,63,17
2022-12-30,13,4,8,52,66,17
2022-12-31,12,4,7,53,63,16
2023-01-01,12,4,8,52,60,16
2023-01-02,14,5,10,53,69,14
2023-01-03,14,5,9,51,64,13
2023-01-04,14,5,9,55,64,14
2023-01-05,13,5,9,56,64,14
2023-01-06,14,5,8,58,68,16
2023-01-07,13,4,8,53,66,13
2023-01-08,12,4,9,54,67,14
2023-01-09,16,6,10,62,64,14
2023-01-10,15,5,9,64,64,15
2023-01-11,16,6,9,65,65,13
2023-01-12,23,6,9,61,63,16
2023-01-13,21,6,8,56,65,16
2023-01-14,30,7,9,53,70,17
2023-01-15,20,6,9,58,64,14
2023-01-16,24,7,10,68,67,14
2023-01-17,21,7,9,68,65,16
2023-01-18,21,6,9,66,62,16
2023-01-19,21,6,8,66,65,14
2023-01-20,21,6,8,58,65,16
2023-01-21,26,6,8,55,67,15
2023-01-22,21,6,9,51,67,15
2023-01-23,20,6,9,57,68,15
2023-01-24,19,6,9,67,66,16
2023-01-25,19,6,8,68,63,15
2023-01-26,22,6,8,65,63,15
2023-01-27,19,5,8,59,66,16
2023-01-28,16,5,8,54,66,14
2023-01-29,19,5,9,57,65,16
2023-01-30,21,6,9,64,63,16
2023-01-31,19,6,9,67,67,20
2023-02-01,20,5,8,66,66,17
2023-02-02,22,6,8,66,68,18
2023-02-03,18,5,8,61,64,18
2023-02-04,17,5,8,58,68,24
2023-02-05,17,5,9,61,66,24
2023-02-06,17,5,9,69,64,20
2023-02-07,16,6,9,69,64,20
2023-02-08,16,6,8,68,64,21
2023-02-09,17,6,8,64,66,18
2023-02-10,17,6,7,60,67,18
2023-02-11,15,5,7,53,64,17
2023-02-12,14,5,8,59,65,22
2023-02-13,16,5,9,68,66,24
2023-02-14,16,6,8,69,65,20
2023-02-15,19,6,8,71,66,24
2023-02-16,25,7,9,69,68,22
2023-02-17,19,6,8,57,63,19
2023-02-18,16,5,8,52,66,18
2023-02-19,17,5,9,61,68,17
2023-02-20,17,6,9,71,67,16
2023-02-21,18,6,9,74,65,17
2023-02-22,17,6,8,71,65,17
2023-02-23,19,6,8,70,64,16
2023-02-24,16,5,8,63,67,16
2023-02-25,15,5,8,56,70,15
2023-02-26,15,5,9,61,67,15
2023-02-27,16,7,9,70,66,15
2023-02-28,15,5,8,71,64,15
2023-03-01,15,5,8,70,67,14
2023-03-02,14,5,8,69,67,14
2023-03-03,18,6,8,64,72,16
2023-03-04,15,5,8,56,73,14
2023-03-05,13,5,9,59,66,15
2023-03-06,15,5,10,84,65,14
2023-03-07,14,5,9,83,69,14
2023-03-08,15,5,9,80,63,14
2023-03-09,17,5,8,73,65,14
2023-03-10,24,6,8,66,69,14
2023-03-11,19,6,7,59,70,13
2023-03-12,17,5,9,59,70,13
2023-03-13,29,7,9,79,66,14
2023-03-14,33,7,9,76,67,15
2023-03-15,24,6,8,74,66,14
2023-03-16,21,5,8,68,64,13
2023-03-17,28,6,8,62,64,15
2023-03-18,29,6,8,59,66,14
2023-03-19,27,7,9,53,64,14
2023-03-20,30,7,9,61,65,14
2023-03-21,28,6,9,56,67,15
2023-03-22,27,7,9,50,64,15
2023-03-23,25,6,8,50,66,15
2023-03-24,23,6,8,56,67,14
2023-03-25,19,5,7,56,73,13
2023-03-26,19,6,9,62,71,13
2023-03-27,22,6,10,75,67,13
2023-03-28,20,6,10,77,67,13
2023-03-29,22,6,8,69,67,13
2023-03-30,22,6,8,69,68,14
2023-03-31,20,6,8,64,68,17
2023-04-01,18,5,7,62,63,17
2023-04-02,18,5,9,64,63,16
2023-04-03,19,6,9,73,63,64
2023-04-04,21,6,9,69,66,100
2023-04-05,22,7,8,68,64,50
2023-04-06,18,6,8,64,64,35
2023-04-07,17,6,8,58,63,24
2023-04-08,16,5,7,56,67,19
2023-04-09,15,5,8,59,75,17
2023-04-10,20,6,9,71,71,17
2023-04-11,29,7,9,66,68,17
2023-04-12,25,9,9,64,66,15
2023-04-13,22,9,8,59,67,17
2023-04-14,24,10,8,58,66,19
2023-04-15,18,7,8,53,67,19
2023-04-16,17,6,9,51,68,19
2023-04-17,20,7,9,49,70,21
2023-04-18,18,6,9,49,72,20
2023-04-19,20,7,8,48,70,19
2023-04-20,19,6,8,51,68,19
2023-04-21,18,6,8,45,70,17
2023-04-22,17,5,8,40,72,16
2023-04-23,16,6,9,45,70,16
2023-04-24,19,6,9,45,74,14
2023-04-25,17,6,9,46,70,15
2023-04-26,22,5,8,50,71,16
2023-04-27,20,6,9,52,69,15
2023-04-28,18,5,9,53,71,15
2023-04-29,15,5,8,50,72,14
2023-04-30,16,5,9,51,68,15
2023-05-01,18,6,10,57,71,16
2023-05-02,18,5,9,56,67,15
2023-05-03,17,6,9,64,69,14
2023-05-04,16,6,9,62,69,16
2023-05-05,16,6,8,61,67,17
2023-05-06,15,6,7,56,71,14
2023-05-07,15,6,9,58,69,14
2023-05-08,19,6,10,68,76,15
2023-05-09,17,6,9,71,74,14
2023-05-10,18,6,9,71,76,15
2023-05-11,17,6,8,70,73,14
2023-05-12,17,6,7,67,71,15
2023-05-13,14,5,7,56,72,14
2023-05-14,14,5,8,59,75,13
2023-05-15,15,5,9,66,77,14
2023-05-16,15,6,9,68,69,13
2023-05-17,15,5,8,59,67,14
2023-05-18,15,5,9,56,73,14
2023-05-19,14,5,7,62,71,15
2023-05-20,13,4,7,57,67,14
2023-05-21,13,5,8,62,67,13
2023-05-22,14,5,9,66,66,13
2023-05-23,14,5,9,67,66,14
2023-05-24,14,5,8,67,66,13
2023-05-25,15,5,8,68,71,14
2023-05-26,14,5,8,62,67,14
2023-05-27,12,4,7,61,71,15
2023-05-28,13,4,8,67,71,13
2023-05-29,15,5,9,77,67,13
2023-05-30,14,5,9,74,68,13
2023-05-31,15,5,9,67,68,14
2023-06-01,14,5,8,54,67,15
2023-06-02,14,5,8,58,70,14
2023-06-03,13,4,7,63,71,13
2023-06-04,13,5,9,69,69,13
2023-06-05,17,6,11,89,70,12
2023-06-06,19,5,10,85,69,13
2023-06-07,17,5,10,78,67,13
2023-06-08,14,5,9,78,60,12
2023-06-09,14,4,8,69,65,12
2023-06-10,18,5,8,65,73,14
2023-06-11,14,4,10,58,69,14
2023-06-12,15,5,11,67,67,13
2023-06-13,14,5,10,60,69,12
2023-06-14,15,5,10,58,70,13
2023-06-15,17,5,9,55,70,13
2023-06-16,16,5,8,52,70,13
2023-06-17,14,4,8,53,71,13
2023-06-18,13,4,9,51,67,14
2023-06-19,15,5,11,52,68,14
2023-06-20,17,5,9,53,68,12
2023-06-21,28,6,9,53,71,13
2023-06-22,23,6,9,51,67,13
2023-06-23,22,5,8,55,69,13
2023-06-24,19,4,9,53,69,13
2023-06-25,17,5,10,53,67,13
2023-06-26,17,5,11,52,65,11
2023-06-27,18,5,10,53,69,12
2023-06-28,17,5,10,48,69,11
2023-06-29,17,5,10,48,71,12
2023-06-30,19,5,9,50,66,12
2023-07-01,15,4,9,52,72,13
2023-07-02,15,4,11,53,71,12
2023-07-03,17,6,10,50,70,11
2023-07-04,16,5,9,46,62,25
2023-07-05,15,4,9,48,57,25
2023-07-06,16,5,9,49,60,25
2023-07-07,15,4,8,50,62,25
2023-07-08,12,4,8,48,63,26
2023-07-09,13,4,9,42,60,25
2023-07-10,15,4,11,42,60,23
2023-07-11,14,4,9,41,61,22
2023-07-12,14,4,9,43,61,24
2023-07-13,17,5,9,42,60,29
2023-07-14,18,6,9,43,62,29
2023-07-15,14,4,9,43,62,31
2023-07-16,13,4,9,42,59,26
2023-07-17,15,5,11,44,59,24
2023-07-18,14,5,10,45,60,23
2023-07-19,15,5,9,42,59,25
2023-07-20,14,4,9,45,57,27
2023-07-21,13,4,8,45,59,29
2023-07-22,12,4,8,42,60,28
2023-07-23,12,4,9,46,59,29
2023-07-24,14,4,10,51,59,33
2023-07-25,14,4,10,52,56,41
2023-07-26,13,4,8,50,57,34
2023-07-27,13,4,10,50,57,28
2023-07-28,12,5,8,48,60,28
2023-07-29,12,4,8,48,61,30
2023-07-30,11,4,9,47,58,28
2023-07-31,12,4,10,53,58,27
2023-08-01,13,4,9,52,59,26
2023-08-02,14,4,10,53,61,25
2023-08-03,12,4,9,51,62,25
2023-08-04,12,4,8,48,63,26
2023-08-05,11,4,8,45,69,28
2023-08-06,12,4,9,47,65,26
2023-08-07,12,4,9,49,59,25
2023-08-08,13,4,9,49,60,24
2023-08-09,13,4,8,50,62,23
2023-08-10,13,4,8,53,60,25
2023-08-11,17,4,8,46,64,25
2023-08-12,14,4,7,43,60,26
2023-08-13,12,4,8,44,61,25
2023-08-14,13,4,9,46,62,23
2023-08-15,13,4,8,47,62,25
2023-08-16,14,4,9,42,63,24
2023-08-17,20,5,8,41,66,25
2023-08-18,23,5,8,43,66,28
2023-08-19,18,4,7,43,65,70
2023-08-20,15,4,7,44,63,68
2023-08-21,16,4,8,50,61,44
2023-08-22,15,5,9,52,59,37
2023-08-23,15,5,8,53,66,31
2023-08-24,15,4,7,50,64,30
2023-08-25,13,4,7,47,62,29
2023-08-26,12,4,7,43,61,26
2023-08-27,12,4,7,49,62,25
2023-08-28,14,4,8,51,62,25
2023-08-29,18,5,8,54,60,28
2023-08-30,15,5,7,50,57,28
2023-08-31,14,5,7,51,60,27
2023-09-01,15,4,7,46,57,26
2023-09-02,12,3,6,42,56,25
2023-09-03,12,3,7,47,56,26
2023-09-04,12,4,8,54,58,24
2023-09-05,12,4,7,55,58,26
2023-09-06,12,4,8,57,57,26
2023-09-07,12,4,8,55,57,27
2023-09-08,13,4,7,49,54,27
2023-09-09,10,3,6,45,59,24
2023-09-10,10,3,7,48,57,25
2023-09-11,13,4,7,52,55,24
2023-09-12,14,5,7,52,56,25
2023-09-13,13,4,7,54,58,24
2023-09-14,13,4,7,52,56,29
2023-09-15,13,4,7,52,57,29
2023-09-16,11,4,7,45,57,24
2023-09-17,10,4,7,49,59,23
2023-09-18,14,6,8,57,60,25
2023-09-19,13,4,7,57,60,26
2023-09-20,13,4,7,57,59,24
2023-09-21,13,4,6,58,57,26
2023-09-22,12,4,7,54,61,28
2023-09-23,10,4,6,47,62,23
2023-09-24,10,4,7,49,61,22
2023-09-25,12,4,8,62,63,23
2023-09-26,11,4,7,58,66,23
2023-09-27,12,4,7,53,65,23
2023-09-28,12,5,7,46,66,25
2023-09-29,12,4,7,51,64,25
2023-09-30,11,4,6,51,70,22
2023-10-01,12,4,7,48,66,22
2023-10-02,16,5,7,59,60,22
2023-10-03,13,4,7,57,63,22
2023-10-04,12,4,7,56,61,23
2023-10-05,12,4,7,58,62,23
2023-10-06,12,4,6,52,57,24
2023-10-07,12,3,7,45,61,22
2023-10-08,15,3,7,48,64,21
2023-10-09,14,4,7,58,60,21
2023-10-10,12,4,7,56,60,22
2023-10-11,12,4,6,57,59,22
2023-10-12,12,4,6,53,59,21
2023-10-13,12,4,6,48,68,22
2023-10-14,11,3,6,46,100,23
2023-10-15,10,3,7,47,68,22
2023-10-16,17,4,7,52,58,22
2023-10-17,14,4,6,53,57,23
2023-10-18,13,4,7,53,58,23
2023-10-19,13,4,6,51,59,22
2023-10-20,18,5,6,48,60,23
2023-10-21,15,3,6,45,60,23
2023-10-22,14,3,6,49,59,22
2023-10-23,24,5,7,52,61,26
2023-10-24,39,7,7,54,61,28
2023-10-25,26,5,6,53,60,27
2023-10-26,22,5,6,52,57,31
2023-10-27,19,5,6,47,58,28
2023-10-28,16,4,6,45,57,23
2023-10-29,16,4,6,45,58,23
2023-10-30,18,5,6,51,58,29
2023-10-31,16,5,6,53,56,23
2023-11-01,17,6,7,53,53,23
2023-11-02,20,5,6,52,54,27
2023-11-03,18,4,6,50,54,26
2023-11-04,15,4,6,41,58,23
2023-11-05,15,5,7,47,59,22
2023-11-06,17,5,7,53,58,26
2023-11-07,17,5,7,55,58,24
2023-11-08,17,5,6,55,58,23
2023-11-09,28,8,7,52,59,29
2023-11-10,22,8,7,49,58,28
2023-11-11,18,6,6,49,63,29
2023-11-12,15,5,7,50,59,25
2023-11-13,17,5,7,58,64,26
2023-11-14,18,6,6,55,65,26
2023-11-15,19,6,6,55,63,26
2023-11-16,18,5,6,53,63,29
2023-11-17,17,5,6,48,65,33
2023-11-18,15,4,6,47,65,29
2023-11-19,14,5,6,48,62,25
2023-11-20,18,5,7,57,62,26
2023-11-21,18,6,8,58,61,24
2023-11-22,19,6,8,55,63,24
2023-11-23,16,5,6,53,66,22
2023-11-24,18,5,6,48,69,23
2023-11-25,15,4,6,43,63,23
2023-11-26,16,4,6,50,61,22
2023-11-27,15,5,6,62,62,23
2023-11-28,16,5,7,61,59,24
2023-11-29,17,5,6,63,59,26
2023-11-30,15,5,6,64,59,27
2023-12-01,17,6,6,58,60,29
2023-12-02,19,5,6,51,66,25
2023-12-03,20,6,6,52,58,25
2023-12-04,35,9,7,77,61,31
2023-12-05,33,8,6,71,64,32
2023-12-06,33,7,6,69,62,47
2023-12-07,26,7,6,65,60,35
2023-12-08,26,7,6,60,63,39
2023-12-09,21,6,6,66,64,33
2023-12-10,18,6,6,52,74,32
2023-12-11,26,6,7,60,63,31
2023-12-12,21,6,7,57,65,31
2023-12-13,21,6,6,53,64,28
2023-12-14,21,6,6,49,64,30
2023-12-15,20,6,6,46,68,30
2023-12-16,18,5,6,45,67,30
2023-12-17,19,5,6,44,61,28
2023-12-18,20,6,7,42,59,27
2023-12-19,20,6,7,44,59,30
2023-12-20,20,6,6,44,59,28
2023-12-21,21,6,7,43,59,30
2023-12-22,21,6,7,44,61,30
2023-12-23,18,5,6,44,59,27
2023-12-24,18,5,6,46,57,27
2023-12-25,18,5,6,44,60,28
2023-12-26,19,5,9,44,66,26
2023-12-27,21,6,9,44,63,27
2023-12-28,19,6,10,44,63,27
2023-12-29,19,6,9,44,63,26
2023-12-30,17,5,8,42,66,24
2023-12-31,15,5,7,45,60,26
2024-01-01,18,5,8,45,58,25
2024-01-02,29,6,9,43,63,30
2024-01-03,29,6,9,46,63,26
2024-01-04,25,6,9,46,62,26
2024-01-05,24,5,8,47,64,25
2024-01-06,20,5,8,43,65,25
2024-01-07,19,5,9,45,64,26
2024-01-08,32,6,9,47,58,28
2024-01-09,36,6,9,50,61,27
2024-01-10,45,9,9,49,60,28
2024-01-11,52,12,8,51,58,32
2024-01-12,34,9,9,48,60,30
2024-01-13,26,7,7,49,63,26
2024-01-14,20,6,9,45,60,24
2024-01-15,22,6,10,49,61,23
2024-01-16,21,6,9,53,60,26
2024-01-17,20,8,9,51,61,25
2024-01-18,21,6,8,50,59,26
2024-01-19,22,6,8,47,63,25
2024-01-20,17,5,7,44,63,26
2024-01-21,16,5,9,45,61,33
2024-01-22,21,6,9,49,60,26
2024-01-23,25,6,8,50,60,26
2024-01-24,21,5,8,52,62,27
2024-01-25,18,5,8,50,56,25
2024-01-26,20,6,10,46,60,29
2024-01-27,17,5,9,42,61,26
2024-01-28,15,5,10,44,57,23
2024-01-29,18,5,10,48,59,26
2024-01-30,19,6,10,52,63,27
2024-01-31,19,6,9,48,58,27
2024-02-01,17,6,8,49,55,26
2024-02-02,16,6,9,47,59,28
2024-02-03,15,5,8,42,64,24
2024-02-04,15,5,10,43,61,24
2024-02-05,16,6,11,51,56,25
2024-02-06,15,6,10,50,59,25
2024-02-07,16,6,9,43,57,25
2024-02-08,20,7,9,39,60,26
2024-02-09,26,7,9,41,60,29
2024-02-10,22,6,9,41,61,27
2024-02-11,22,6,9,46,64,26
2024-02-12,31,8,8,49,61,26
2024-02-13,32,8,9,48,60,28
2024-02-14,33,8,8,42,59,31
2024-02-15,31,8,10,48,59,32
2024-02-16,24,7,10,43,59,30
2024-02-17,21,6,9,42,59,27
2024-02-18,20,6,10,44,60,26
2024-02-19,24,9,12,52,60,28
2024-02-20,23,9,10,55,57,29
2024-02-21,23,8,10,53,57,26
2024-02-22,21,9,10,51,59,28
2024-02-23,20,7,9,45,59,28
2024-02-24,18,7,9,43,61,27
2024-02-25,18,8,10,47,60,27
2024-02-26,27,11,11,51,57,29
2024-02-27,45,13,10,52,63,40
2024-02-28,70,16,11,53,60,57
2024-02-29,61,15,10,53,60,67
2024-03-01,39,12,9,47,59,68
2024-03-02,32,9,9,45,62,66
2024-03-03,30,9,11,45,67,56
2024-03-04,65,15,11,60,58,90
2024-03-05,69,17,11,59,65,100
2024-03-06,53,15,10,59,60,64
2024-03-07,41,13,10,54,63,55
2024-03-08,46,14,10,48,63,60
2024-03-09,37,11,10,41,69,62
2024-03-10,38,11,13,38,74,55
2024-03-11,57,14,13,38,65,59
2024-03-12,47,13,12,38,68,51
2024-03-13,45,14,12,42,69,48
2024-03-14,40,12,12,43,67,60
2024-03-15,47,11,10,43,69,50
2024-03-16,37,8,10,41,75,46
2024-03-17,35,8,10,44,76,41
2024-03-18,35,10,11,57,71,42
2024-03-19,44,11,12,55,75,40
2024-03-20,39,12,10,57,77,39
2024-03-21,34,9,10,54,76,42
2024-03-22,31,8,9,51,70,39
2024-03-23,26,7,9,45,76,43
2024-03-24,24,7,11,42,80,42
2024-03-25,35,9,11,55,68,46
2024-03-26,30,9,10,50,66,43
2024-03-27,31,9,10,52,67,43
2024-03-28,29,8,9,47,66,75
2024-03-29,26,8,10,42,70,56
2024-03-30,23,6,8,38,66,6
2024-03-31,21,6,8,37,68,7
2024-04-01,26,6,10,42,66,6
2024-04-02,31,7,9,38,62,6
2024-04-03,25,6,9,37,62,5
2024-04-04,25,6,9,34,67,5
2024-04-05,23,6,8,34,65,5
2024-04-06,20,6,7,33,69,5
2024-04-07,23,6,9,31,65,5
2024-04-08,29,8,10,30,90,6
2024-04-09,25,7,9,29,69,5
2024-04-10,24,6,8,26,61,5
2024-04-11,23,6,8,31,56,5
2024-04-12,29,6,8,30,59,5
2024-04-13,35,7,7,33,57,5
2024-04-14,35,7,8,34,62,5
2024-04-15,31,7,9,33,58,5
2024-04-16,29,6,8,36,57,5
2024-04-17,30,6,8,37,54,4
2024-04-18,31,6,8,38,59,5
2024-04-19,43,6,8,39,56,5
2024-04-20,39,6,8,36,53,5
2024-04-21,25,5,8,38,54,4
2024-04-22,27,6,9,43,52,4
2024-04-23,23,6,8,46,50,4
2024-04-24,22,6,8,44,56,4
2024-04-25,22,6,8,45,56,4
2024-04-26,20,5,8,40,53,5
2024-04-27,18,5,9,41,54,4
2024-04-28,17,5,12,40,56,4
2024-04-29,20,6,13,46,54,4
2024-04-30,24,6,8,43,55,4
2024-05-01,31,6,8,42,54,5
2024-05-02,25,6,8,42,55,4
2024-05-03,22,5,8,40,57,4
2024-05-04,21,5,8,38,55,5
2024-05-05,19,5,8,39,54,4
2024-05-06,21,5,9,47,55,5
2024-05-07,19,6,8,44,55,4
2024-05-08,18,6,8,42,56,4
2024-05-09,17,5,8,37,53,4
2024-05-10,19,5,7,40,58,4
2024-05-11,16,4,7,41,58,4
2024-05-12,16,4,7,38,58,3
2024-05-13,19,5,8,47,57,4
2024-05-14,18,5,9,47,58,8
2024-05-15,20,5,8,45,55,76
2024-05-16,21,5,8,45,59,15
2024-05-17,20,6,8,42,63,5
2024-05-18,17,5,8,38,59,4
2024-05-19,16,4,8,41,56,4
2024-05-20,22,8,9,45,60,4
2024-05-21,28,15,9,46,59,5
2024-05-22,22,11,9,41,61,4
2024-05-23,21,24,9,35,56,4
2024-05-24,19,14,8,38,56,33
2024-05-25,16,7,7,38,54,19
2024-05-26,16,7,8,40,57,9
2024-05-27,17,9,10,51,57,7
2024-05-28,18,8,13,52,55,6
2024-05-29,17,7,9,50,57,6
2024-05-30,17,6,8,49,53,6
2024-05-31,16,6,8,42,56,5
2024-06-01,14,5,8,37,52,5
2024-06-02,14,5,8,44,56,4
2024-06-03,18,6,10,57,54,4
2024-06-04,17,6,9,50,51,4
2024-06-05,22,7,10,51,54,5
2024-06-06,19,7,9,49,55,5
2024-06-07,21,7,8,47,57,5
2024-06-08,18,5,8,42,58,4
2024-06-09,16,5,9,37,55,4
2024-06-10,17,6,9,49,55,4
2024-06-11,19,6,10,43,57,4
2024-06-12,19,6,9,42,58,4
2024-06-13,18,6,8,41,52,4
2024-06-14,18,6,9,37,55,4
2024-06-15,15,5,7,36,56,4
2024-06-16,14,5,8,35,57,4
2024-06-17,17,5,9,31,55,3
2024-06-18,19,6,9,35,54,4
2024-06-19,16,5,8,36,53,4
2024-06-20,17,5,8,35,54,4
2024-06-21,17,5,8,34,52,4
2024-06-22,15,4,8,35,54,4
2024-06-23,14,5,9,35,56,4
2024-06-24,25,6,9,35,53,3
2024-06-25,19,5,8,34,52,3
2024-06-26,17,5,8,35,54,3
2024-06-27,17,5,8,34,54,3
2024-06-28,16,5,8,35,55,3
2024-06-29,13,4,7,33,52,3
2024-06-30,14,4,8,33,54,3
2024-07-01,17,5,9,35,51,3
2024-07-02,16,5,9,36,53,3
2024-07-03,17,5,9,35,55,3
2024-07-04,23,6,8,35,53,3
2024-07-05,31,6,7,34,52,4
2024-07-06,20,4,8,36,50,3
2024-07-07,18,5,9,36,55,3
2024-07-08,21,5,10,35,53,3
2024-07-09,18,5,9,36,53,3
2024-07-10,18,5,8,34,53,3
2024-07-11,18,5,9,37,54,3
2024-07-12,18,5,8,36,54,3
2024-07-13,15,4,7,36,52,3
2024-07-14,18,4,8,35,52,4
2024-07-15,24,7,9,37,52,4
2024-07-16,22,6,9,39,54,4
2024-07-17,21,6,9,38,56,4
2024-07-18,19,5,8,38,55,3
2024-07-19,21,6,8,38,58,4
2024-07-20,19,5,8,38,57,4
2024-07-21,20,5,9,37,57,4
2024-07-22,20,7,9,39,54,4
2024-07-23,20,9,8,43,54,3
2024-07-24,18,7,8,45,55,3
2024-07-25,20,7,9,42,55,3
2024-07-26,20,6,8,42,56,3
2024-07-27,22,5,8,37,55,4
2024-07-28,19,5,8,40,54,3
2024-07-29,23,5,9,44,54,3
2024-07-30,18,5,8,44,55,3
2024-07-31,18,5,8,46,52,3
2024-08-01,20,5,8,42,52,3
2024-08-02,20,5,8,40,55,3
2024-08-03,20,5,8,39,55,4
2024-08-04,22,6,8,39,54,3
2024-08-05,57,15,9,42,56,4
2024-08-06,33,8,8,44,56,3
2024-08-07,25,7,8,46,57,3
2024-08-08,25,6,8,44,55,3
2024-08-09,22,6,8,40,53,3
2024-08-10,18,5,7,36,55,3
2024-08-11,18,6,8,39,57,3
2024-08-12,20,6,9,42,57,3
2024-08-13,19,5,8,42,53,3
2024-08-14,19,5,7,40,51,4
2024-08-15,19,5,8,39,53,3
2024-08-16,18,5,7,34,57,4
2024-08-17,16,4,7,31,58,4
2024-08-18,16,4,8,40,57,4
2024-08-19,18,5,8,43,58,4
2024-08-20,17,5,8,44,54,5
2024-08-21,17,5,8,45,54,4
2024-08-22,17,5,8,43,61,4
2024-08-23,18,5,7,42,61,4
2024-08-24,19,5,7,34,62,4
2024-08-25,16,4,8,40,55,4
2024-08-26,18,5,8,42,53,5
2024-08-27,18,5,7,46,53,4
2024-08-28,20,5,7,44,54,4
2024-08-29,17,5,7,44,53,4
2024-08-30,17,5,7,41,52,4
2024-08-31,16,4,7,37,65,3
2024-09-01,15,4,7,39,76,3
2024-09-02,17,5,8,45,58,3
2024-09-03,16,5,7,48,54,3
2024-09-04,19,5,7,46,54,3
2024-09-05,16,5,6,46,52,3
2024-09-06,21,5,6,42,53,4
2024-09-07,17,5,7,40,53,4
2024-09-08,16,4,7,41,51,4
2024-09-09,18,5,7,46,53,4
2024-09-10,17,5,7,46,52,4
2024-09-11,16,5,6,48,57,3
2024-09-12,16,5,6,45,52,4
2024-09-13,17,5,7,43,53,4
2024-09-14,16,4,6,39,54,3
2024-09-15,15,4,7,36,52,3
2024-09-16,15,5,7,39,52,5
2024-09-17,17,5,7,48,53,4
2024-09-18,18,5,6,46,52,4
2024-09-19,21,6,7,45,52,4
2024-09-20,19,5,7,44,54,4
2024-09-21,15,4,7,42,52,3
2024-09-22,15,4,7,45,52,3
2024-09-23,18,5,8,52,55,3
2024-09-24,17,5,7,53,54,4
2024-09-25,16,5,8,48,54,4
2024-09-26,19,5,7,49,54,4
2024-09-27,20,5,6,44,52,4
2024-09-28,16,4,7,40,53,5
2024-09-29,15,4,7,41,51,4
2024-09-30,18,5,7,49,53,4
2024-10-01,19,5,7,50,51,3
2024-10-02,18,4,7,49,52,3
2024-10-03,17,4,6,47,53,3
2024-10-04,16,4,6,45,53,4
2024-10-05,14,4,7,40,51,3
2024-10-06,13,4,7,40,49,3
2024-10-07,16,4,8,49,51,3
2024-10-08,16,5,7,54,49,3
2024-10-09,16,4,6,50,48,4
2024-10-10,15,4,6,46,49,4
2024-10-11,16,4,6,40,52,4
2024-10-12,13,4,6,39,53,3
2024-10-13,12,3,7,42,53,3
2024-10-14,17,5,7,47,51,4
2024-10-15,18,5,7,49,51,4
2024-10-16,19,5,7,45,49,4
2024-10-17,17,4,6,44,50,4
2024-10-18,19,5,6,40,52,5
2024-10-19,15,4,6,39,51,5
2024-10-20,15,4,7,43,54,4
2024-10-21,18,5,7,47,50,4
2024-10-22,16,4,7,47,57,4
2024-10-23,16,4,7,46,53,4
2024-10-24,15,4,6,44,51,4
2024-10-25,16,5,6,44,51,4
2024-10-26,14,4,6,39,50,3
2024-10-27,13,4,7,41,49,4
2024-10-28,20,5,7,44,50,5
2024-10-29,36,5,7,49,53,8
2024-10-30,26,5,6,47,52,6
2024-10-31,22,5,6,48,50,5
2024-11-01,20,5,7,46,52,5
2024-11-02,16,4,6,39,49,5
2024-11-03,17,4,6,40,50,4
2024-11-04,18,4,7,45,52,5
2024-11-05,20,5,6,45,52,6
2024-11-06,66,9,6,42,48,14
2024-11-07,37,8,6,44,51,9
2024-11-08,32,7,6,44,53,9
2024-11-09,26,8,7,41,52,8
2024-11-10,47,10,7,45,52,15
2024-11-11,72,13,7,50,57,25
2024-11-12,75,13,7,50,53,36
2024-11-13,75,12,7,49,53,100
2024-11-14,57,9,7,51,56,56
2024-11-15,43,7,6,48,53,33
2024-11-16,36,6,6,45,54,25
2024-11-17,31,6,7,46,59,19
2024-11-18,37,8,7,52,58,20
2024-11-19,37,7,7,49,55,21
2024-11-20,41,8,6,53,54,18
2024-11-21,67,12,7,48,56,23
2024-11-22,65,10,7,50,55,22
2024-11-23,46,8,6,47,56,25
2024-11-24,37,7,7,44,56,18
2024-11-25,43,9,7,47,61,20
2024-11-26,40,7,7,47,56,16
2024-11-27,36,9,7,45,56,14
2024-11-28,32,8,6,56,58,12
2024-11-29,33,7,7,50,63,12
2024-11-30,26,7,7,46,58,12
2024-12-01,26,8,7,52,57,13
2024-12-02,33,9,7,75,57,14
2024-12-03,30,7,8,70,55,13
2024-12-04,32,10,9,68,54,13
2024-12-05,79,13,7,67,54,23
2024-12-06,47,12,7,55,54,19
2024-12-07,31,9,7,49,55,18
2024-12-08,30,8,8,46,57,16
2024-12-09,35,9,7,56,56,15
2024-12-10,37,9,7,50,55,12
2024-12-11,32,8,7,48,54,13
2024-12-12,31,8,6,45,55,12
2024-12-13,27,7,7,41,54,11
2024-12-14,25,7,7,42,100,11
2024-12-15,29,7,7,38,63,10
2024-12-16,42,10,7,42,57,11
2024-12-17,38,9,7,41,55,11
2024-12-18,36,8,6,40,53,10
2024-12-19,41,8,6,38,52,14
2024-12-20,45,9,7,40,55,14
2024-12-21,29,6,7,39,54,10
2024-12-22,27,6,7,38,54,9
2024-12-23,32,7,7,40,52,9
2024-12-24,32,6,7,42,49,10
2024-12-25,48,10,12,71,93,95
2024-12-26,50,10,14,66,100,92
2024-12-27,47,11,15,68,97,91
2024-12-28,39,9,13,65,99,87
2024-12-29,39,9,14,65,97,85
2024-12-30,50,10,14,66,97,80
2024-12-31,43,9,14,74,91,83
2025-01-01,41,9,13,70,95,100
