date,BTC,ETH,BNB,ADA,SOL,DOGE
2017-01-01,5,1,6,35,56,50
2017-01-02,7,1,8,33,72,45
2017-01-03,6,1,8,34,67,49
2017-01-04,7,2,8,37,63,48
2017-01-05,8,2,8,35,64,54
2017-01-06,8,1,7,35,63,57
2017-01-07,7,1,7,36,67,52
2017-01-08,6,1,8,35,66,47
2017-01-09,6,2,8,34,69,51
2017-01-10,5,2,8,36,70,55
2017-01-11,6,2,7,38,72,59
2017-01-12,6,2,8,37,65,59
2017-01-13,5,1,7,36,64,65
2017-01-14,5,1,7,36,64,57
2017-01-15,5,1,7,36,68,53
2017-01-16,5,1,8,37,66,47
2017-01-17,5,2,8,39,66,58
2017-01-18,5,2,8,39,69,58
2017-01-19,5,2,7,37,64,65
2017-01-20,5,2,7,37,63,65
2017-01-21,5,1,6,36,62,56
2017-01-22,4,1,7,37,60,52
2017-01-23,5,2,8,37,64,59
2017-01-24,5,2,8,39,63,59
2017-01-25,5,2,7,37,63,62
2017-01-26,4,2,7,35,63,67
2017-01-27,5,2,7,35,65,71
2017-01-28,5,1,6,36,66,54
2017-01-29,4,1,8,36,66,52
2017-01-30,4,2,8,36,65,53
2017-01-31,5,2,8,39,64,58
2017-02-01,5,2,7,36,67,58
2017-02-02,5,2,7,37,63,67
2017-02-03,5,1,7,36,64,72
2017-02-04,5,1,7,35,64,56
2017-02-05,5,1,8,36,62,53
2017-02-06,5,2,8,36,68,52
2017-02-07,5,1,8,38,68,59
2017-02-08,5,2,7,39,65,62
2017-02-09,5,2,8,38,66,59
2017-02-10,5,2,7,35,67,65
2017-02-11,5,1,7,38,64,58
2017-02-12,4,1,8,37,64,56
2017-02-13,5,2,8,37,66,54
2017-02-14,4,2,7,36,66,63
2017-02-15,5,1,7,36,67,58
2017-02-16,5,1,8,37,69,65
2017-02-17,5,1,7,37,68,60
2017-02-18,5,1,6,39,70,56
2017-02-19,4,1,8,37,67,53
2017-02-20,5,2,8,36,74,49
2017-02-21,5,2,8,39,73,57
2017-02-22,5,2,8,39,70,58
2017-02-23,5,2,7,39,72,63
2017-02-24,6,2,8,39,67,71
2017-02-25,5,1,7,40,66,62
2017-02-26,5,1,8,38,70,64
2017-02-27,6,2,8,37,61,60
2017-02-28,6,2,7,36,65,66
2017-03-01,6,2,8,37,68,60
2017-03-02,6,2,7,37,67,67
2017-03-03,7,2,7,36,67,57
2017-03-04,7,1,6,36,62,58
2017-03-05,6,1,8,37,61,53
2017-03-06,6,2,8,38,65,55
2017-03-07,6,2,9,37,67,61
2017-03-08,6,2,8,41,64,61
2017-03-09,6,2,8,38,63,65
2017-03-10,7,2,8,37,64,66
2017-03-11,7,1,7,37,62,55
2017-03-12,5,1,9,35,65,54
2017-03-13,6,3,9,39,67,58
2017-03-14,6,2,9,37,65,57
2017-03-15,6,2,8,38,69,61
2017-03-16,6,3,8,38,64,56
2017-03-17,8,3,7,35,63,62
2017-03-18,9,2,7,36,64,54
2017-03-19,7,2,9,33,60,56
2017-03-20,6,2,8,37,66,54
2017-03-21,7,2,8,38,69,57
2017-03-22,6,2,8,40,66,58
2017-03-23,6,2,8,37,60,58
2017-03-24,7,2,7,36,59,59
2017-03-25,7,2,7,37,57,55
2017-03-26,6,2,8,37,58,55
2017-03-27,6,2,8,37,61,54
2017-03-28,6,2,8,37,63,58
2017-03-29,6,2,8,38,60,54
2017-03-30,6,2,8,36,59,59
2017-03-31,6,2,7,38,58,63
2017-04-01,6,1,7,38,58,62
2017-04-02,6,2,8,38,59,90
2017-04-03,6,2,9,35,60,100
2017-04-04,6,2,9,37,60,72
2017-04-05,6,2,8,38,61,61
2017-04-06,6,2,8,39,58,62
2017-04-07,6,2,7,37,59,61
2017-04-08,6,1,7,38,56,56
2017-04-09,6,1,9,37,56,55
2017-04-10,6,2,9,37,60,54
2017-04-11,6,2,9,36,61,54
2017-04-12,6,2,8,37,60,59
2017-04-13,6,2,8,37,53,62
2017-04-14,6,1,7,37,56,60
2017-04-15,6,1,6,38,57,56
2017-04-16,5,1,8,36,60,60
2017-04-17,6,1,9,39,63,53
2017-04-18,6,2,9,38,62,55
2017-04-19,5,2,8,37,59,54
2017-04-20,5,2,8,35,63,56
2017-04-21,5,2,7,35,60,57
2017-04-22,6,1,7,34,58,47
2017-04-23,5,1,8,34,56,45
2017-04-24,5,2,9,36,62,50
2017-04-25,6,2,8,37,63,53
2017-04-26,7,2,8,39,64,55
2017-04-27,6,2,8,37,57,56
2017-04-28,7,2,8,37,57,60
2017-04-29,6,2,7,36,56,51
2017-04-30,6,2,8,38,58,54
2017-05-01,7,3,9,36,64,61
2017-05-02,7,3,9,36,65,57
2017-05-03,7,3,9,37,63,56
2017-05-04,8,3,8,38,61,57
2017-05-05,8,3,7,38,63,61
2017-05-06,7,2,7,37,60,55
2017-05-07,7,2,8,35,56,52
2017-05-08,8,3,9,38,64,56
2017-05-09,9,3,8,36,67,56
2017-05-10,8,2,8,35,59,58
2017-05-11,9,3,8,34,62,59
2017-05-12,9,2,7,36,59,62
2017-05-13,9,2,7,39,60,52
2017-05-14,8,2,8,35,57,53
2017-05-15,9,2,9,35,60,59
2017-05-16,9,2,8,37,63,59
2017-05-17,8,2,8,38,64,56
2017-05-18,8,2,8,37,65,59
2017-05-19,10,3,8,35,65,58
2017-05-20,10,3,7,35,63,51
2017-05-21,10,3,8,34,63,55
2017-05-22,12,6,9,35,67,58
2017-05-23,11,4,8,36,67,59
2017-05-24,14,5,8,34,66,63
2017-05-25,19,5,7,32,65,63
2017-05-26,14,4,7,35,63,59
2017-05-27,14,3,7,34,62,49
2017-05-28,11,3,8,37,64,50
2017-05-29,10,4,9,35,66,43
2017-05-30,10,5,9,35,63,52
2017-05-31,10,5,8,35,63,50
2017-06-01,10,4,9,36,63,59
2017-06-02,10,4,8,36,60,53
2017-06-03,10,3,7,37,59,50
2017-06-04,8,3,8,34,60,49
2017-06-05,10,4,8,34,67,49
2017-06-06,12,5,9,37,60,53
2017-06-07,12,4,9,34,66,53
2017-06-08,11,4,8,34,63,53
2017-06-09,11,4,7,35,63,54
2017-06-10,12,5,7,33,61,49
2017-06-11,11,6,9,35,65,48
2017-06-12,13,8,9,31,66,49
2017-06-13,11,7,10,33,64,55
2017-06-14,14,6,9,33,67,54
2017-06-15,17,7,8,34,62,50
2017-06-16,13,5,10,32,63,51
2017-06-17,11,4,7,34,58,48
2017-06-18,9,4,9,32,64,48
2017-06-19,11,5,9,30,66,49
2017-06-20,11,5,9,32,67,47
2017-06-21,11,7,9,32,66,46
2017-06-22,10,6,8,32,65,46
2017-06-23,10,5,8,31,69,49
2017-06-24,10,4,8,28,61,48
2017-06-25,10,5,11,25,63,51
2017-06-26,11,7,10,28,63,48
2017-06-27,11,6,9,28,62,43
2017-06-28,10,5,9,31,62,44
2017-06-29,10,5,9,30,61,49
2017-06-30,9,4,8,31,60,46
2017-07-01,9,4,7,31,60,47
2017-07-02,9,4,9,35,61,53
2017-07-03,10,4,10,33,64,41
2017-07-04,10,4,10,34,61,44
2017-07-05,10,4,10,34,63,44
2017-07-06,9,4,9,35,59,43
2017-07-07,9,4,8,35,60,45
2017-07-08,9,3,8,38,61,50
2017-07-09,8,3,10,34,62,48
2017-07-10,9,4,10,33,60,47
2017-07-11,10,5,10,34,62,41
2017-07-12,9,4,10,34,62,44
2017-07-13,9,4,9,34,59,40
2017-07-14,9,3,9,36,58,43
2017-07-15,10,3,9,34,62,51
2017-07-16,11,4,10,35,60,47
2017-07-17,10,4,10,33,60,43
2017-07-18,11,5,10,37,63,44
2017-07-19,10,4,10,35,60,43
2017-07-20,13,4,9,35,56,50
2017-07-21,12,4,9,35,58,46
2017-07-22,11,3,8,35,58,48
2017-07-23,10,3,9,39,56,46
2017-07-24,9,3,10,37,64,41
2017-07-25,11,3,9,39,59,43
2017-07-26,10,3,9,40,61,46
2017-07-27,10,3,9,37,62,41
2017-07-28,11,3,9,37,62,45
2017-07-29,11,2,8,38,62,50
2017-07-30,10,2,10,40,61,49
2017-07-31,10,3,10,35,62,41
2017-08-01,15,4,10,38,61,40
2017-08-02,13,3,9,39,64,47
2017-08-03,9,3,9,39,64,45
2017-08-04,10,3,9,37,64,43
2017-08-05,12,3,8,36,66,45
2017-08-06,10,3,9,38,60,46
2017-08-07,11,4,10,37,61,40
2017-08-08,12,4,10,38,62,45
2017-08-09,11,4,10,40,68,42
2017-08-10,12,4,9,37,64,47
2017-08-11,11,4,8,35,62,42
2017-08-12,13,3,8,35,59,48
2017-08-13,17,3,9,36,60,49
2017-08-14,17,4,9,37,61,42
2017-08-15,16,4,9,37,64,43
2017-08-16,14,4,9,35,60,48
2017-08-17,14,4,9,33,59,50
2017-08-18,13,3,8,35,65,50
2017-08-19,13,3,7,36,61,47
2017-08-20,12,2,8,35,65,48
2017-08-21,11,4,9,35,100,42
2017-08-22,13,4,9,39,68,49
2017-08-23,13,3,8,40,60,47
2017-08-24,14,3,8,40,61,49
2017-08-25,14,3,8,39,62,52
2017-08-26,14,2,7,36,60,51
2017-08-27,13,3,8,36,57,46
2017-08-28,22,3,8,38,59,43
2017-08-29,20,4,8,37,62,47
2017-08-30,17,4,8,37,60,50
2017-08-31,17,4,8,33,58,52
2017-09-01,17,4,8,32,59,54
2017-09-02,16,4,7,33,58,51
2017-09-03,13,3,8,36,60,46
2017-09-04,15,5,8,36,64,43
2017-09-05,17,4,8,37,61,45
2017-09-06,15,4,7,37,58,46
2017-09-07,13,4,8,39,62,52
2017-09-08,13,3,8,36,57,56
2017-09-09,12,3,7,35,57,52
2017-09-10,10,3,7,39,62,51
2017-09-11,13,3,8,38,57,52
2017-09-12,12,3,8,36,58,51
2017-09-13,14,4,8,38,61,52
2017-09-14,19,4,8,38,60,55
2017-09-15,21,4,7,36,59,57
2017-09-16,16,3,6,35,57,47
2017-09-17,12,3,7,36,56,42
2017-09-18,14,4,8,39,60,49
2017-09-19,12,4,8,40,60,52
2017-09-20,11,4,8,37,59,51
2017-09-21,10,4,7,37,60,56
2017-09-22,10,3,7,36,58,58
2017-09-23,10,2,6,37,56,45
2017-09-24,10,3,8,38,57,47
2017-09-25,10,3,9,37,58,51
2017-09-26,10,3,9,38,59,53
2017-09-27,10,3,8,39,58,52
2017-09-28,13,4,9,47,73,45
2017-09-29,12,4,9,44,69,46
2017-09-30,11,3,7,44,69,37
2017-10-01,12,3,8,45,72,33
2017-10-02,12,4,9,46,70,40
2017-10-03,13,4,9,47,69,42
2017-10-04,14,4,9,46,72,43
2017-10-05,15,3,8,45,68,43
2017-10-06,12,3,8,44,69,45
2017-10-07,12,3,7,43,63,37
2017-10-08,13,3,8,43,66,38
2017-10-09,12,4,10,47,71,40
2017-10-10,14,4,10,48,70,42
2017-10-11,12,4,9,46,68,39
2017-10-12,19,4,8,48,68,46
2017-10-13,24,5,8,45,70,44
2017-10-14,16,3,7,43,71,38
2017-10-15,15,4,8,43,65,37
2017-10-16,15,4,9,44,65,41
2017-10-17,15,4,9,46,69,42
2017-10-18,14,4,8,43,69,40
2017-10-19,15,4,8,45,65,41
2017-10-20,17,4,8,45,72,43
2017-10-21,19,3,7,42,64,34
2017-10-22,14,3,8,42,64,35
2017-10-23,18,4,10,44,70,41
2017-10-24,18,4,9,43,72,41
2017-10-25,16,4,8,44,73,44
2017-10-26,16,4,8,44,71,43
2017-10-27,14,4,7,44,67,45
2017-10-28,14,3,7,41,66,37
2017-10-29,14,3,8,45,63,36
2017-10-30,16,4,9,42,71,38
2017-10-31,18,4,8,45,70,41
2017-11-01,21,4,8,46,65,40
2017-11-02,27,5,8,47,66,43
2017-11-03,26,4,7,44,67,43
2017-11-04,21,3,7,41,67,35
2017-11-05,20,4,8,42,65,35
2017-11-06,21,4,9,44,68,39
2017-11-07,20,4,8,46,71,42
2017-11-08,24,5,8,45,71,44
2017-11-09,21,5,8,44,73,41
2017-11-10,24,4,8,42,70,42
2017-11-11,23,3,7,41,70,35
2017-11-12,28,4,8,43,73,38
2017-11-13,26,4,9,46,72,41
2017-11-14,21,4,8,46,72,41
2017-11-15,22,5,8,47,78,41
2017-11-16,22,4,8,44,77,41
2017-11-17,24,4,7,43,77,47
2017-11-18,18,3,7,43,69,36
2017-11-19,19,4,8,43,67,37
2017-11-20,23,5,9,43,67,36
2017-11-21,24,5,9,45,70,39
2017-11-22,21,4,8,45,71,40
2017-11-23,20,6,7,41,68,42
2017-11-24,19,6,7,40,68,37
2017-11-25,22,6,7,39,64,37
2017-11-26,28,5,8,41,65,35
2017-11-27,34,7,8,45,71,38
2017-11-28,40,7,8,47,67,45
2017-11-29,56,9,8,48,68,46
2017-11-30,48,7,8,45,66,45
2017-12-01,37,6,7,43,67,48
2017-12-02,35,5,7,43,64,42
2017-12-03,32,5,8,44,63,36
2017-12-04,35,7,8,45,65,45
2017-12-05,35,7,9,46,67,49
2017-12-06,48,9,8,47,65,51
2017-12-07,95,9,8,46,68,56
2017-12-08,81,9,7,45,70,59
2017-12-09,55,8,6,45,64,46
2017-12-10,50,7,8,45,64,43
2017-12-11,58,7,8,43,66,48
2017-12-12,58,12,8,43,67,52
2017-12-13,51,12,8,45,65,59
2017-12-14,50,10,7,44,65,56
2017-12-15,46,10,7,48,70,54
2017-12-16,48,8,7,46,67,60
2017-12-17,53,8,8,49,68,66
2017-12-18,53,9,8,44,80,56
2017-12-19,56,11,9,47,68,59
2017-12-20,66,10,8,42,69,63
2017-12-21,56,10,8,44,68,69
2017-12-22,89,11,7,43,63,57
2017-12-23,63,8,7,41,62,62
2017-12-24,55,7,6,41,56,64
2017-12-25,49,7,7,43,61,78
2017-12-26,47,7,11,42,69,62
2017-12-27,46,7,11,42,76,56
2017-12-28,45,7,11,43,76,49
2017-12-29,44,8,10,44,76,54
2017-12-30,46,8,9,49,71,55
2017-12-31,38,6,8,44,63,56
2018-01-01,35,7,10,42,64,55
2018-01-02,43,10,12,42,72,48
2018-01-03,45,10,12,48,71,56
2018-01-04,47,13,12,50,73,57
2018-01-05,47,12,11,46,72,79
2018-01-06,45,10,12,44,72,100
2018-01-07,42,11,12,43,72,92
2018-01-08,45,12,12,45,70,96
2018-01-09,42,12,11,45,72,84
2018-01-10,40,14,11,49,74,73
2018-01-11,41,12,11,48,75,63
2018-01-12,37,11,11,46,79,68
2018-01-13,33,11,10,44,75,59
2018-01-14,30,10,11,44,71,54
2018-01-15,30,11,11,46,67,49
2018-01-16,49,11,11,45,78,53
2018-01-17,62,12,10,45,76,56
2018-01-18,47,9,10,45,77,55
2018-01-19,35,9,11,43,76,56
2018-01-20,33,8,10,41,78,49
2018-01-21,28,8,11,41,72,46
2018-01-22,30,8,11,43,72,45
2018-01-23,29,7,12,46,75,50
2018-01-24,28,7,11,45,73,48
2018-01-25,26,7,10,42,71,52
2018-01-26,27,7,10,42,69,54
2018-01-27,25,6,10,40,70,47
2018-01-28,25,8,12,43,70,45
2018-01-29,24,8,12,43,72,47
2018-01-30,25,7,10,43,69,48
2018-01-31,27,7,11,46,69,47
2018-02-01,33,8,11,43,71,49
2018-02-02,42,9,10,43,69,49
2018-02-03,30,6,11,40,71,43
2018-02-04,27,6,11,38,74,41
2018-02-05,39,9,11,42,68,44
2018-02-06,52,8,11,44,69,45
2018-02-07,35,6,12,43,66,45
2018-02-08,29,6,10,43,70,48
2018-02-09,27,6,11,42,69,49
2018-02-10,23,5,10,44,68,46
2018-02-11,22,5,12,53,66,45
2018-02-12,23,6,11,47,67,44
2018-02-13,21,5,11,45,68,45
2018-02-14,21,5,10,44,65,47
2018-02-15,24,5,10,43,68,52
2018-02-16,21,5,10,44,75,54
2018-02-17,22,5,10,43,70,47
2018-02-18,22,5,11,43,72,45
2018-02-19,21,6,12,46,72,40
2018-02-20,23,6,13,46,75,45
2018-02-21,20,6,12,46,74,45
2018-02-22,21,5,11,45,75,48
2018-02-23,18,5,11,46,75,48
2018-02-24,15,4,11,46,70,42
2018-02-25,15,4,12,42,71,38
2018-02-26,18,5,12,46,76,42
2018-02-27,17,5,13,48,73,46
2018-02-28,15,5,11,44,66,42
2018-03-01,15,5,10,47,69,44
2018-03-02,16,5,11,45,70,47
2018-03-03,14,4,11,42,67,43
2018-03-04,13,4,12,41,67,37
2018-03-05,15,5,12,45,71,40
2018-03-06,15,5,12,47,69,44
2018-03-07,16,5,11,50,69,44
2018-03-08,15,5,10,48,69,45
2018-03-09,18,5,11,47,72,48
2018-03-10,13,4,11,43,74,41
2018-03-11,13,4,12,42,72,40
2018-03-12,14,4,13,49,72,40
2018-03-13,13,4,13,48,74,41
2018-03-14,15,5,12,47,70,41
2018-03-15,17,5,11,48,71,44
2018-03-16,14,4,11,43,70,48
2018-03-17,12,4,11,44,69,39
2018-03-18,14,5,13,43,70,39
2018-03-19,17,5,13,47,71,42
2018-03-20,17,4,12,47,77,41
2018-03-21,18,4,12,48,74,43
2018-03-22,13,4,11,50,72,43
2018-03-23,12,4,11,50,68,46
2018-03-24,12,3,11,48,70,42
2018-03-25,10,3,13,46,70,37
2018-03-26,12,4,13,47,74,39
2018-03-27,13,4,13,52,73,43
2018-03-28,12,4,12,51,70,44
2018-03-29,14,5,11,52,64,42
2018-03-30,17,4,11,49,69,39
2018-03-31,13,3,11,44,69,46
2018-04-01,13,3,13,46,74,44
2018-04-02,12,3,13,48,73,38
2018-04-03,13,4,14,52,72,37
2018-04-04,12,4,12,51,73,37
2018-04-05,12,4,12,50,71,38
2018-04-06,12,3,11,49,72,40
2018-04-07,11,2,12,47,69,39
2018-04-08,11,3,12,47,70,34
2018-04-09,12,4,13,48,72,42
2018-04-10,11,4,14,46,72,38
2018-04-11,11,4,12,46,73,41
2018-04-12,14,4,11,48,73,40
2018-04-13,18,4,11,46,74,47
2018-04-14,12,3,10,45,71,41
2018-04-15,12,3,13,43,71,40
2018-04-16,12,3,13,48,72,41
2018-04-17,12,4,11,54,74,42
2018-04-18,12,3,11,48,74,43
2018-04-19,11,4,11,49,76,44
2018-04-20,13,4,10,45,72,44
2018-04-21,13,3,10,46,73,37
2018-04-22,12,3,13,46,80,36
2018-04-23,13,4,13,48,77,40
2018-04-24,16,5,12,52,74,41
2018-04-25,14,4,12,46,77,43
2018-04-26,13,4,11,46,72,41
2018-04-27,13,4,10,44,79,44
2018-04-28,12,4,11,45,73,37
2018-04-29,12,3,12,47,73,40
2018-04-30,13,4,13,48,72,41
2018-05-01,12,4,12,46,72,42
2018-05-02,12,4,12,43,74,41
2018-05-03,12,5,11,44,75,42
2018-05-04,12,5,11,43,76,43
2018-05-05,13,4,10,42,74,36
2018-05-06,11,4,12,45,75,40
2018-05-07,12,5,12,43,78,40
2018-05-08,12,4,13,45,77,40
2018-05-09,11,4,13,42,76,41
2018-05-10,10,4,12,43,80,44
2018-05-11,13,4,11,45,80,45
2018-05-12,11,3,10,41,73,37
2018-05-13,10,3,12,42,71,39
2018-05-14,10,4,12,41,75,40
2018-05-15,11,4,12,41,90,39
2018-05-16,10,4,13,40,91,41
2018-05-17,10,4,12,41,86,43
2018-05-18,10,4,12,41,94,42
2018-05-19,10,3,10,43,87,35
2018-05-20,10,3,12,44,92,40
2018-05-21,10,3,13,45,87,40
2018-05-22,11,4,12,46,100,40
2018-05-23,12,4,12,47,98,40
2018-05-24,11,4,12,49,91,44
2018-05-25,10,3,11,46,92,43
2018-05-26,10,3,10,46,83,38
2018-05-27,10,3,12,43,90,37
2018-05-28,10,4,12,39,82,38
2018-05-29,11,4,12,41,89,41
2018-05-30,11,4,12,41,90,39
2018-05-31,10,4,12,41,86,43
2018-06-01,10,3,11,43,90,40
2018-06-02,10,3,11,42,86,39
2018-06-03,10,3,13,41,87,35
2018-06-04,10,4,14,42,85,36
2018-06-05,9,4,14,42,87,36
2018-06-06,10,3,13,40,83,39
2018-06-07,9,3,12,40,83,39
2018-06-08,9,3,12,38,81,38
2018-06-09,9,2,11,39,80,40
2018-06-10,11,3,14,37,83,37
2018-06-11,12,3,15,38,83,36
2018-06-12,10,4,14,39,86,36
2018-06-13,11,4,12,36,80,37
2018-06-14,11,3,11,32,81,36
2018-06-15,10,3,10,29,80,39
2018-06-16,10,2,10,33,81,36
2018-06-17,9,2,13,36,74,39
2018-06-18,10,3,14,36,73,35
2018-06-19,10,3,14,36,79,35
2018-06-20,10,3,12,38,85,35
2018-06-21,9,3,12,37,83,35
2018-06-22,11,3,12,40,76,36
2018-06-23,10,2,12,41,82,35
2018-06-24,11,2,13,38,88,33
2018-06-25,7,2,11,30,57,45
2018-06-26,7,2,10,28,57,43
2018-06-27,7,2,9,28,69,50
2018-06-28,6,2,9,29,59,48
2018-06-29,8,2,9,31,60,55
2018-06-30,8,2,8,28,58,52
2018-07-01,8,2,10,31,60,49
2018-07-02,7,2,11,27,55,42
2018-07-03,7,2,10,29,60,41
2018-07-04,7,2,10,30,65,46
2018-07-05,7,2,10,31,59,45
2018-07-06,7,2,9,30,54,45
2018-07-07,6,2,8,29,60,47
2018-07-08,7,2,10,30,62,47
2018-07-09,7,2,12,31,59,46
2018-07-10,7,2,10,30,64,43
2018-07-11,6,2,10,31,60,45
2018-07-12,7,2,11,29,69,44
2018-07-13,7,2,9,32,64,48
2018-07-14,6,2,8,30,62,53
2018-07-15,6,2,10,28,66,50
2018-07-16,7,2,12,29,61,46
2018-07-17,9,2,12,31,65,56
2018-07-18,9,2,11,31,66,57
2018-07-19,8,2,10,33,69,56
2018-07-20,8,2,10,32,83,54
2018-07-21,7,2,9,32,75,59
2018-07-22,7,2,11,32,69,53
2018-07-23,7,2,12,35,61,53
2018-07-24,10,2,11,35,66,51
2018-07-25,9,2,11,35,67,53
2018-07-26,8,2,10,34,63,47
2018-07-27,7,2,10,35,77,53
2018-07-28,8,2,8,32,75,50
2018-07-29,7,2,11,34,71,52
2018-07-30,7,2,12,35,68,45
2018-07-31,7,2,12,36,70,51
2018-08-01,7,2,11,35,66,50
2018-08-02,7,2,10,37,65,45
2018-08-03,7,2,9,33,72,62
2018-08-04,8,2,9,31,77,73
2018-08-05,7,2,11,35,71,100
2018-08-06,7,2,12,36,64,61
2018-08-07,8,2,11,35,67,56
2018-08-08,8,3,11,35,67,53
2018-08-09,8,2,10,36,64,54
2018-08-10,8,2,9,33,66,57
2018-08-11,8,2,8,32,70,59
2018-08-12,8,2,9,34,66,55
2018-08-13,8,3,10,33,66,53
2018-08-14,9,3,10,32,73,52
2018-08-15,8,3,9,32,75,55
2018-08-16,8,2,9,30,70,51
2018-08-17,8,2,9,29,70,57
2018-08-18,7,2,9,29,70,52
2018-08-19,7,2,10,31,67,52
2018-08-20,8,2,11,34,61,52
2018-08-21,7,2,10,30,68,56
2018-08-22,8,2,10,30,67,54
2018-08-23,7,2,9,32,68,53
2018-08-24,8,2,8,34,70,59
2018-08-25,7,2,8,32,66,58
2018-08-26,7,2,9,33,65,54
2018-08-27,7,2,10,34,61,52
2018-08-28,8,2,10,35,65,57
2018-08-29,8,2,9,34,99,55
2018-08-30,8,2,8,36,68,71
2018-08-31,8,2,8,33,67,81
2018-09-01,8,2,8,31,66,91
2018-09-02,8,2,8,36,64,72
2018-09-03,8,3,9,35,62,61
2018-09-04,8,3,9,36,64,66
2018-09-05,9,3,9,35,61,76
2018-09-06,10,3,8,36,65,69
2018-09-07,9,2,8,33,64,70
2018-09-08,10,2,8,32,69,65
2018-09-09,7,3,8,33,69,61
2018-09-10,7,3,10,31,56,68
2018-09-11,7,3,9,34,100,67
2018-09-12,7,3,8,34,71,64
2018-09-13,7,3,8,34,68,68
2018-09-14,8,3,8,34,65,67
2018-09-15,14,2,7,33,66,57
2018-09-16,12,2,9,33,63,59
2018-09-17,7,3,9,36,63,61
2018-09-18,7,3,8,36,66,62
2018-09-19,7,3,8,35,68,60
2018-09-20,6,3,8,37,70,65
2018-09-21,8,3,7,36,64,64
2018-09-22,7,2,7,34,64,56
2018-09-23,7,2,9,35,69,55
2018-09-24,7,3,9,34,60,57
2018-09-25,12,3,9,37,66,60
2018-09-26,8,2,9,37,71,65
2018-09-27,8,3,8,36,69,62
2018-09-28,7,2,7,34,73,65
2018-09-29,8,2,7,34,66,58
2018-09-30,7,2,8,34,72,49
2018-10-01,7,2,8,37,63,56
2018-10-02,7,2,8,35,74,60
2018-10-03,7,2,8,36,68,60
2018-10-04,7,2,7,35,67,62
2018-10-05,7,2,7,36,63,63
2018-10-06,7,2,7,34,67,52
2018-10-07,7,1,7,32,62,54
2018-10-08,8,2,8,36,58,56
2018-10-09,7,2,7,44,61,57
2018-10-10,7,2,8,44,66,60
2018-10-11,8,2,8,42,67,63
2018-10-12,8,2,7,36,67,64
2018-10-13,8,2,7,36,71,57
2018-10-14,7,2,8,37,77,50
2018-10-15,9,2,10,37,64,57
2018-10-16,7,2,8,36,78,58
2018-10-17,7,2,7,37,73,60
2018-10-18,7,2,8,35,67,60
2018-10-19,7,2,7,34,65,63
2018-10-20,7,1,6,33,61,51
2018-10-21,7,2,8,35,67,49
2018-10-22,7,2,8,37,61,56
2018-10-23,7,2,8,37,73,63
2018-10-24,7,2,7,37,70,60
2018-10-25,7,2,7,37,61,62
2018-10-26,7,2,7,35,62,65
2018-10-27,6,1,6,38,59,50
2018-10-28,6,2,7,35,63,50
2018-10-29,6,2,7,39,58,59
2018-10-30,7,2,8,38,71,58
2018-10-31,6,2,7,39,65,58
2018-11-01,6,2,7,38,60,63
2018-11-02,6,2,7,35,78,66
2018-11-03,6,2,7,31,100,57
2018-11-04,6,2,7,34,81,49
2018-11-05,6,2,9,38,63,58
2018-11-06,6,2,8,37,66,57
2018-11-07,6,2,7,37,60,56
2018-11-08,6,2,7,37,66,59
2018-11-09,6,2,6,34,79,63
2018-11-10,6,1,7,34,71,50
2018-11-11,5,2,8,34,54,51
2018-11-12,6,2,8,36,54,54
2018-11-13,6,2,8,37,54,57
2018-11-14,8,2,7,36,51,61
2018-11-15,10,2,7,37,52,64
2018-11-16,8,2,6,33,52,65
2018-11-17,7,2,7,31,55,60
2018-11-18,6,2,7,33,49,58
2018-11-19,9,3,7,31,51,57
2018-11-20,14,3,7,33,51,59
2018-11-21,10,2,7,36,50,55
2018-11-22,8,2,7,34,50,56
2018-11-23,8,2,6,31,49,47
2018-11-24,8,2,6,30,47,47
2018-11-25,12,2,7,33,46,55
2018-11-26,10,3,8,34,49,55
2018-11-27,9,2,7,37,52,62
2018-11-28,9,2,7,36,51,59
2018-11-29,8,2,7,37,49,62
2018-11-30,8,2,6,36,48,63
2018-12-01,7,2,7,34,48,52
2018-12-02,7,2,7,34,47,50
2018-12-03,8,2,9,42,49,60
2018-12-04,8,2,8,69,49,61
2018-12-05,7,2,7,43,48,63
2018-12-06,8,2,7,38,47,64
2018-12-07,10,3,6,36,47,65
2018-12-08,9,2,6,33,47,52
2018-12-09,7,2,7,34,48,48
2018-12-10,8,2,8,33,50,55
2018-12-11,9,2,7,33,49,59
2018-12-12,14,2,7,32,46,55
2018-12-13,8,2,7,33,47,62
2018-12-14,7,2,6,35,49,65
2018-12-15,8,1,6,31,49,52
2018-12-16,8,1,7,33,51,46
2018-12-17,8,2,7,34,51,58
2018-12-18,8,2,7,35,52,61
2018-12-19,9,2,7,33,49,66
2018-12-20,9,2,7,33,49,64
2018-12-21,9,2,6,33,46,59
2018-12-22,8,1,7,31,46,59
2018-12-23,8,2,6,31,46,52
2018-12-24,8,2,6,33,42,51
2018-12-25,8,2,6,33,46,56
2018-12-26,7,2,9,32,49,55
2018-12-27,7,2,9,31,49,49
2018-12-28,8,2,10,34,51,48
2018-12-29,7,2,9,31,54,58
2018-12-30,7,2,9,32,54,50
2018-12-31,6,1,8,32,51,51
2019-01-01,6,2,9,34,51,49
2019-01-02,7,2,11,30,55,47
2019-01-03,7,2,10,32,52,45
2019-01-04,7,2,9,31,57,52
2019-01-05,7,2,9,31,54,51
2019-01-06,7,2,10,32,54,50
2019-01-07,7,2,10,33,52,53
2019-01-08,7,2,10,35,53,50
2019-01-09,7,2,10,35,53,54
2019-01-10,7,2,9,34,55,60
2019-01-11,7,2,9,34,53,60
2019-01-12,6,2,8,34,53,49
2019-01-13,6,2,10,33,52,47
2019-01-14,7,2,10,35,53,54
2019-01-15,7,2,10,36,52,63
2019-01-16,7,2,9,37,53,60
2019-01-17,6,2,8,35,50,58
2019-01-18,6,2,8,32,49,63
2019-01-19,6,1,8,32,50,56
2019-01-20,6,1,10,33,52,46
2019-01-21,6,2,9,34,57,51
2019-01-22,6,2,9,35,54,54
2019-01-23,6,2,9,35,51,59
2019-01-24,6,2,8,34,50,57
2019-01-25,6,1,8,34,49,66
2019-01-26,6,1,9,34,53,51
2019-01-27,6,1,9,36,54,56
2019-01-28,6,2,10,35,52,52
2019-01-29,6,2,9,36,52,55
2019-01-30,6,2,8,36,53,58
2019-01-31,6,2,8,36,54,56
2019-02-01,6,2,8,33,55,59
2019-02-02,6,1,8,33,56,51
2019-02-03,5,1,9,34,51,57
2019-02-04,6,2,9,34,49,56
2019-02-05,6,2,9,36,52,61
2019-02-06,6,2,8,37,51,61
2019-02-07,5,2,9,37,53,58
2019-02-08,6,2,8,34,50,61
2019-02-09,7,1,8,34,50,49
2019-02-10,5,1,9,35,52,50
2019-02-11,6,2,9,37,54,54
2019-02-12,6,2,9,38,50,55
2019-02-13,6,2,8,37,50,59
2019-02-14,5,2,7,36,47,61
2019-02-15,6,2,8,34,52,56
2019-02-16,6,1,8,32,52,51
2019-02-17,5,2,9,36,53,56
2019-02-18,7,3,10,37,52,49
2019-02-19,7,3,10,37,52,56
2019-02-20,7,2,9,36,53,55
2019-02-21,7,2,9,36,52,54
2019-02-22,6,2,8,34,52,59
2019-02-23,7,2,8,32,53,55
2019-02-24,8,2,10,34,55,50
2019-02-25,6,2,9,36,52,52
2019-02-26,6,2,9,37,49,58
2019-02-27,6,2,8,35,54,56
2019-02-28,6,3,8,35,50,57
2019-03-01,6,2,8,35,48,58
2019-03-02,6,2,8,33,47,48
2019-03-03,5,2,9,33,49,54
2019-03-04,6,2,10,36,50,56
2019-03-05,6,2,10,38,49,59
2019-03-06,5,2,9,34,50,54
2019-03-07,6,2,9,35,49,60
2019-03-08,5,2,8,35,47,61
2019-03-09,6,1,8,35,50,52
2019-03-10,5,2,9,33,49,49
2019-03-11,6,2,9,35,53,58
2019-03-12,6,2,9,37,50,56
2019-03-13,5,2,9,34,49,55
2019-03-14,5,2,8,37,49,58
2019-03-15,6,2,8,34,49,58
2019-03-16,6,2,8,35,49,56
2019-03-17,5,1,9,34,48,50
2019-03-18,6,2,10,37,53,55
2019-03-19,6,2,9,40,55,56
2019-03-20,6,2,9,38,50,79
2019-03-21,6,2,9,37,51,69
2019-03-22,1,0,2,8,10,100
2019-03-23,1,0,2,7,11,92
2019-03-24,1,0,2,8,11,77
2019-03-25,1,0,2,7,11,85
2019-03-26,1,0,2,8,10,83
2019-03-27,1,0,2,8,10,83
2019-03-28,1,0,2,8,11,95
2019-03-29,1,0,2,8,11,95
2019-03-30,1,0,2,7,11,77
2019-03-31,1,0,2,7,11,72
2019-04-01,1,0,2,7,11,86
2019-04-02,3,1,2,7,11,87
2019-04-03,3,1,2,7,11,99
2019-04-04,2,0,2,7,11,94
2019-04-05,2,0,2,7,11,99
2019-04-06,2,0,2,7,11,81
2019-04-07,2,0,2,7,10,71
2019-04-08,2,0,2,7,11,88
2019-04-09,1,0,2,7,10,79
2019-04-10,1,0,2,7,11,82
2019-04-11,2,0,2,7,10,93
2019-04-12,2,0,2,7,10,92
2019-04-13,2,0,2,7,11,75
2019-04-14,1,0,2,7,11,79
2019-04-15,2,0,2,7,10,80
2019-04-16,1,0,2,7,10,76
2019-04-17,1,0,2,7,19,79
2019-04-18,2,0,2,7,12,92
2019-04-19,1,0,2,7,11,80
2019-04-20,2,0,2,7,11,81
2019-04-21,1,0,2,9,11,82
2019-04-22,2,0,2,9,11,73
2019-04-23,2,0,2,9,10,81
2019-04-24,2,0,2,8,11,80
2019-04-25,2,0,2,8,10,78
2019-04-26,2,0,2,8,11,85
2019-04-27,4,0,2,7,10,77
2019-04-28,2,0,2,7,10,79
2019-04-29,1,0,2,7,10,77
2019-04-30,1,0,2,7,11,84
2019-05-01,1,0,2,7,11,85
2019-05-02,1,0,2,7,11,84
2019-05-03,2,0,2,7,11,87
2019-05-04,2,0,2,7,11,78
2019-05-05,2,0,2,6,11,74
2019-05-06,2,0,2,6,11,80
2019-05-07,2,0,2,7,11,78
2019-05-08,2,0,2,7,11,79
2019-05-09,2,0,2,7,12,80
2019-05-10,2,0,2,7,11,88
2019-05-11,3,0,2,7,11,78
2019-05-12,3,0,2,8,11,72
2019-05-13,3,1,2,8,11,78
2019-05-14,4,1,2,8,11,83
2019-05-15,3,1,2,8,12,88
2019-05-16,3,1,2,8,12,86
2019-05-17,3,1,2,8,12,100
2019-05-18,2,0,2,8,12,82
2019-05-19,3,0,2,8,11,80
2019-05-20,3,0,2,8,11,80
2019-05-21,2,0,2,8,12,83
2019-05-22,2,0,2,8,12,83
2019-05-23,2,0,2,8,11,81
2019-05-24,2,0,2,8,11,84
2019-05-25,2,0,2,7,12,72
2019-05-26,2,0,2,7,11,69
2019-05-27,3,1,2,7,12,68
2019-05-28,3,1,2,7,11,79
2019-05-29,3,0,2,7,13,87
2019-05-30,2,0,2,6,12,88
2019-05-31,2,0,2,6,11,80
2019-06-01,2,0,2,6,11,79
2019-06-02,2,0,2,6,12,68
2019-06-03,2,0,2,6,11,71
2019-06-04,3,0,2,5,11,81
2019-06-05,2,0,2,5,11,80
2019-06-06,2,0,2,6,11,75
2019-06-07,2,0,2,7,11,77
2019-06-08,2,0,2,7,11,73
2019-06-09,2,0,2,7,11,75
2019-06-10,2,0,3,7,11,75
2019-06-11,2,0,2,7,11,76
2019-06-12,2,0,2,7,11,68
2019-06-13,2,0,2,7,11,73
2019-06-14,2,0,2,7,11,74
2019-06-15,2,0,2,7,11,78
2019-06-16,3,0,2,8,11,71
2019-06-17,3,0,3,7,11,72
2019-06-18,3,0,2,7,12,73
2019-06-19,2,0,3,7,11,71
2019-06-20,2,0,2,7,11,69
2019-06-21,3,1,2,7,12,71
2019-06-22,5,1,2,7,11,78
2019-06-23,3,0,2,7,12,76
2019-06-24,3,1,3,7,11,66
2019-06-25,4,1,3,7,12,70
2019-06-26,7,1,2,7,11,70
2019-06-27,5,1,2,7,11,67
2019-06-28,4,0,2,7,11,70
2019-06-29,3,0,2,7,12,71
2019-06-30,3,0,2,7,11,70
2019-07-01,3,0,3,7,12,67
2019-07-02,3,0,2,7,16,65
2019-07-03,3,0,2,7,11,62
2019-07-04,3,0,2,7,11,71
2019-07-05,3,0,2,7,11,90
2019-07-06,2,0,2,7,11,80
2019-07-07,2,0,2,7,11,74
2019-07-08,3,0,3,7,11,67
2019-07-09,3,1,3,7,11,70
2019-07-10,3,1,2,7,11,66
2019-07-11,3,0,2,7,11,67
2019-07-12,3,0,2,7,11,73
2019-07-13,2,0,2,7,11,68
2019-07-14,2,0,2,7,11,69
2019-07-15,3,0,3,6,11,59
2019-07-16,3,0,2,7,11,61
2019-07-17,3,1,3,7,11,59
2019-07-18,3,0,2,7,11,63
2019-07-19,3,0,2,7,11,71
2019-07-20,2,0,2,8,11,69
2019-07-21,2,0,2,7,12,75
2019-07-22,2,0,3,8,11,61
2019-07-23,2,0,2,8,11,67
2019-07-24,2,0,2,8,12,63
2019-07-25,2,0,2,8,11,62
2019-07-26,2,0,2,7,11,65
2019-07-27,2,0,2,7,11,68
2019-07-28,2,0,2,8,12,72
2019-07-29,2,0,3,8,12,61
2019-07-30,2,0,2,8,11,60
2019-07-31,2,0,2,8,12,61
2019-08-01,2,0,2,8,11,61
2019-08-02,2,0,2,8,11,71
2019-08-03,2,0,2,7,11,65
2019-08-04,2,0,2,7,11,67
2019-08-05,3,0,2,8,12,62
2019-08-06,3,0,2,8,11,62
2019-08-07,3,0,2,8,11,61
2019-08-08,2,0,2,8,11,71
2019-08-09,2,0,2,8,11,72
2019-08-10,2,0,2,7,12,69
2019-08-11,2,0,2,7,12,70
2019-08-12,2,0,2,8,11,61
2019-08-13,2,0,2,8,11,69
2019-08-14,2,0,2,8,11,66
2019-08-15,2,0,2,7,11,63
2019-08-16,2,0,2,7,12,74
2019-08-17,2,0,2,6,11,76
2019-08-18,2,0,2,7,11,69
2019-08-19,2,0,2,8,12,67
2019-08-20,2,0,2,9,11,69
2019-08-21,2,0,2,8,11,70
2019-08-22,2,0,2,8,11,70
2019-08-23,2,0,2,8,11,76
2019-08-24,2,0,2,7,11,62
2019-08-25,2,0,2,8,11,72
2019-08-26,2,0,2,8,11,65
2019-08-27,2,0,2,9,11,71
2019-08-28,3,0,2,9,12,68
2019-08-29,2,0,2,8,11,73
2019-08-30,60,0,2,8,11,79
2019-08-31,100,0,2,7,11,62
2019-09-01,98,0,2,8,11,65
2019-09-02,83,0,2,8,11,57
2019-09-03,74,0,2,9,11,69
2019-09-04,84,0,2,8,11,67
2019-09-05,87,0,2,8,11,66
2019-09-06,71,0,1,8,11,77
2019-09-07,44,0,2,8,11,67
2019-09-08,43,0,2,8,11,61
2019-09-09,42,0,2,8,10,67
2019-09-10,38,0,2,8,12,74
2019-09-11,40,0,2,9,12,72
2019-09-12,42,0,2,9,11,77
2019-09-13,41,0,2,7,11,83
2019-09-14,42,0,2,7,11,66
2019-09-15,43,0,2,8,10,65
2019-09-16,38,1,2,8,11,70
2019-09-17,38,1,2,9,11,74
2019-09-18,37,1,2,8,11,74
2019-09-19,35,1,2,9,11,77
2019-09-20,33,0,2,8,11,84
2019-09-21,37,0,2,8,11,64
2019-09-22,34,0,2,8,10,59
2019-09-23,31,0,2,8,11,70
2019-09-24,26,1,2,9,11,75
2019-09-25,23,1,2,9,11,77
2019-09-26,21,0,2,8,11,72
2019-09-27,5,0,2,8,11,79
2019-09-28,2,0,2,8,10,67
2019-09-29,2,0,2,8,10,62
2019-09-30,2,0,2,9,11,67
2019-10-01,2,0,2,8,13,76
2019-10-02,2,0,2,8,13,75
2019-10-03,2,0,2,8,13,76
2019-10-04,2,0,2,8,12,82
2019-10-05,2,0,2,8,11,62
2019-10-06,1,0,2,8,12,64
2019-10-07,2,0,2,8,11,64
2019-10-08,2,0,2,9,11,74
2019-10-09,2,0,2,9,11,72
2019-10-10,2,0,2,8,11,77
2019-10-11,2,0,1,8,11,76
2019-10-12,2,0,1,7,11,64
2019-10-13,1,0,2,8,11,68
2019-10-14,1,0,2,8,10,68
2019-10-15,1,0,2,8,11,72
2019-10-16,1,0,2,8,11,70
2019-10-17,2,0,1,8,11,75
2019-10-18,2,0,2,8,12,80
2019-10-19,2,0,2,7,11,62
2019-10-20,1,0,2,8,11,62
2019-10-21,2,0,2,8,11,67
2019-10-22,3,0,2,8,10,75
2019-10-23,2,0,2,8,11,75
2019-10-24,2,0,2,8,11,75
2019-10-25,2,0,1,8,11,82
2019-10-26,3,0,2,7,11,63
2019-10-27,2,0,2,8,11,63
2019-10-28,2,0,2,8,11,69
2019-10-29,2,0,2,8,10,85
2019-10-30,2,0,2,8,10,79
2019-10-31,2,0,2,8,10,78
2019-11-01,2,0,2,8,11,79
2019-11-02,1,0,2,7,10,74
2019-11-03,1,0,2,8,10,69
2019-11-04,2,0,2,8,12,71
2019-11-05,2,0,2,8,11,71
2019-11-06,1,0,2,8,11,76
2019-11-07,1,0,2,8,11,76
2019-11-08,2,0,2,7,10,80
2019-11-09,1,0,1,7,10,65
2019-11-10,1,0,2,7,10,58
2019-11-11,1,0,2,8,11,69
2019-11-12,2,0,2,8,11,75
2019-11-13,1,0,2,8,11,80
2019-11-14,1,0,1,8,10,84
2019-11-15,2,0,1,8,10,79
2019-11-16,1,0,1,8,11,70
2019-11-17,1,0,2,9,11,63
2019-11-18,1,0,2,9,11,72
2019-11-19,2,0,2,8,11,73
2019-11-20,2,0,2,9,11,80
2019-11-21,2,0,2,9,11,85
2019-11-22,2,0,1,7,11,85
2019-11-23,2,0,1,8,10,63
2019-11-24,2,0,1,8,10,63
2019-11-25,2,0,2,8,11,71
2019-11-26,2,0,2,8,11,72
2019-11-27,2,0,1,8,10,66
2019-11-28,2,0,1,8,10,63
2019-11-29,2,0,1,8,10,57
2019-11-30,2,0,1,7,11,61
2019-12-01,1,0,1,8,10,56
2019-12-02,1,0,2,9,10,67
2019-12-03,1,0,2,9,10,69
2019-12-04,1,0,2,9,10,74
2019-12-05,1,0,1,9,11,71
2019-12-06,1,0,1,8,10,75
2019-12-07,1,0,1,7,10,64
2019-12-08,1,0,2,8,10,58
2019-12-09,1,0,2,9,10,70
2019-12-10,1,0,2,8,10,80
2019-12-11,1,0,1,8,10,78
2019-12-12,1,0,1,7,9,79
2019-12-13,1,0,1,7,10,86
2019-12-14,1,0,1,7,10,65
2019-12-15,1,0,2,7,10,58
2019-12-16,1,0,2,7,10,70
2019-12-17,10,2,9,38,60,46
2019-12-18,10,2,8,38,57,48
2019-12-19,9,2,8,39,57,51
2019-12-20,9,2,8,39,58,52
2019-12-21,8,1,8,39,59,38
2019-12-22,9,2,8,40,58,37
2019-12-23,10,2,9,39,57,32
2019-12-24,10,2,8,40,54,37
2019-12-25,8,2,8,42,60,40
2019-12-26,8,2,11,43,69,34
2019-12-27,9,2,11,41,67,34
2019-12-28,9,2,11,40,71,35
2019-12-29,8,2,12,39,70,41
2019-12-30,8,2,12,41,76,36
2019-12-31,8,2,10,42,69,39
2020-01-01,8,2,11,39,69,42
2020-01-02,9,2,15,37,72,41
2020-01-03,9,2,13,39,66,35
2020-01-04,9,2,11,38,66,42
2020-01-05,9,2,13,41,64,38
2020-01-06,9,2,13,41,65,40
2020-01-07,12,3,13,45,68,43
2020-01-08,14,2,12,43,61,45
2020-01-09,10,2,13,44,65,45
2020-01-10,10,2,11,42,66,49
2020-01-11,10,2,11,43,70,42
2020-01-12,9,2,14,43,68,43
2020-01-13,9,2,14,45,69,43
2020-01-14,13,3,13,50,66,45
2020-01-15,13,3,12,48,68,45
2020-01-16,10,2,12,45,68,48
2020-01-17,11,2,11,43,66,47
2020-01-18,10,2,11,42,65,46
2020-01-19,11,2,13,43,67,38
2020-01-20,10,2,14,45,66,34
2020-01-21,9,2,12,45,64,41
2020-01-22,8,2,12,46,69,47
2020-01-23,9,2,11,45,65,46
2020-01-24,9,2,11,39,64,48
2020-01-25,9,2,11,40,68,44
2020-01-26,8,2,12,42,64,42
2020-01-27,9,2,12,43,62,42
2020-01-28,11,2,12,48,64,47
2020-01-29,12,2,11,47,59,48
2020-01-30,11,3,11,47,66,48
2020-01-31,10,2,11,44,65,49
2020-02-01,10,2,10,39,66,42
2020-02-02,9,2,12,43,61,36
2020-02-03,9,3,12,45,62,43
2020-02-04,10,2,11,45,62,45
2020-02-05,10,3,11,47,58,47
2020-02-06,13,3,11,47,65,47
2020-02-07,13,3,11,43,64,49
2020-02-08,11,3,10,40,69,43
2020-02-09,14,3,12,44,62,43
2020-02-10,13,3,13,46,64,43
2020-02-11,12,3,11,47,64,45
2020-02-12,14,4,12,49,70,48
2020-02-13,13,4,11,45,64,48
2020-02-14,12,3,9,44,63,46
2020-02-15,11,4,10,43,66,42
2020-02-16,11,3,12,44,65,42
2020-02-17,12,4,13,46,66,32
2020-02-18,11,4,13,47,65,44
2020-02-19,12,4,11,46,66,46
2020-02-20,11,3,11,45,65,48
2020-02-21,10,3,11,43,65,50
2020-02-22,9,2,10,43,63,43
2020-02-23,10,2,12,43,62,42
2020-02-24,11,3,12,45,65,44
2020-02-25,10,3,11,45,63,45
2020-02-26,12,3,10,45,67,43
2020-02-27,12,3,9,45,63,43
2020-02-28,11,3,10,41,68,49
2020-02-29,8,2,9,41,64,39
2020-03-01,9,2,11,41,67,40
2020-03-02,10,3,11,49,64,43
2020-03-03,9,3,11,48,64,47
2020-03-04,9,3,10,45,63,44
2020-03-05,10,3,10,45,63,45
2020-03-06,11,2,10,45,62,52
2020-03-07,11,2,9,40,61,41
2020-03-08,10,2,10,46,60,41
2020-03-09,16,3,11,45,61,44
2020-03-10,13,3,9,47,58,45
2020-03-11,11,3,10,44,60,43
2020-03-12,24,4,9,47,61,44
2020-03-13,32,5,8,44,58,46
2020-03-14,21,3,8,47,61,40
2020-03-15,17,2,8,43,57,38
2020-03-16,22,3,7,51,50,36
2020-03-17,17,3,6,61,53,36
2020-03-18,16,2,6,64,52,35
2020-03-19,17,2,5,64,54,38
2020-03-20,18,3,5,63,57,37
2020-03-21,16,2,5,59,62,43
2020-03-22,14,2,5,55,60,34
2020-03-23,14,2,5,69,56,34
2020-03-24,15,2,5,68,56,38
2020-03-25,13,2,4,55,55,39
2020-03-26,12,2,4,66,56,36
2020-03-27,12,2,4,62,71,37
2020-03-28,12,2,4,59,61,36
2020-03-29,11,2,4,56,59,38
2020-03-30,12,2,5,66,56,36
2020-03-31,11,2,5,69,53,38
2020-04-01,10,2,4,65,54,34
2020-04-02,13,2,4,67,55,37
2020-04-03,12,2,4,64,60,35
2020-04-04,10,2,4,58,61,38
2020-04-05,9,2,3,51,59,35
2020-04-06,13,2,4,67,57,32
2020-04-07,13,2,4,67,55,37
2020-04-08,12,2,4,66,56,35
2020-04-09,10,2,4,66,55,36
2020-04-10,12,2,4,55,61,36
2020-04-11,10,2,4,61,61,37
2020-04-12,10,2,4,53,66,34
2020-04-13,12,2,5,74,59,35
2020-04-14,10,2,4,66,53,34
2020-04-15,11,2,5,67,59,35
2020-04-16,12,2,4,80,56,33
2020-04-17,10,2,4,82,57,37
2020-04-18,11,2,5,62,62,34
2020-04-19,11,2,5,51,80,39
2020-04-20,11,3,5,63,59,36
2020-04-21,11,2,5,57,61,34
2020-04-22,10,2,5,57,61,36
2020-04-23,12,3,5,48,61,34
2020-04-24,12,2,4,42,64,37
2020-04-25,11,3,4,43,63,34
2020-04-26,12,3,5,44,65,42
2020-04-27,13,3,5,53,65,36
2020-04-28,12,3,6,53,61,39
2020-04-29,17,3,5,51,60,37
2020-04-30,21,3,6,54,62,37
2020-05-01,16,3,5,46,63,40
2020-05-02,15,3,6,50,68,40
2020-05-03,15,3,6,47,69,39
2020-05-04,15,3,6,55,65,35
2020-05-05,14,3,6,55,68,36
2020-05-06,16,3,6,59,64,36
2020-05-07,20,3,6,52,68,40
2020-05-08,22,3,6,54,69,39
2020-05-09,19,3,6,49,70,39
2020-05-10,23,3,7,44,64,46
2020-05-11,25,3,6,59,62,47
2020-05-12,20,3,7,56,63,45
2020-05-13,17,3,7,51,64,43
2020-05-14,19,3,7,55,65,41
2020-05-15,17,3,7,52,63,39
2020-05-16,15,2,8,50,65,43
2020-05-17,15,3,8,45,66,41
2020-05-18,15,3,7,47,74,39
2020-05-19,14,3,7,46,68,40
2020-05-20,13,2,8,42,71,39
2020-05-21,15,2,7,40,76,42
2020-05-22,14,2,7,39,74,43
2020-05-23,12,2,8,34,70,47
2020-05-24,13,2,8,33,70,50
2020-05-25,14,2,8,33,70,50
2020-05-26,13,3,9,39,67,56
2020-05-27,13,3,8,42,72,51
2020-05-28,13,3,8,42,71,53
2020-05-29,13,3,8,43,70,53
2020-05-30,12,3,8,39,73,53
2020-05-31,12,3,8,43,71,50
2020-06-01,12,3,9,44,70,45
2020-06-02,18,4,9,67,71,45
2020-06-03,15,3,9,77,71,48
2020-06-04,13,3,9,79,70,47
2020-06-05,12,3,8,80,72,48
2020-06-06,12,2,9,71,68,48
2020-06-07,12,3,11,55,68,49
2020-06-08,11,3,11,100,68,50
2020-06-09,12,3,11,96,66,47
2020-06-10,14,3,11,80,66,47
2020-06-11,13,3,10,72,67,46
2020-06-12,12,3,10,68,67,49
2020-06-13,10,2,10,60,68,46
2020-06-14,10,3,11,48,66,49
2020-06-15,12,3,13,55,67,44
2020-06-16,11,3,12,52,66,45
2020-06-17,10,3,11,50,64,44
2020-06-18,10,3,10,47,66,42
2020-06-19,10,3,9,45,68,45
2020-06-20,10,2,9,42,75,47
2020-06-21,9,2,11,42,72,49
2020-06-22,10,3,13,42,69,43
2020-06-23,11,3,13,40,76,44
2020-06-24,12,3,13,42,75,44
2020-06-25,11,3,12,43,85,41
2020-06-26,10,3,11,42,76,48
2020-06-27,10,3,11,40,75,46
2020-06-28,10,3,14,40,72,47
2020-06-29,10,3,13,40,68,40
2020-06-30,10,3,12,39,68,40
2020-07-01,10,3,12,41,68,40
2020-07-02,10,3,11,39,77,44
2020-07-03,10,3,11,42,74,46
2020-07-04,9,2,10,41,81,47
2020-07-05,9,3,13,40,78,47
2020-07-06,10,3,14,40,70,43
2020-07-07,10,3,13,39,70,62
2020-07-08,11,3,13,44,75,100
2020-07-09,11,3,12,42,72,77
2020-07-10,10,3,11,41,72,62
2020-07-11,9,3,11,41,66,56
2020-07-12,9,3,14,41,68,54
2020-07-13,9,3,15,45,67,48
2020-07-14,9,3,14,48,69,49
2020-07-15,12,3,12,51,66,48
2020-07-16,13,3,12,52,66,47
2020-07-17,10,3,11,52,68,50
2020-07-18,9,3,10,55,71,63
2020-07-19,8,3,14,47,72,61
2020-07-20,9,3,15,61,66,47
2020-07-21,10,3,13,70,68,46
2020-07-22,10,3,13,70,64,45
2020-07-23,11,5,12,69,65,43
2020-07-24,11,4,11,68,67,46
2020-07-25,11,5,12,57,65,50
2020-07-26,14,6,13,51,78,47
2020-07-27,21,7,14,72,66,48
2020-07-28,23,5,13,72,64,45
2020-07-29,17,5,13,70,61,45
2020-07-30,15,4,12,62,63,45
2020-07-31,16,5,11,42,64,47
2020-08-01,20,6,11,50,67,49
2020-08-02,21,7,13,46,67,49
2020-08-03,17,6,14,68,65,44
2020-08-04,15,6,12,70,64,42
2020-08-05,15,5,11,76,64,45
2020-08-06,16,5,10,75,65,43
2020-08-07,15,5,10,76,64,44
2020-08-08,14,4,10,59,74,46
2020-08-09,13,5,12,52,68,47
2020-08-10,16,5,13,76,63,42
2020-08-11,15,5,12,76,69,40
2020-08-12,14,5,11,73,61,43
2020-08-13,13,5,11,71,70,43
2020-08-14,13,6,10,68,68,42
2020-08-15,13,5,10,58,67,46
2020-08-16,13,5,12,48,69,45
2020-08-17,16,5,13,47,66,43
2020-08-18,17,5,11,68,69,47
2020-08-19,14,5,10,70,64,45
2020-08-20,14,4,11,47,65,47
2020-08-21,12,4,9,50,68,48
2020-08-22,12,4,9,56,68,47
2020-08-23,10,4,11,49,65,46
2020-08-24,12,4,11,75,68,41
2020-08-25,13,4,11,72,65,44
2020-08-26,12,4,9,74,63,45
2020-08-27,12,3,9,75,69,47
2020-08-28,10,3,9,74,66,47
2020-08-29,10,3,8,59,63,44
2020-08-30,10,4,10,53,67,45
2020-08-31,11,5,10,73,68,43
2020-09-01,13,6,9,70,67,44
2020-09-02,13,6,9,73,67,47
2020-09-03,14,5,9,71,65,51
2020-09-04,16,5,8,68,66,49
2020-09-05,15,5,8,62,66,43
2020-09-06,12,5,9,47,64,43
2020-09-07,12,4,10,78,66,40
2020-09-08,12,4,9,72,63,45
2020-09-09,12,4,9,72,63,44
2020-09-10,11,4,8,75,62,45
2020-09-11,12,4,8,68,67,47
2020-09-12,7,3,7,45,48,2
2020-09-13,7,3,7,36,46,2
2020-09-14,8,3,7,63,49,2
2020-09-15,9,3,7,60,46,2
2020-09-16,9,3,6,59,46,2
2020-09-17,8,4,6,59,46,3
2020-09-18,7,3,6,54,51,3
2020-09-19,7,3,5,47,49,2
2020-09-20,6,2,6,40,44,2
2020-09-21,8,3,6,72,46,3
2020-09-22,8,3,6,69,46,2
2020-09-23,7,3,6,66,45,3
2020-09-24,7,3,6,64,46,3
2020-09-25,7,2,5,65,48,3
2020-09-26,6,2,5,48,48,3
2020-09-27,6,2,7,41,46,3
2020-09-28,7,3,6,68,47,2
2020-09-29,7,2,6,62,47,2
2020-09-30,6,2,5,61,46,2
2020-10-01,7,2,6,64,47,2
2020-10-02,7,2,6,60,51,2
2020-10-03,6,2,6,46,46,2
2020-10-04,6,2,6,40,45,2
2020-10-05,6,2,6,70,45,2
2020-10-06,6,2,6,68,47,2
2020-10-07,6,2,5,61,49,2
2020-10-08,7,2,5,58,48,2
2020-10-09,7,2,6,57,48,2
2020-10-10,10,2,5,48,47,2
2020-10-11,7,2,6,42,46,2
2020-10-12,8,2,6,67,49,2
2020-10-13,8,2,6,62,47,2
2020-10-14,7,2,5,59,48,2
2020-10-15,7,2,5,55,50,2
2020-10-16,7,2,5,52,46,2
2020-10-17,7,2,5,45,50,2
2020-10-18,6,2,6,39,46,2
2020-10-19,7,2,6,55,47,2
2020-10-20,9,2,5,55,47,2
2020-10-21,13,2,5,54,51,2
2020-10-22,13,3,5,54,49,2
2020-10-23,11,3,5,50,52,2
2020-10-24,9,2,5,42,46,2
2020-10-25,9,2,6,38,45,2
2020-10-26,10,2,6,51,48,2
2020-10-27,12,3,5,50,50,2
2020-10-28,13,2,5,38,46,2
2020-10-29,11,2,5,35,51,2
2020-10-30,10,2,5,37,47,2
2020-10-31,11,2,4,40,47,2
2020-11-01,10,2,5,37,42,2
2020-11-02,10,2,5,53,46,2
2020-11-03,10,2,5,52,47,2
2020-11-04,10,2,4,46,41,2
2020-11-05,15,3,4,46,45,2
2020-11-06,16,3,4,45,51,2
2020-11-07,13,3,4,40,46,2
2020-11-08,12,3,5,36,45,2
2020-11-09,12,3,5,50,51,2
2020-11-10,10,3,5,50,50,2
2020-11-11,11,3,5,52,49,2
2020-11-12,13,3,5,51,49,2
2020-11-13,15,3,5,50,50,2
2020-11-14,11,2,5,41,46,2
2020-11-15,9,2,5,39,45,2
2020-11-16,13,3,5,54,46,2
2020-11-17,18,3,5,51,46,2
2020-11-18,22,3,5,55,47,2
2020-11-19,16,3,5,49,48,2
2020-11-20,18,4,4,46,50,2
2020-11-21,18,4,4,41,46,2
2020-11-22,16,4,5,40,47,2
2020-11-23,16,5,5,59,49,2
2020-11-24,20,5,5,55,50,2
2020-11-25,17,4,5,55,45,2
2020-11-26,23,4,4,59,55,2
2020-11-27,17,3,4,54,56,2
2020-11-28,14,3,4,47,55,2
2020-11-29,13,3,5,39,49,2
2020-11-30,19,4,5,94,51,2
2020-12-01,19,4,5,100,53,2
2020-12-02,15,3,5,92,47,2
2020-12-03,14,3,5,100,52,2
2020-12-04,13,3,5,91,50,2
2020-12-05,13,3,5,69,51,2
2020-12-06,11,3,5,48,47,2
2020-12-07,13,3,5,93,49,2
2020-12-08,12,3,6,76,47,2
2020-12-09,13,3,6,51,49,2
2020-12-10,12,3,9,67,53,2
2020-12-11,12,3,6,60,53,2
2020-12-12,15,2,5,48,52,2
2020-12-13,14,2,5,37,48,2
2020-12-14,12,3,5,53,59,2
2020-12-15,12,3,6,40,47,2
2020-12-16,22,4,5,37,45,2
2020-12-17,35,5,5,37,51,2
2020-12-18,22,4,5,36,51,2
2020-12-19,21,3,5,34,49,2
2020-12-20,20,3,6,32,48,3
2020-12-21,20,3,5,33,51,3
2020-12-22,17,3,5,33,47,2
2020-12-23,17,3,5,34,43,2
2020-12-24,16,3,4,33,45,3
2020-12-25,18,3,4,33,49,3
2020-12-26,25,4,6,32,52,2
2020-12-27,34,6,6,33,53,2
2020-12-28,26,6,6,33,53,2
2020-12-29,21,4,7,33,48,2
2020-12-30,24,5,6,32,50,2
2020-12-31,25,4,5,34,49,2
2021-01-01,23,4,6,31,53,3
2021-01-02,42,6,7,32,55,8
2021-01-03,42,10,7,31,50,7
2021-01-04,38,12,6,38,48,4
2021-01-05,30,8,6,39,47,3
2021-01-06,35,9,6,40,45,3
2021-01-07,51,11,6,41,49,3
2021-01-08,47,10,5,37,52,4
2021-01-09,37,8,5,37,51,4
2021-01-10,40,10,6,35,51,3
2021-01-11,59,10,6,45,48,3
2021-01-12,41,7,5,48,47,3
2021-01-13,32,6,6,47,49,3
2021-01-14,36,6,6,46,50,3
2021-01-15,32,7,6,44,49,3
2021-01-16,29,6,6,38,50,3
2021-01-17,27,6,6,35,46,2
2021-01-18,24,5,7,46,48,2
2021-01-19,24,10,6,46,46,2
2021-01-20,23,8,5,50,48,2
2021-01-21,29,6,5,46,46,2
2021-01-22,33,6,6,46,50,2
2021-01-23,22,6,6,40,50,2
2021-01-24,20,6,6,35,49,2
2021-01-25,22,8,6,50,50,2
2021-01-26,19,6,6,49,46,2
2021-01-27,22,6,6,48,49,3
2021-01-28,23,5,6,50,51,25
2021-01-29,37,7,6,50,49,98
2021-01-30,24,6,6,41,51,36
2021-01-31,21,6,6,38,48,22
2021-02-01,22,5,7,51,46,18
2021-02-02,21,8,6,53,45,11
2021-02-03,22,11,6,50,46,9
2021-02-04,22,11,6,49,49,32
2021-02-05,21,9,7,49,48,17
2021-02-06,27,9,7,46,49,15
2021-02-07,21,8,7,41,48,34
2021-02-08,42,10,7,55,45,32
2021-02-09,47,10,9,56,47,20
2021-02-10,33,8,11,56,49,14
2021-02-11,31,8,8,55,48,11
2021-02-12,30,8,7,41,50,10
2021-02-13,26,7,7,43,48,8
2021-02-14,29,7,7,40,44,8
2021-02-15,28,7,7,57,48,9
2021-02-16,33,7,7,53,47,8
2021-02-17,35,8,8,51,50,8
2021-02-18,33,9,11,55,50,8
2021-02-19,37,10,19,53,50,7
2021-02-20,40,12,15,50,50,7
2021-02-21,35,9,13,42,48,8
2021-02-22,43,11,12,58,51,7
2021-02-23,51,11,11,58,51,6
2021-02-24,37,8,10,55,53,7
2021-02-25,31,7,9,57,51,6
2021-02-26,33,7,9,57,46,5
2021-02-27,28,7,9,55,50,5
2021-02-28,31,7,10,47,49,5
2021-03-01,30,7,10,74,49,5
2021-03-02,26,5,9,70,50,5
2021-03-03,27,6,9,64,48,5
2021-03-04,24,6,7,65,50,5
2021-03-05,23,5,7,63,50,5
2021-03-06,21,5,7,49,48,5
2021-03-07,22,6,8,45,48,5
2021-03-08,23,7,9,72,47,6
2021-03-09,28,7,10,70,47,5
2021-03-10,27,6,9,64,51,5
2021-03-11,26,6,9,43,51,5
2021-03-12,26,5,8,58,51,5
2021-03-13,35,7,8,49,52,5
2021-03-14,31,7,10,44,51,7
2021-03-15,29,6,9,74,55,5
2021-03-16,28,6,9,90,55,5
2021-03-17,25,5,9,72,53,4
2021-03-18,25,6,8,72,49,4
2021-03-19,22,5,8,67,49,4
2021-03-20,21,5,7,49,49,4
2021-03-21,22,6,9,44,48,4
2021-03-22,23,5,9,63,51,4
2021-03-23,23,5,9,61,49,3
2021-03-24,25,6,9,64,53,4
2021-03-25,29,6,8,57,49,3
2021-03-26,24,6,7,54,50,4
2021-03-27,21,5,8,46,50,4
2021-03-28,21,5,10,42,48,3
2021-03-29,23,6,9,59,50,3
2021-03-30,25,6,10,58,46,3
2021-03-31,24,6,10,56,47,3
2021-04-01,24,6,11,54,44,6
2021-04-02,23,8,11,41,42,5
2021-04-03,22,8,10,43,46,4
2021-04-04,22,6,10,39,47,4
2021-04-05,22,6,12,59,50,4
2021-04-06,21,6,11,57,48,4
2021-04-07,22,6,11,54,46,4
2021-04-08,22,5,11,53,47,3
2021-04-09,21,6,11,50,47,4
2021-04-10,24,6,13,43,48,4
2021-04-11,22,6,14,38,47,7
2021-04-12,22,6,20,41,50,5
2021-04-13,30,8,15,36,48,9
2021-04-14,31,9,13,41,48,27
2021-04-15,25,9,13,44,49,23
2021-04-16,27,8,13,44,48,99
2021-04-17,23,7,13,40,48,44
2021-04-18,42,9,15,40,48,30
2021-04-19,33,7,16,48,50,43
2021-04-20,31,7,22,49,52,52
2021-04-21,26,8,18,58,49,25
2021-04-22,30,10,13,51,48,21
2021-04-23,44,9,12,49,51,22
2021-04-24,33,7,12,45,53,16
2021-04-25,29,7,12,39,48,13
2021-04-26,32,7,12,48,51,11
2021-04-27,26,8,12,48,51,10
2021-04-28,25,9,11,46,48,17
2021-04-29,22,8,12,46,48,13
2021-04-30,23,7,13,43,49,12
2021-05-01,22,9,13,37,47,18
2021-05-02,19,9,13,36,47,16
2021-05-03,22,17,15,44,49,20
2021-05-04,24,16,13,42,49,59
2021-05-05,23,13,13,47,47,62
2021-05-06,21,13,13,45,51,37
2021-05-07,21,11,13,44,48,41
2021-05-08,21,14,15,41,47,63
2021-05-09,21,16,16,40,49,100
2021-05-10,23,19,18,40,49,46
2021-05-11,21,16,17,35,49,33
2021-05-12,22,16,15,32,48,25
2021-05-13,43,17,15,35,49,32
2021-05-14,28,13,14,39,48,37
2021-05-15,26,11,13,47,47,22
2021-05-16,30,12,15,44,48,20
2021-05-17,41,12,14,41,47,18
2021-05-18,31,10,13,41,48,15
2021-05-19,76,20,14,45,52,25
2021-05-20,53,13,12,42,51,19
2021-05-21,43,12,11,43,50,15
2021-05-22,39,10,10,41,49,13
2021-05-23,45,13,14,43,45,14
2021-05-24,42,11,13,49,51,13
2021-05-25,32,9,12,52,50,11
2021-05-26,29,9,12,45,53,10
2021-05-27,25,8,11,54,56,10
2021-05-28,28,7,10,55,53,8
2021-05-29,28,7,10,49,51,8
2021-05-30,25,7,11,44,52,8
2021-05-31,25,7,11,57,54,8
2021-06-01,24,7,12,46,51,9
2021-06-02,23,6,12,72,55,18
2021-06-03,22,7,11,71,55,15
2021-06-04,24,6,11,66,54,10
2021-06-05,21,6,11,55,57,9
2021-06-06,22,6,12,46,52,8
2021-06-07,22,6,12,91,56,8
2021-06-08,33,7,12,83,57,8
2021-06-09,22,5,9,62,47,34
2021-06-10,20,4,9,55,47,34
2021-06-11,17,4,8,51,45,30
2021-06-12,15,4,7,39,45,33
2021-06-13,16,4,9,33,48,31
2021-06-14,22,4,9,37,42,31
2021-06-15,17,4,9,42,43,27
2021-06-16,16,4,9,39,44,28
2021-06-17,15,4,8,33,42,25
2021-06-18,15,4,8,31,42,30
2021-06-19,14,4,7,30,43,29
2021-06-20,15,4,8,29,39,32
2021-06-21,22,5,9,31,42,47
2021-06-22,29,6,9,34,40,48
2021-06-23,20,5,8,36,42,35
2021-06-24,17,4,9,32,40,32
2021-06-25,17,4,8,32,43,34
2021-06-26,17,4,8,31,41,28
2021-06-27,16,4,10,31,40,29
2021-06-28,16,5,9,29,39,28
2021-06-29,16,5,9,31,38,29
2021-06-30,14,5,9,31,40,25
2021-07-01,14,4,8,31,41,65
2021-07-02,13,4,8,29,40,61
2021-07-03,13,4,7,31,40,47
2021-07-04,13,5,10,31,41,68
2021-07-05,13,5,9,30,41,51
2021-07-06,12,5,9,31,38,44
2021-07-07,12,5,9,31,39,35
2021-07-08,13,5,9,31,39,36
2021-07-09,12,5,9,31,40,36
2021-07-10,11,4,8,31,44,35
2021-07-11,10,4,8,29,38,28
2021-07-12,12,4,9,32,41,27
2021-07-13,12,5,9,34,39,25
2021-07-14,12,5,9,35,39,29
2021-07-15,12,4,9,35,42,29
2021-07-16,12,5,9,36,43,29
2021-07-17,12,4,8,34,45,32
2021-07-18,11,5,9,31,40,29
2021-07-19,13,4,10,32,41,27
2021-07-20,18,5,9,27,38,30
2021-07-21,16,5,9,35,42,32
2021-07-22,14,4,9,35,42,28
2021-07-23,12,4,8,38,42,26
2021-07-24,14,5,8,40,40,27
2021-07-25,14,4,10,30,39,26
2021-07-26,26,6,10,44,41,31
2021-07-27,18,5,10,46,39,25
2021-07-28,19,5,10,48,37,25
2021-07-29,15,4,9,44,39,23
2021-07-30,14,4,8,41,40,22
2021-07-31,15,5,9,39,56,25
2021-08-01,15,6,10,31,40,24
2021-08-02,14,5,9,45,40,21
2021-08-03,14,6,9,50,39,23
2021-08-04,13,7,9,48,38,22
2021-08-05,14,10,8,48,41,23
2021-08-06,15,8,8,44,40,25
2021-08-07,17,8,9,39,38,35
2021-08-08,16,7,10,34,39,34
2021-08-09,19,7,9,46,41,28
2021-08-10,17,7,9,48,42,26
2021-08-11,16,7,10,39,40,35
2021-08-12,16,6,9,48,44,26
2021-08-13,16,6,8,50,40,26
2021-08-14,15,6,8,44,41,29
2021-08-15,14,6,9,36,39,40
2021-08-16,15,5,9,46,40,36
2021-08-17,14,5,9,35,40,30
2021-08-18,14,5,8,52,44,27
2021-08-19,13,5,9,51,44,28
2021-08-20,16,6,8,55,44,29
2021-08-21,16,5,8,43,43,27
2021-08-22,14,5,9,39,44,26
2021-08-23,18,6,10,62,42,28
2021-08-24,16,7,9,49,46,27
2021-08-25,15,6,9,57,41,24
2021-08-26,14,6,9,50,41,25
2021-08-27,13,5,8,49,41,23
2021-08-28,13,5,8,39,41,22
2021-08-29,12,6,8,37,40,22
2021-08-30,13,6,9,48,39,21
2021-08-31,13,6,9,49,42,20
2021-09-01,12,8,8,51,40,22
2021-09-02,14,8,7,52,38,26
2021-09-03,13,8,7,45,41,25
2021-09-04,12,7,7,40,40,27
2021-09-05,12,6,8,37,37,29
2021-09-06,14,6,8,50,41,25
2021-09-07,23,8,9,51,44,25
2021-09-08,19,7,8,50,38,23
2021-09-09,15,6,8,49,42,21
2021-09-10,14,5,7,46,39,21
2021-09-11,12,5,7,41,40,20
2021-09-12,11,5,8,39,39,21
2021-09-13,14,5,7,52,41,19
2021-09-14,13,5,7,51,39,19
2021-09-15,13,5,8,52,38,20
2021-09-16,12,5,7,49,39,20
2021-09-17,11,5,7,49,41,21
2021-09-18,12,5,7,38,39,21
2021-09-19,10,5,8,34,37,19
2021-09-20,17,5,8,57,39,19
2021-09-21,17,6,8,57,38,20
2021-09-22,15,5,8,55,39,20
2021-09-23,13,5,8,52,38,19
2021-09-24,17,6,7,51,38,21
2021-09-25,13,5,6,40,37,19
2021-09-26,12,5,6,34,36,17
2021-09-27,13,5,7,53,40,16
2021-09-28,13,5,7,47,42,16
2021-09-29,12,5,7,51,41,17
2021-09-30,11,5,6,48,37,17
2021-10-01,16,6,7,48,40,19
2021-10-02,13,5,7,37,35,18
2021-10-03,11,5,8,32,36,17
2021-10-04,13,6,7,47,35,22
2021-10-05,16,6,8,46,39,25
2021-10-06,20,7,8,49,39,30
2021-10-07,18,6,7,47,41,30
2021-10-08,16,6,7,43,37,26
2021-10-09,13,5,7,39,37,25
2021-10-10,13,5,7,32,35,23
2021-10-11,17,5,8,45,38,24
2021-10-12,17,5,9,45,36,23
2021-10-13,15,5,8,47,39,26
2021-10-14,15,6,9,45,40,30
2021-10-15,25,7,8,41,38,26
2021-10-16,20,6,7,36,37,26
2021-10-17,15,6,8,35,37,23
2021-10-18,19,6,8,38,36,31
2021-10-19,21,6,8,38,40,27
2021-10-20,28,8,8,35,38,28
2021-10-21,25,9,8,40,39,26
2021-10-22,19,7,7,41,41,26
2021-10-23,15,5,7,33,38,26
2021-10-24,15,6,7,32,37,33
2021-10-25,15,7,8,40,38,31
2021-10-26,15,7,8,38,38,34
2021-10-27,17,7,9,41,39,43
2021-10-28,16,8,9,41,35,82
2021-10-29,14,9,10,40,37,58
2021-10-30,13,7,8,33,36,52
2021-10-31,13,7,9,35,34,50
2021-11-01,14,7,10,42,35,49
2021-11-02,15,10,10,43,37,50
2021-11-03,15,9,9,43,37,40
2021-11-04,14,9,9,42,39,37
2021-11-05,12,7,10,38,38,34
2021-11-06,11,6,9,34,36,33
2021-11-07,12,7,11,33,38,34
2021-11-08,19,9,10,42,44,37
2021-11-09,20,9,9,46,46,33
2021-11-10,17,8,9,41,42,33
2021-11-11,15,8,9,40,44,29
2021-11-12,15,7,8,39,42,29
2021-11-13,13,7,8,34,44,31
2021-11-14,13,6,9,34,42,32
2021-11-15,14,7,9,40,43,33
2021-11-16,20,8,10,44,43,28
2021-11-17,17,8,8,42,42,34
2021-11-18,17,8,8,43,43,28
2021-11-19,16,7,8,39,41,26
2021-11-20,14,6,8,34,40,26
2021-11-21,13,6,9,34,38,25
2021-11-22,15,6,8,45,41,24
2021-11-23,15,7,8,44,43,29
2021-11-24,14,6,8,47,41,25
2021-11-25,13,7,8,44,39,24
2021-11-26,18,7,8,42,40,24
2021-11-27,15,6,8,35,40,23
2021-11-28,14,6,8,36,40,23
2021-11-29,15,6,9,57,39,25
2021-11-30,15,8,9,56,46,29
2021-12-01,14,8,9,58,41,25
2021-12-02,13,6,8,58,43,27
2021-12-03,15,6,8,52,41,24
2021-12-04,33,9,8,40,40,27
2021-12-05,21,7,8,37,38,24
2021-12-06,21,7,9,57,36,22
2021-12-07,17,7,9,54,38,23
2021-12-08,16,6,9,51,37,21
2021-12-09,17,6,8,52,41,20
2021-12-10,16,7,7,50,43,21
2021-12-11,14,6,7,37,42,21
2021-12-12,13,6,7,34,39,21
2021-12-13,16,6,8,41,39,21
2021-12-14,17,7,9,42,41,52
2021-12-15,17,6,7,38,41,36
2021-12-16,16,6,7,37,42,28
2021-12-17,16,7,8,37,40,25
2021-12-18,13,7,7,32,40,23
2021-12-19,13,6,7,30,37,22
2021-12-20,16,6,7,32,38,23
2021-12-21,16,6,7,31,40,22
2021-12-22,14,6,7,31,37,22
2021-12-23,15,6,7,32,36,23
2021-12-24,15,6,6,31,36,27
2021-12-25,14,6,7,31,36,30
2021-12-26,14,6,9,29,41,27
2021-12-27,14,6,10,29,40,25
2021-12-28,15,7,10,31,44,23
2021-12-29,15,7,9,30,41,23
2021-12-30,15,6,8,31,38,22
2021-12-31,13,5,7,29,39,24
2022-01-01,15,8,10,31,40,31
2022-01-02,15,9,11,30,42,40
2022-01-03,15,10,11,31,43,32
2022-01-04,32,20,23,68,91,73
2022-01-05,14,9,9,27,34,28
2022-01-06,21,10,9,30,37,36
2022-01-07,25,12,11,34,44,43
2022-01-08,22,11,11,34,46,35
2022-01-09,19,12,11,35,42,35
2022-01-10,22,11,11,37,40,37
2022-01-11,19,11,12,38,44,36
2022-01-12,19,11,11,37,44,35
2022-01-13,35,23,22,82,98,72
2022-01-14,13,9,8,32,37,54
2022-01-15,15,11,11,35,46,51
2022-01-16,27,19,22,66,79,100
2022-01-17,12,9,9,34,35,35
2022-01-18,14,9,9,36,37,33
2022-01-19,14,10,9,36,40,35
2022-01-20,15,10,10,36,39,35
2022-01-21,30,13,9,36,43,34
2022-01-22,39,16,11,35,45,37
2022-01-23,29,13,11,39,43,31
2022-01-24,82,31,23,100,94,67
2022-01-25,23,11,9,42,38,27
2022-01-26,23,11,9,39,37,29
2022-01-27,20,10,9,35,37,26
2022-01-28,19,11,10,39,44,28
2022-01-29,18,10,9,34,46,31
2022-01-30,16,11,11,35,42,28
2022-01-31,18,10,10,36,42,27
2022-02-01,18,11,10,36,41,28
2022-02-02,17,10,10,41,43,27
2022-02-03,16,9,10,41,41,25
2022-02-04,20,12,9,39,45,27
2022-02-05,20,12,10,38,44,29
2022-02-06,16,10,11,34,42,28
2022-02-07,23,12,12,44,43,31
2022-02-08,20,11,11,47,43,26
2022-02-09,18,10,11,49,41,26
2022-02-10,16,10,9,35,37,22
2022-02-11,17,9,10,43,43,24
2022-02-12,16,8,9,36,43,25
2022-02-13,14,9,10,38,44,28
2022-02-14,16,9,9,52,43,24
2022-02-15,17,10,11,59,46,24
2022-02-16,15,9,11,52,44,23
2022-02-17,16,9,10,52,44,24
2022-02-18,17,9,9,52,45,29
2022-02-19,15,9,10,42,45,28
2022-02-20,17,9,11,41,44,23
2022-02-21,18,9,11,60,46,22
2022-02-22,19,9,10,56,42,22
2022-02-23,17,9,10,53,46,23
2022-02-24,31,11,9,55,43,23
2022-02-25,20,8,9,49,46,21
2022-02-26,17,8,8,40,45,22
2022-02-27,18,8,9,36,44,21
2022-02-28,21,8,9,41,48,22
2022-03-01,24,9,9,59,48,22
2022-03-02,19,8,9,48,49,21
2022-03-03,16,8,9,38,46,20
2022-03-04,18,7,9,51,46,20
2022-03-05,15,7,9,42,45,21
2022-03-06,21,9,14,56,58,36
2022-03-07,25,10,13,100,61,34
2022-03-08,21,9,12,80,61,34
2022-03-09,26,10,12,75,64,37
2022-03-10,23,9,12,82,63,34
2022-03-11,22,8,11,77,71,36
2022-03-12,18,9,12,66,62,36
2022-03-13,18,8,12,56,61,36
2022-03-14,20,9,13,90,60,35
2022-03-15,20,9,12,76,62,35
2022-03-16,22,9,12,72,64,32
2022-03-17,20,10,11,84,70,33
2022-03-18,19,10,11,82,66,36
2022-03-19,19,9,11,66,66,40
2022-03-20,17,9,12,55,66,34
2022-03-21,18,9,13,80,68,33
2022-03-22,21,10,13,70,71,36
2022-03-23,18,10,12,67,68,36
2022-03-24,21,10,11,69,65,43
2022-03-25,22,10,10,63,72,44
2022-03-26,19,9,10,58,76,37
2022-03-27,21,9,11,53,68,42
2022-03-28,27,12,11,69,60,45
2022-03-29,23,11,11,67,60,41
2022-03-30,21,11,11,68,62,37
2022-03-31,20,10,10,60,63,38
2022-04-01,20,9,10,54,61,38
2022-04-02,17,9,10,49,58,36
2022-04-03,17,10,12,52,64,38
2022-04-04,18,9,12,53,63,43
2022-04-05,18,10,12,57,60,50
2022-04-06,21,10,11,57,63,43
2022-04-07,18,9,10,59,59,39
2022-04-08,18,9,11,53,61,41
2022-04-09,17,8,10,54,58,37
2022-04-10,16,8,11,53,57,40
2022-04-11,22,9,11,59,58,40
2022-04-12,21,9,11,57,55,39
2022-04-13,19,9,10,55,58,39
2022-04-14,18,8,11,58,56,46
2022-04-15,17,8,11,52,58,44
2022-04-16,15,7,10,52,63,37
2022-04-17,15,7,11,52,59,37
2022-04-18,21,9,12,68,60,38
2022-04-19,18,8,11,59,60,40
2022-04-20,17,8,11,58,59,42
2022-04-21,18,8,11,54,60,37
2022-04-22,18,8,10,53,63,37
2022-04-23,16,7,10,51,61,35
2022-04-24,15,7,11,47,60,34
2022-04-25,20,8,11,51,63,61
2022-04-26,20,8,11,49,61,63
2022-04-27,18,8,11,47,63,46
2022-04-28,17,8,10,44,62,44
2022-04-29,17,8,10,43,59,40
2022-04-30,18,7,10,43,62,36
2022-05-01,18,10,11,36,63,36
2022-05-02,17,8,12,32,65,39
2022-05-03,17,8,11,38,65,39
2022-05-04,19,8,10,40,62,38
2022-05-05,24,9,10,41,64,37
2022-05-06,25,8,10,41,65,38
2022-05-07,20,7,10,48,60,35
2022-05-08,25,8,12,47,61,33
2022-05-09,42,11,12,54,63,39
2022-05-10,38,10,11,58,64,40
2022-05-11,48,12,12,62,66,44
2022-05-12,65,16,12,57,62,49
2022-05-13,45,12,11,54,67,48
2022-05-14,31,8,9,51,64,37
2022-05-15,28,7,11,46,63,35
2022-05-16,28,8,11,50,68,36
2022-05-17,25,8,10,62,65,36
2022-05-18,24,7,10,60,65,36
2022-05-19,24,8,10,61,61,37
2022-05-20,23,7,9,56,61,38
2022-05-21,20,6,9,54,58,39
2022-05-22,21,6,11,52,57,35
2022-05-23,22,6,11,61,61,36
2022-05-24,22,6,11,61,60,34
2022-05-25,19,6,10,55,61,32
2022-05-26,22,8,11,51,69,34
2022-05-27,22,8,10,56,64,38
2022-05-28,19,7,9,51,60,33
2022-05-29,17,6,11,56,64,33
2022-05-30,24,7,12,66,58,34
2022-05-31,23,8,11,59,61,37
2022-06-01,19,7,10,53,64,37
2022-06-02,18,7,10,69,62,32
2022-06-03,18,6,8,59,63,32
2022-06-04,16,6,9,57,67,31
2022-06-05,16,7,10,55,65,32
2022-06-06,20,7,12,74,64,30
2022-06-07,20,6,11,65,61,29
2022-06-08,19,6,11,66,64,28
2022-06-09,17,6,10,63,62,30
2022-06-10,18,7,10,57,62,28
2022-06-11,19,9,8,54,61,28
2022-06-12,25,10,11,48,64,30
2022-06-13,61,16,11,58,60,37
2022-06-14,53,13,11,52,59,35
2022-06-15,52,13,10,52,62,35
2022-06-16,41,10,10,51,63,37
2022-06-17,36,8,9,49,61,36
2022-06-18,62,14,9,48,61,37
2022-06-19,55,11,10,49,59,41
2022-06-20,42,9,10,47,59,33
2022-06-21,35,8,10,54,62,36
2022-06-22,33,7,10,52,60,33
2022-06-23,27,7,10,55,60,31
2022-06-24,26,6,9,49,57,31
2022-06-25,23,6,8,52,59,34
2022-06-26,22,6,10,49,58,35
2022-06-27,25,6,10,48,61,34
2022-06-28,22,6,11,46,58,31
2022-06-29,24,6,10,46,62,29
2022-06-30,30,7,10,46,61,29
2022-07-01,28,6,9,45,61,32
2022-07-02,23,5,9,46,62,29
2022-07-03,22,6,10,50,63,29
2022-07-04,23,6,10,46,56,32
2022-07-05,24,6,10,45,58,29
2022-07-06,21,5,10,46,60,27
2022-07-07,22,6,10,45,59,28
2022-07-08,23,6,9,44,59,26
2022-07-09,19,5,8,44,60,27
2022-07-10,19,5,10,42,63,27
2022-07-11,20,6,11,45,63,25
2022-07-12,21,5,10,44,61,25
2022-07-13,21,6,10,48,60,26
2022-07-14,22,6,10,49,59,25
2022-07-15,20,6,9,48,62,26
2022-07-16,18,6,8,49,61,28
2022-07-17,19,6,9,45,61,25
2022-07-18,22,9,10,62,61,26
2022-07-19,23,9,10,54,60,28
2022-07-20,27,8,10,54,57,30
2022-07-21,26,7,10,52,59,28
2022-07-22,20,6,9,52,61,27
2022-07-23,18,5,9,49,64,28
2022-07-24,17,6,10,51,67,27
2022-07-25,19,6,10,54,59,26
2022-07-26,19,6,10,56,61,27
2022-07-27,19,6,10,59,58,24
2022-07-28,22,8,9,58,59,26
2022-07-29,19,7,9,49,59,26
2022-07-30,19,6,8,48,60,27
2022-07-31,17,6,10,52,58,27
2022-08-01,19,6,10,58,63,26
2022-08-02,18,6,10,59,68,25
2022-08-03,18,6,10,62,63,26
2022-08-04,19,6,9,59,64,25
2022-08-05,18,5,9,54,60,26
2022-08-06,16,6,8,50,60,26
2022-08-07,15,5,10,56,58,28
2022-08-08,19,7,11,58,62,28
2022-08-09,18,6,10,61,61,33
2022-08-10,18,7,9,61,59,32
2022-08-11,20,9,9,56,62,29
2022-08-12,18,7,9,52,65,29
2022-08-13,17,8,7,46,62,29
2022-08-14,17,6,9,50,61,36
2022-08-15,17,7,10,52,57,33
2022-08-16,17,6,9,46,61,39
2022-08-17,18,6,9,44,61,34
2022-08-18,16,6,8,49,58,30
2022-08-19,24,7,8,50,63,31
2022-08-20,18,6,7,46,62,29
2022-08-21,16,6,9,49,60,28
2022-08-22,17,6,10,58,58,27
2022-08-23,17,6,9,61,59,26
2022-08-24,15,6,8,64,61,27
2022-08-25,14,6,8,60,58,28
2022-08-26,16,6,7,55,60,29
2022-08-27,18,6,7,47,58,27
2022-08-28,17,5,7,53,56,26
2022-08-29,19,6,9,60,57,27
2022-08-30,17,7,8,61,56,29
2022-08-31,16,6,8,60,57,27
2022-09-01,16,6,7,60,58,27
2022-09-02,15,6,7,54,64,29
2022-09-03,13,5,7,50,57,26
2022-09-04,14,5,7,54,57,27
2022-09-05,14,7,8,60,58,24
2022-09-06,17,9,7,62,57,25
2022-09-07,19,8,8,58,56,26
2022-09-08,16,7,7,60,56,27
2022-09-09,19,7,7,53,56,29
2022-09-10,16,6,7,49,57,28
2022-09-11,15,7,7,52,55,27
2022-09-12,17,10,7,62,54,25
2022-09-13,19,11,7,60,55,27
2022-09-14,18,17,7,62,57,31
2022-09-15,17,33,8,61,54,28
2022-09-16,17,13,7,56,57,28
2022-09-17,14,9,7,52,60,27
2022-09-18,14,8,7,56,55,24
2022-09-19,20,10,8,65,53,26
2022-09-20,17,9,8,65,63,26
2022-09-21,18,8,8,69,60,27
2022-09-22,18,8,8,68,60,28
2022-09-23,16,6,7,57,57,28
2022-09-24,15,6,7,55,60,29
2022-09-25,15,6,7,53,57,24
2022-09-26,16,6,8,67,57,25
2022-09-27,18,7,7,63,57,26
2022-09-28,18,6,7,65,57,26
2022-09-29,16,6,7,64,59,27
2022-09-30,16,6,7,58,56,28
2022-10-01,13,4,7,50,56,25
2022-10-02,12,5,7,52,53,23
2022-10-03,14,5,8,63,53,25
2022-10-04,15,5,7,61,59,31
2022-10-05,14,5,7,64,56,29
2022-10-06,13,5,8,60,59,29
2022-10-07,14,5,10,51,58,27
2022-10-08,12,4,7,46,58,25
2022-10-09,12,4,8,53,56,24
2022-10-10,13,6,7,63,57,23
2022-10-11,14,5,8,63,53,23
2022-10-12,13,5,7,67,58,24
2022-10-13,16,5,7,60,57,25
2022-10-14,15,5,7,56,59,27
2022-10-15,12,4,7,49,57,24
2022-10-16,12,4,7,50,53,23
2022-10-17,13,5,7,58,56,23
2022-10-18,13,5,8,63,60,25
2022-10-19,12,5,7,59,57,26
2022-10-20,12,5,7,56,56,25
2022-10-21,13,6,6,57,57,27
2022-10-22,11,4,6,50,53,23
2022-10-23,11,4,7,53,53,23
2022-10-24,12,5,8,62,56,25
2022-10-25,14,6,7,68,59,28
2022-10-26,16,7,7,62,61,39
2022-10-27,15,6,7,55,60,49
2022-10-28,14,6,6,54,59,47
2022-10-29,14,5,6,52,62,100
2022-10-30,12,5,7,52,55,65
2022-10-31,14,5,7,62,57,56
2022-11-01,13,5,7,62,57,69
2022-11-02,13,6,7,67,57,59
2022-11-03,13,5,7,63,58,46
2022-11-04,14,5,7,59,58,45
2022-11-05,14,5,6,52,58,40
2022-11-06,12,4,7,53,54,34
2022-11-07,13,5,8,61,57,37
2022-11-08,24,7,9,64,63,38
2022-11-09,37,10,8,63,63,37
2022-11-10,39,10,8,58,60,35
2022-11-11,29,7,7,57,58,33
2022-11-12,26,6,6,51,60,38
2022-11-13,24,6,7,56,57,30
2022-11-14,28,7,8,62,60,32
2022-11-15,22,6,7,62,59,30
2022-11-16,21,6,7,65,60,28
2022-11-17,19,6,6,62,59,30
2022-11-18,18,5,6,56,62,28
2022-11-19,15,4,6,52,59,25
2022-11-20,15,5,6,56,58,26
2022-11-21,21,6,7,64,59,26
2022-11-22,20,5,6,60,56,24
2022-11-23,17,5,6,61,57,29
2022-11-24,15,5,6,59,56,30
2022-11-25,15,4,6,49,58,30
2022-11-26,13,4,5,49,58,31
2022-11-27,13,4,7,58,55,36
2022-11-28,16,5,7,74,56,29
2022-11-29,15,5,6,72,56,30
2022-11-30,15,5,6,73,52,32
2022-12-01,17,5,8,91,62,17
2022-12-02,16,5,6,79,61,16
2022-12-03,15,5,7,73,60,15
2022-12-04,14,5,7,70,61,15
2022-12-05,17,5,7,100,59,17
2022-12-06,16,5,7,86,64,17
2022-12-07,17,6,8,89,67,15
2022-12-08,16,6,7,89,64,15
2022-12-09,15,5,7,75,61,14
2022-12-10,13,4,7,65,60,13
2022-12-11,13,5,7,63,64,14
2022-12-12,16,5,8,71,66,15
2022-12-13,20,6,8,69,62,16
2022-12-14,19,6,6,61,63,14
2022-12-15,17,6,7,59,63,15
2022-12-16,19,6,8,58,66,16
2022-12-17,16,5,8,61,62,14
2022-12-18,14,5,7,52,57,13
2022-12-19,16,5,8,56,61,14
2022-12-20,16,5,8,58,63,14
2022-12-21,15,5,7,60,65,14
2022-12-22,16,5,7,56,63,15
2022-12-23,15,5,7,54,64,14
2022-12-24,14,4,6,56,60,14
2022-12-25,13,4,7,56,60,16
2022-12-26,14,4,8,54,68,14
2022-12-27,16,4,9,57,68,15
2022-12-28,15,5,9,57,66,16
2022-12-29,15,5,8,55,67,17
2022-12-30,14,5,9,56,71,18
2022-12-31,13,4,7,56,67,17
2023-01-01,13,4,8,55,66,16
2023-01-02,14,5,10,55,69,15
2023-01-03,15,5,10,55,68,14
2023-01-04,15,6,10,57,68,14
2023-01-05,14,6,10,60,68,15
2023-01-06,14,5,8,56,72,16
2023-01-07,13,5,9,55,68,14
2023-01-08,13,5,10,58,66,14
2023-01-09,17,6,10,66,67,14
2023-01-10,15,6,9,67,64,16
2023-01-11,17,6,10,66,69,14
2023-01-12,23,6,9,66,70,16
2023-01-13,22,6,8,61,69,17
2023-01-14,31,8,9,55,70,17
2023-01-15,23,6,10,61,69,14
2023-01-16,25,7,10,73,70,14
2023-01-17,22,7,10,78,68,17
2023-01-18,23,6,9,71,67,16
2023-01-19,20,6,8,71,66,15
2023-01-20,21,6,9,64,70,17
2023-01-21,27,7,8,56,69,15
2023-01-22,22,6,10,55,69,15
2023-01-23,22,6,9,60,72,16
2023-01-24,21,6,9,69,70,16
2023-01-25,21,6,9,72,66,15
2023-01-26,20,6,9,69,70,16
2023-01-27,19,6,8,63,69,16
2023-01-28,17,6,8,57,69,15
2023-01-29,20,6,10,60,67,16
2023-01-30,21,6,10,68,68,16
2023-01-31,19,6,9,70,67,20
2023-02-01,21,6,9,70,70,18
2023-02-02,23,7,9,71,70,19
2023-02-03,20,6,9,63,69,18
2023-02-04,17,5,8,60,71,24
2023-02-05,17,6,9,63,70,25
2023-02-06,18,6,9,74,67,20
2023-02-07,16,6,9,70,69,20
2023-02-08,16,6,8,73,67,21
2023-02-09,18,6,8,69,69,19
2023-02-10,18,6,7,64,70,19
2023-02-11,16,5,8,56,70,17
2023-02-12,15,5,8,63,69,22
2023-02-13,17,5,10,76,67,23
2023-02-14,16,6,8,74,67,20
2023-02-15,19,6,8,75,69,24
2023-02-16,25,7,9,73,73,22
2023-02-17,20,6,8,59,70,20
2023-02-18,18,6,8,55,67,18
2023-02-19,17,6,10,65,68,18
2023-02-20,19,6,9,74,71,16
2023-02-21,19,6,9,78,73,17
2023-02-22,18,6,9,75,69,18
2023-02-23,20,6,9,70,71,17
2023-02-24,17,5,9,67,72,17
2023-02-25,16,5,8,58,72,16
2023-02-26,16,5,10,63,71,15
2023-02-27,15,6,10,76,70,15
2023-02-28,15,6,9,78,69,15
2023-03-01,16,6,8,74,69,14
2023-03-02,15,6,9,76,68,14
2023-03-03,19,6,8,67,73,16
2023-03-04,16,5,8,59,75,15
2023-03-05,14,5,10,62,73,15
2023-03-06,15,6,10,85,68,14
2023-03-07,15,5,9,82,71,14
2023-03-08,15,5,9,83,66,14
2023-03-09,19,6,9,79,68,15
2023-03-10,23,7,8,71,73,14
2023-03-11,20,6,9,62,70,13
2023-03-12,19,6,10,63,71,13
2023-03-13,30,7,10,82,69,15
2023-03-14,33,8,9,75,69,16
2023-03-15,25,6,9,77,69,14
2023-03-16,23,6,9,73,68,14
2023-03-17,31,6,8,69,66,16
2023-03-18,29,7,8,62,69,14
2023-03-19,29,6,9,55,67,14
2023-03-20,31,7,10,66,69,15
2023-03-21,28,7,10,58,70,16
2023-03-22,26,7,10,51,69,15
2023-03-23,26,7,9,52,67,16
2023-03-24,25,7,8,59,68,14
2023-03-25,21,6,8,61,74,13
2023-03-26,20,6,10,67,75,14
2023-03-27,23,6,11,75,71,13
2023-03-28,20,6,10,81,70,13
2023-03-29,23,6,9,73,71,14
2023-03-30,24,6,9,75,74,14
2023-03-31,21,7,8,66,66,18
2023-04-01,19,5,8,67,65,17
2023-04-02,19,5,9,68,68,16
2023-04-03,20,6,10,76,66,63
2023-04-04,22,6,10,73,68,100
2023-04-05,23,7,10,70,70,49
2023-04-06,19,6,8,67,64,34
2023-04-07,18,6,8,63,67,24
2023-04-08,17,5,8,56,77,20
2023-04-09,16,5,7,62,76,17
2023-04-10,20,6,9,74,73,17
2023-04-11,31,8,10,68,73,18
2023-04-12,26,9,9,67,69,16
2023-04-13,22,10,9,61,70,17
2023-04-14,24,10,8,58,69,19
2023-04-15,19,7,7,57,70,19
2023-04-16,17,6,10,54,75,19
2023-04-17,21,7,10,54,72,21
2023-04-18,20,7,9,52,73,21
2023-04-19,21,8,9,50,73,19
2023-04-20,20,7,9,55,72,20
2023-04-21,19,6,8,47,73,18
2023-04-22,18,6,8,42,72,16
2023-04-23,15,6,9,47,70,16
2023-04-24,19,6,11,47,75,15
2023-04-25,19,6,9,48,73,15
2023-04-26,23,6,9,51,77,16
2023-04-27,21,6,8,55,74,15
2023-04-28,18,6,9,55,73,15
2023-04-29,16,5,9,53,73,15
2023-04-30,17,5,9,51,72,15
2023-05-01,19,6,10,55,75,16
2023-05-02,18,6,10,59,71,15
2023-05-03,18,6,9,67,73,15
2023-05-04,17,6,9,64,72,16
2023-05-05,17,7,9,61,73,17
2023-05-06,16,6,8,60,72,14
2023-05-07,16,6,9,63,73,14
2023-05-08,20,7,11,72,81,15
2023-05-09,19,6,10,74,79,15
2023-05-10,19,7,9,70,74,15
2023-05-11,19,6,8,73,73,14
2023-05-12,18,6,8,68,74,16
2023-05-13,15,5,8,62,76,14
2023-05-14,15,5,9,59,82,14
2023-05-15,16,5,10,69,83,14
2023-05-16,16,5,9,70,73,13
2023-05-17,15,5,8,60,71,14
2023-05-18,16,5,9,59,76,15
2023-05-19,15,5,8,63,72,15
2023-05-20,14,4,7,59,70,14
2023-05-21,13,5,9,63,70,13
2023-05-22,15,5,10,72,72,13
2023-05-23,14,5,9,72,71,14
2023-05-24,15,5,8,71,71,13
2023-05-25,15,5,9,71,72,15
2023-05-26,14,5,8,68,68,14
2023-05-27,14,4,8,65,75,15
2023-05-28,14,5,8,67,72,14
2023-05-29,15,5,10,80,72,13
2023-05-30,15,6,10,78,71,14
2023-05-31,15,5,9,70,71,14
2023-06-01,16,5,9,57,72,15
2023-06-02,15,6,8,62,74,14
2023-06-03,13,5,8,64,76,14
2023-06-04,13,5,9,74,73,13
2023-06-05,18,5,11,95,75,13
2023-06-06,20,6,10,87,72,13
2023-06-07,18,5,10,81,71,13
2023-06-08,15,5,9,80,68,12
2023-06-09,15,5,8,74,71,12
2023-06-10,19,5,9,68,73,15
2023-06-11,15,5,10,61,74,14
2023-06-12,17,5,12,71,70,13
2023-06-13,15,5,10,62,71,12
2023-06-14,16,5,11,62,74,13
2023-06-15,19,6,10,59,72,13
2023-06-16,17,5,9,57,74,14
2023-06-17,14,4,8,54,71,13
2023-06-18,14,5,10,54,70,14
2023-06-19,15,5,11,55,72,14
2023-06-20,18,5,10,61,74,13
2023-06-21,27,6,10,59,71,13
2023-06-22,24,6,9,54,70,13
2023-06-23,23,6,9,55,72,13
2023-06-24,21,5,8,57,70,14
2023-06-25,19,5,10,56,74,13
2023-06-26,19,5,12,55,72,12
2023-06-27,18,5,11,54,73,12
2023-06-28,18,5,11,51,70,11
2023-06-29,18,6,11,48,72,12
2023-06-30,20,6,10,54,63,13
2023-07-01,16,5,9,56,75,13
2023-07-02,16,5,11,55,74,12
2023-07-03,18,6,11,53,71,12
2023-07-04,19,5,11,52,72,12
2023-07-05,18,5,10,54,68,11
2023-07-06,19,6,10,59,70,12
2023-07-07,18,5,10,57,71,12
2023-07-08,14,4,9,56,71,12
2023-07-09,15,4,12,49,70,12
2023-07-10,17,5,13,49,68,11
2023-07-11,17,5,11,49,70,11
2023-07-12,17,5,11,51,71,12
2023-07-13,21,6,11,48,68,13
2023-07-14,21,6,11,50,72,13
2023-07-15,17,5,9,51,70,15
2023-07-16,15,5,11,48,68,12
2023-07-17,17,6,13,51,70,11
2023-07-18,16,6,11,52,71,11
2023-07-19,17,6,11,50,70,12
2023-07-20,17,5,11,52,69,13
2023-07-21,16,5,10,52,69,14
2023-07-22,13,4,9,49,70,13
2023-07-23,14,4,11,54,69,13
2023-07-24,17,5,12,57,67,15
2023-07-25,16,5,11,60,69,19
2023-07-26,15,5,10,59,67,16
2023-07-27,15,5,10,57,65,13
2023-07-28,15,5,10,56,70,13
2023-07-29,13,4,9,53,70,13
2023-07-30,13,4,10,55,68,13
2023-07-31,14,5,12,61,69,13
2023-08-01,15,5,11,61,70,12
2023-08-02,15,5,10,61,70,12
2023-08-03,15,5,10,59,73,11
2023-08-04,14,5,10,55,71,12
2023-08-05,13,4,9,52,82,13
2023-08-06,13,4,10,54,72,12
2023-08-07,14,5,12,59,71,11
2023-08-08,15,5,11,59,70,11
2023-08-09,16,5,9,59,70,11
2023-08-10,15,5,10,60,69,12
2023-08-11,19,5,9,54,72,11
2023-08-12,16,4,9,51,71,12
2023-08-13,15,4,10,50,71,12
2023-08-14,16,5,10,55,69,11
2023-08-15,15,5,9,56,74,12
2023-08-16,17,5,10,48,74,11
2023-08-17,25,6,9,47,76,12
2023-08-18,28,6,9,49,75,13
2023-08-19,20,5,8,49,77,31
2023-08-20,18,5,9,51,71,32
2023-08-21,19,5,10,58,72,21
2023-08-22,19,6,10,61,73,17
2023-08-23,18,5,9,59,75,14
2023-08-24,17,5,8,61,77,14
2023-08-25,17,5,8,56,75,14
2023-08-26,14,4,8,51,75,12
2023-08-27,15,4,9,56,72,12
2023-08-28,14,4,8,55,62,5
2023-08-29,18,5,8,55,61,5
2023-08-30,16,4,7,55,58,5
2023-08-31,14,5,7,53,62,5
2023-09-01,15,4,7,48,60,5
2023-09-02,12,3,7,45,58,4
2023-09-03,12,4,7,49,58,5
2023-09-04,13,4,8,54,60,4
2023-09-05,13,4,8,56,60,5
2023-09-06,12,4,8,57,61,5
2023-09-07,12,4,7,55,56,5
2023-09-08,12,4,7,52,55,5
2023-09-09,11,3,7,46,60,4
2023-09-10,11,3,7,50,58,4
2023-09-11,13,4,8,54,55,4
2023-09-12,14,4,7,53,56,4
2023-09-13,13,5,7,56,59,4
2023-09-14,13,5,7,53,60,5
2023-09-15,13,4,7,50,56,5
2023-09-16,11,4,7,45,58,4
2023-09-17,10,4,7,49,60,4
2023-09-18,14,5,8,60,60,4
2023-09-19,14,5,7,58,60,5
2023-09-20,13,4,7,60,61,4
2023-09-21,13,5,7,59,60,5
2023-09-22,12,4,7,54,63,5
2023-09-23,10,4,7,49,63,4
2023-09-24,10,4,7,51,62,4
2023-09-25,12,5,8,65,64,4
2023-09-26,12,5,7,61,67,4
2023-09-27,12,4,8,54,64,4
2023-09-28,13,5,7,50,69,5
2023-09-29,12,4,7,51,64,4
2023-09-30,11,4,7,52,70,4
2023-10-01,12,4,8,48,66,4
2023-10-02,16,5,8,61,62,4
2023-10-03,14,4,7,59,63,4
2023-10-04,13,4,7,58,62,4
2023-10-05,12,4,7,60,64,4
2023-10-06,12,4,7,52,60,4
2023-10-07,12,3,7,48,63,4
2023-10-08,15,3,7,50,64,4
2023-10-09,14,5,8,57,63,4
2023-10-10,12,4,7,60,62,4
2023-10-11,11,4,7,58,60,4
2023-10-12,12,4,6,53,61,4
2023-10-13,13,4,6,50,70,4
2023-10-14,11,3,6,46,98,4
2023-10-15,11,3,7,48,67,4
2023-10-16,17,5,7,53,59,4
2023-10-17,15,4,6,54,59,4
2023-10-18,14,4,7,57,61,4
2023-10-19,14,4,6,54,61,4
2023-10-20,19,4,6,48,59,4
2023-10-21,16,4,7,46,61,4
2023-10-22,15,4,7,49,62,4
2023-10-23,24,5,7,53,63,5
2023-10-24,40,7,8,54,62,5
2023-10-25,26,5,7,52,62,5
2023-10-26,23,5,6,53,61,6
2023-10-27,20,5,6,51,59,5
2023-10-28,17,4,6,48,59,4
2023-10-29,16,4,6,47,61,4
2023-10-30,18,5,7,55,60,5
2023-10-31,16,5,6,56,58,4
2023-11-01,17,5,7,54,55,4
2023-11-02,21,5,6,51,56,5
2023-11-03,18,5,6,52,58,5
2023-11-04,15,4,6,44,61,4
2023-11-05,16,5,7,50,62,4
2023-11-06,18,5,7,55,60,5
2023-11-07,18,5,7,54,59,4
2023-11-08,17,5,7,54,60,4
2023-11-09,28,9,6,54,60,5
2023-11-10,23,8,7,49,61,5
2023-11-11,18,6,6,49,62,5
2023-11-12,16,5,7,50,66,4
2023-11-13,18,6,7,57,64,5
2023-11-14,19,6,7,57,67,5
2023-11-15,19,6,7,58,66,5
2023-11-16,19,5,6,52,65,5
2023-11-17,18,5,6,48,64,6
2023-11-18,15,5,6,49,67,5
2023-11-19,14,5,6,49,62,4
2023-11-20,19,5,7,58,63,5
2023-11-21,18,5,8,58,62,4
2023-11-22,18,6,8,59,61,4
2023-11-23,17,5,6,55,66,4
2023-11-24,17,6,6,49,71,4
2023-11-25,15,5,6,44,65,4
2023-11-26,15,5,6,52,63,4
2023-11-27,16,5,7,65,63,4
2023-11-28,17,6,7,64,60,4
2023-11-29,17,5,6,67,60,5
2023-11-30,16,5,6,64,60,5
2023-12-01,19,5,6,61,64,5
2023-12-02,20,5,6,53,69,5
2023-12-03,21,6,6,55,65,4
2023-12-04,37,9,7,79,62,5
2023-12-05,34,8,7,72,65,6
2023-12-06,33,7,6,66,66,8
2023-12-07,27,7,6,66,62,6
2023-12-08,26,8,6,61,66,7
2023-12-09,21,7,6,69,69,6
2023-12-10,18,6,6,54,77,6
2023-12-11,27,6,6,61,64,5
2023-12-12,22,6,7,58,65,5
2023-12-13,22,6,6,55,66,5
2023-12-14,21,6,7,51,67,5
2023-12-15,19,6,6,47,62,5
2023-12-16,19,6,6,46,69,5
2023-12-17,17,5,7,45,62,5
2023-12-18,20,6,7,44,60,5
2023-12-19,20,6,7,45,60,5
2023-12-20,21,6,7,44,60,5
2023-12-21,22,6,7,45,61,5
2023-12-22,21,6,7,46,60,5
2023-12-23,19,5,6,45,59,5
2023-12-24,18,6,6,46,59,5
2023-12-25,19,5,7,47,62,5
2023-12-26,20,5,8,43,69,5
2023-12-27,20,6,10,45,64,5
2023-12-28,19,6,10,43,63,5
2023-12-29,20,6,9,45,66,5
2023-12-30,18,5,8,45,65,4
2023-12-31,16,5,8,46,62,5
2024-01-01,18,5,8,47,61,5
2024-01-02,30,7,10,46,63,5
2024-01-03,31,6,10,47,64,5
2024-01-04,26,6,9,48,64,5
2024-01-05,25,6,9,47,65,5
2024-01-06,21,5,8,46,67,5
2024-01-07,20,5,10,46,65,5
2024-01-08,33,6,10,49,61,5
2024-01-09,37,6,9,54,65,5
2024-01-10,47,9,9,51,62,5
2024-01-11,53,12,8,52,59,6
2024-01-12,36,9,8,51,61,5
2024-01-13,26,6,8,48,63,5
2024-01-14,21,6,10,48,62,4
2024-01-15,23,6,10,51,62,4
2024-01-16,22,6,9,53,62,5
2024-01-17,20,6,9,52,61,4
2024-01-18,21,6,8,51,60,5
2024-01-19,23,6,8,49,63,4
2024-01-20,18,5,8,45,65,5
2024-01-21,16,5,9,47,63,6
2024-01-22,22,6,9,52,65,5
2024-01-23,26,6,9,52,62,5
2024-01-24,21,6,8,50,61,5
2024-01-25,18,6,8,55,58,4
2024-01-26,21,6,10,47,61,5
2024-01-27,18,5,8,43,62,5
2024-01-28,16,5,10,44,60,4
2024-01-29,18,6,10,50,60,5
2024-01-30,20,6,10,58,59,5
2024-01-31,19,6,9,49,58,5
2024-02-01,18,5,9,49,57,5
2024-02-02,17,6,9,46,61,5
2024-02-03,15,5,9,42,65,4
2024-02-04,15,5,11,44,60,4
2024-02-05,16,6,10,49,58,4
2024-02-06,16,6,10,51,60,5
2024-02-07,17,6,9,44,59,4
2024-02-08,21,7,9,40,62,5
2024-02-09,27,7,9,42,61,5
2024-02-10,22,6,9,41,61,5
2024-02-11,22,6,10,46,63,5
2024-02-12,31,7,8,50,61,5
2024-02-13,31,8,9,52,62,5
2024-02-14,34,8,8,45,60,6
2024-02-15,32,9,10,49,60,6
2024-02-16,27,8,9,46,60,5
2024-02-17,22,6,9,43,60,5
2024-02-18,21,7,10,45,60,5
2024-02-19,24,9,12,53,58,5
2024-02-20,24,9,10,53,59,5
2024-02-21,24,9,10,53,58,5
2024-02-22,22,9,10,52,64,5
2024-02-23,21,8,9,47,62,5
2024-02-24,19,7,8,44,61,5
2024-02-25,18,8,10,48,62,5
2024-02-26,27,11,11,53,62,5
2024-02-27,45,13,11,53,62,7
2024-02-28,72,16,11,53,61,10
2024-02-29,61,16,10,54,61,12
2024-03-01,41,12,9,48,60,10
2024-03-02,31,9,10,47,61,11
2024-03-03,32,10,10,47,68,10
2024-03-04,66,15,12,62,63,17
2024-03-05,75,18,11,62,64,18
2024-03-06,54,15,11,59,64,11
2024-03-07,42,13,11,55,60,10
2024-03-08,46,14,10,50,65,11
2024-03-09,39,11,10,44,72,11
2024-03-10,39,11,13,40,72,10
2024-03-11,58,15,13,38,68,10
2024-03-12,49,14,13,39,70,9
2024-03-13,46,15,12,44,75,9
2024-03-14,41,12,12,45,67,11
2024-03-15,46,12,10,46,70,9
2024-03-16,38,9,10,42,79,8
2024-03-17,36,9,11,45,81,7
2024-03-18,35,10,11,61,72,7
2024-03-19,45,12,11,56,78,7
2024-03-20,41,12,10,55,76,7
2024-03-21,34,10,10,54,77,7
2024-03-22,31,8,9,52,80,7
2024-03-23,27,7,9,47,76,8
2024-03-24,26,7,11,43,80,7
2024-03-25,38,10,11,53,70,8
2024-03-26,35,9,10,53,69,8
2024-03-27,32,9,10,52,69,8
2024-03-28,30,8,9,47,67,13
2024-03-29,27,8,10,44,73,10
2024-03-30,25,7,9,45,72,8
2024-03-31,25,7,9,41,77,9
2024-04-01,29,7,12,48,75,8
2024-04-02,35,8,11,44,70,7
2024-04-03,28,7,10,43,69,7
2024-04-04,28,7,10,40,75,7
2024-04-05,26,7,9,39,73,6
2024-04-06,22,6,9,37,76,6
2024-04-07,24,6,10,35,80,7
2024-04-08,32,8,10,34,100,7
2024-04-09,28,8,9,31,78,6
2024-04-10,27,7,10,30,67,6
2024-04-11,26,7,9,34,64,7
2024-04-12,33,7,9,35,67,7
2024-04-13,38,7,9,37,63,7
2024-04-14,41,8,9,36,70,7
2024-04-15,36,8,10,38,65,6
2024-04-16,33,7,9,38,63,6
2024-04-17,35,7,9,42,61,6
2024-04-18,33,7,10,42,61,7
2024-04-19,47,7,9,45,64,7
2024-04-20,43,6,8,40,62,7
2024-04-21,28,6,9,41,62,5
2024-04-22,30,7,10,49,59,6
2024-04-23,26,6,10,52,59,6
2024-04-24,25,6,10,52,63,6
2024-04-25,25,6,9,51,62,6
2024-04-26,21,6,9,44,59,6
2024-04-27,20,5,10,47,61,5
2024-04-28,20,7,14,46,62,5
2024-04-29,23,6,15,53,59,5
2024-04-30,27,7,10,48,60,6
2024-05-01,34,7,10,45,61,6
2024-05-02,28,6,10,48,62,6
2024-05-03,27,6,8,47,63,6
2024-05-04,23,6,8,43,64,7
2024-05-05,22,5,9,45,61,6
2024-05-06,24,6,10,53,63,6
2024-05-07,21,6,9,51,63,6
2024-05-08,20,6,9,46,61,5
2024-05-09,20,5,8,41,60,5
2024-05-10,20,5,8,44,64,6
2024-05-11,18,5,7,44,65,5
2024-05-12,17,5,8,45,66,5
2024-05-13,21,6,9,52,63,5
2024-05-14,20,6,9,52,66,11
2024-05-15,23,6,9,51,62,100
2024-05-16,23,6,9,50,65,19
2024-05-17,23,6,8,48,69,6
2024-05-18,19,5,8,44,67,5
2024-05-19,18,5,9,43,64,5
2024-05-20,24,9,10,52,67,6
2024-05-21,32,17,9,48,65,6
2024-05-22,24,13,10,45,67,6
2024-05-23,24,27,10,39,62,6
2024-05-24,19,14,8,38,56,33
2024-05-25,17,7,7,40,56,19
2024-05-26,17,7,9,41,56,9
2024-05-27,18,9,10,52,60,7
2024-05-28,19,8,13,51,58,6
2024-05-29,18,7,10,50,59,6
2024-05-30,17,7,8,50,54,6
2024-05-31,17,6,8,45,56,5
2024-06-01,15,5,7,41,55,5
2024-06-02,14,6,8,45,56,4
2024-06-03,18,6,10,60,55,4
2024-06-04,17,6,10,52,51,4
2024-06-05,22,7,11,53,55,5
2024-06-06,21,6,9,53,58,5
2024-06-07,22,7,8,45,59,5
2024-06-08,18,5,8,42,60,4
2024-06-09,15,5,8,37,56,4
2024-06-10,18,6,10,47,57,4
2024-06-11,21,6,9,43,57,4
2024-06-12,20,6,8,43,57,4
2024-06-13,19,6,10,42,56,4
2024-06-14,19,6,8,40,57,4
2024-06-15,15,5,7,36,58,4
2024-06-16,14,5,10,34,56,4
2024-06-17,17,5,9,32,55,4
2024-06-18,19,6,9,35,57,4
2024-06-19,17,6,8,37,53,4
2024-06-20,17,5,8,34,53,4
2024-06-21,17,5,8,35,55,4
2024-06-22,15,5,8,36,53,4
2024-06-23,14,5,9,35,57,4
2024-06-24,25,5,9,36,55,3
2024-06-25,20,5,8,35,53,3
2024-06-26,18,5,8,35,55,3
2024-06-27,17,5,8,35,55,3
2024-06-28,16,5,8,37,55,3
2024-06-29,14,4,7,34,53,3
2024-06-30,15,4,8,35,57,3
2024-07-01,17,5,9,36,51,3
2024-07-02,16,5,9,37,55,3
2024-07-03,17,5,9,38,55,3
2024-07-04,24,6,8,38,56,4
2024-07-05,32,6,7,34,53,4
2024-07-06,19,5,8,39,52,3
2024-07-07,18,5,8,37,56,4
2024-07-08,22,6,10,37,56,3
2024-07-09,19,5,9,36,53,3
2024-07-10,18,5,8,35,55,3
2024-07-11,19,5,8,39,55,3
2024-07-12,19,5,8,39,55,3
2024-07-13,16,4,8,38,53,4
2024-07-14,18,5,8,36,53,4
2024-07-15,24,7,9,37,53,4
2024-07-16,23,6,9,40,55,4
2024-07-17,21,6,8,41,58,4
2024-07-18,20,6,9,40,55,3
2024-07-19,23,6,8,37,62,4
2024-07-20,19,6,8,40,60,4
2024-07-21,20,5,9,39,59,4
2024-07-22,21,6,9,41,54,4
2024-07-23,20,9,9,45,56,3
2024-07-24,18,6,8,47,55,3
2024-07-25,21,7,8,43,54,3
2024-07-26,19,6,8,43,55,3
2024-07-27,23,5,8,38,58,4
2024-07-28,19,5,8,41,57,3
2024-07-29,24,5,9,44,52,3
2024-07-30,20,5,8,47,55,3
2024-07-31,19,5,8,48,55,3
2024-08-01,20,5,8,44,54,3
2024-08-02,20,5,8,42,55,3
2024-08-03,21,5,8,40,60,4
2024-08-04,22,6,8,41,55,3
2024-08-05,60,15,9,44,61,4
2024-08-06,34,8,8,45,56,4
2024-08-07,25,7,8,46,56,4
2024-08-08,25,7,8,43,55,3
2024-08-09,23,6,8,44,53,3
2024-08-10,18,5,7,37,55,3
2024-08-11,18,5,8,40,60,4
2024-08-12,21,5,9,43,61,3
2024-08-13,19,5,8,43,53,3
2024-08-14,20,5,8,39,56,4
2024-08-15,19,6,8,41,55,4
2024-08-16,18,5,7,35,57,4
2024-08-17,16,4,7,33,58,4
2024-08-18,16,5,8,40,57,4
2024-08-19,18,5,8,42,58,4
2024-08-20,18,6,8,46,56,5
2024-08-21,18,5,8,46,56,4
2024-08-22,17,5,7,43,62,4
2024-08-23,19,5,7,42,63,4
2024-08-24,19,5,7,37,63,4
2024-08-25,17,5,8,41,57,4
2024-08-26,18,5,8,45,54,5
2024-08-27,18,5,8,48,53,4
2024-08-28,20,5,8,45,56,4
2024-08-29,18,5,7,45,53,3
2024-08-30,18,5,7,42,56,4
2024-08-31,15,4,7,37,65,3
2024-09-01,15,4,8,41,81,3
2024-09-02,16,5,8,46,57,3
2024-09-03,17,5,7,46,54,3
2024-09-04,19,5,7,47,54,3
2024-09-05,17,5,7,48,53,3
2024-09-06,21,6,7,43,55,4
2024-09-07,18,5,6,42,52,4
2024-09-08,16,4,8,40,55,4
2024-09-09,18,5,7,46,54,4
2024-09-10,18,5,7,49,54,4
2024-09-11,18,5,7,49,53,3
2024-09-12,17,5,7,48,55,4
2024-09-13,18,5,7,43,52,4
2024-09-14,17,4,6,38,56,4
2024-09-15,15,4,7,36,52,3
2024-09-16,17,5,7,41,54,5
2024-09-17,17,5,7,50,53,4
2024-09-18,19,5,7,49,53,4
2024-09-19,22,6,7,47,52,4
2024-09-20,20,5,7,47,54,4
2024-09-21,16,4,7,43,51,3
2024-09-22,15,5,8,47,54,3
2024-09-23,18,6,8,55,56,4
2024-09-24,17,6,7,54,55,4
2024-09-25,17,5,7,52,54,4
2024-09-26,20,5,7,50,54,4
2024-09-27,21,5,7,45,53,4
2024-09-28,17,4,6,41,54,5
2024-09-29,15,4,7,43,54,4
2024-09-30,18,5,8,49,52,4
2024-10-01,19,5,6,51,51,3
2024-10-02,18,5,7,49,53,3
2024-10-03,17,5,7,49,54,4
2024-10-04,16,4,6,46,54,4
2024-10-05,15,4,7,42,54,4
2024-10-06,14,4,7,41,49,3
2024-10-07,17,5,7,52,52,4
2024-10-08,16,5,6,54,49,3
2024-10-09,16,5,7,52,50,4
2024-10-10,16,4,6,47,49,4
2024-10-11,16,4,6,46,52,4
2024-10-12,13,4,6,42,55,4
2024-10-13,13,4,7,44,54,4
2024-10-14,18,5,7,48,51,4
2024-10-15,18,5,7,49,51,4
2024-10-16,19,5,6,51,51,5
2024-10-17,17,4,6,43,51,4
2024-10-18,19,5,6,42,53,5
2024-10-19,16,4,6,40,52,5
2024-10-20,15,4,7,44,54,4
2024-10-21,19,5,7,47,52,4
2024-10-22,15,4,7,48,58,4
2024-10-23,16,4,7,46,55,4
2024-10-24,16,4,7,45,53,4
2024-10-25,16,5,6,46,51,4
2024-10-26,14,4,6,39,51,4
2024-10-27,14,4,7,43,50,4
2024-10-28,20,5,7,44,54,6
2024-10-29,36,6,7,52,56,8
2024-10-30,27,6,6,48,50,6
2024-10-31,24,5,6,48,52,5
2024-11-01,20,5,7,45,53,5
2024-11-02,17,4,6,40,53,5
2024-11-03,17,4,7,42,51,5
2024-11-04,18,4,7,47,54,5
2024-11-05,19,5,6,45,51,6
2024-11-06,67,10,6,45,49,15
2024-11-07,40,8,6,45,52,9
2024-11-08,33,8,6,46,53,9
2024-11-09,27,7,7,42,53,8
2024-11-10,48,10,7,47,55,15
2024-11-11,72,13,8,48,60,25
2024-11-12,78,13,7,50,54,37
2024-11-13,73,12,7,51,55,100
2024-11-14,57,9,7,50,59,57
2024-11-15,44,8,6,49,54,32
2024-11-16,36,7,6,45,56,24
2024-11-17,32,7,7,48,60,20
2024-11-18,37,7,7,52,59,21
2024-11-19,37,7,6,49,55,21
2024-11-20,42,8,7,53,57,19
2024-11-21,71,12,6,50,57,23
2024-11-22,68,10,6,50,56,22
2024-11-23,47,8,7,46,56,27
2024-11-24,39,7,7,46,59,18
2024-11-25,42,9,7,47,61,20
2024-11-26,42,7,7,48,58,16
2024-11-27,37,9,7,46,57,15
2024-11-28,33,8,6,54,59,12
2024-11-29,32,8,7,48,62,12
2024-11-30,28,7,7,46,61,13
2024-12-01,27,7,7,53,60,14
2024-12-02,33,8,7,77,59,15
2024-12-03,30,8,8,71,57,13
2024-12-04,34,10,10,70,55,14
2024-12-05,80,14,7,68,55,24
2024-12-06,47,12,7,57,55,20
2024-12-07,32,9,7,50,58,18
2024-12-08,30,9,8,49,58,16
2024-12-09,37,9,8,58,57,15
2024-12-10,36,9,7,52,56,13
2024-12-11,34,8,7,48,57,13
2024-12-12,32,8,6,47,56,12
2024-12-13,29,7,7,42,56,12
2024-12-14,26,7,7,43,100,10
2024-12-15,29,7,7,39,64,10
2024-12-16,44,10,8,42,56,11
2024-12-17,38,9,7,43,57,12
2024-12-18,38,8,6,39,55,11
2024-12-19,42,8,7,40,54,13
2024-12-20,46,9,7,40,56,13
2024-12-21,30,6,7,39,54,11
2024-12-22,29,6,7,38,57,10
2024-12-23,33,7,8,41,53,9
2024-12-24,33,7,7,44,50,10
2024-12-25,28,6,7,43,55,9
2024-12-26,30,6,8,40,57,9
2024-12-27,27,6,8,41,59,9
2024-12-28,22,5,8,39,58,9
2024-12-29,23,5,9,38,57,8
2024-12-30,30,6,8,39,57,8
2024-12-31,25,5,7,43,54,8
2025-01-01,24,5,8,41,56,10
2025-01-02,28,6,10,40,61,9
2025-01-03,25,7,9,41,59,10
2025-01-04,22,6,8,41,58,10
2025-01-05,21,6,9,38,55,9
2025-01-06,29,7,9,42,53,9
2025-01-07,30,7,9,46,53,9
2025-01-08,28,6,8,43,53,8
2025-01-09,28,6,8,43,51,8
2025-01-10,27,6,8,42,54,8
2025-01-11,21,5,8,42,55,7
2025-01-12,20,5,9,43,62,7
2025-01-13,30,7,9,46,55,8
2025-01-14,27,6,9,49,57,8
2025-01-15,29,6,8,48,57,10
2025-01-16,27,6,8,49,48,10
2025-01-17,33,7,8,45,55,13
2025-01-18,27,8,8,42,61,12
2025-01-19,31,9,9,45,64,12
2025-01-20,50,10,9,49,58,24
2025-01-21,36,7,7,49,57,39
2025-01-22,29,7,7,49,57,24
2025-01-23,32,7,7,48,58,16
2025-01-24,29,7,7,45,57,15
2025-01-25,23,6,7,42,55,13
2025-01-26,22,6,8,39,58,11
2025-01-27,35,7,9,39,57,12
2025-01-28,26,6,8,39,56,12
2025-01-29,25,6,8,43,55,15
2025-01-30,26,6,7,47,55,11
2025-01-31,24,7,7,42,56,12
