date,fed_funds,treasury_10y,vix,m2,cpi
2018-05-01,1.7,2.97,15.49,14077.4,250.792
2018-05-02,1.7,2.97,15.97,,
2018-05-03,1.7,2.94,15.9,,
2018-05-04,1.7,2.95,14.77,,
2018-05-05,1.7,,,,
2018-05-06,1.7,,,,
2018-05-07,1.7,2.95,14.75,,
2018-05-08,1.7,2.97,14.71,,
2018-05-09,1.7,3.0,13.42,,
2018-05-10,1.7,2.97,13.23,,
2018-05-11,1.7,2.97,12.65,,
2018-05-12,1.7,,,,
2018-05-13,1.7,,,,
2018-05-14,1.7,3.0,12.93,,
2018-05-15,1.7,3.08,14.63,,
2018-05-16,1.7,3.09,13.42,,
2018-05-17,1.7,3.11,13.43,,
2018-05-18,1.7,3.06,13.42,,
2018-05-19,1.7,,,,
2018-05-20,1.7,,,,
2018-05-21,1.7,3.06,13.08,,
2018-05-22,1.7,3.06,13.22,,
2018-05-23,1.7,3.01,12.58,,
2018-05-24,1.7,2.98,12.53,,
2018-05-25,1.7,2.93,13.22,,
2018-05-26,1.7,,,,
2018-05-27,1.7,,,,
2018-05-28,1.7,,,,
2018-05-29,1.7,2.77,17.02,,
2018-05-30,1.7,2.84,14.94,,
2018-05-31,1.7,2.83,15.43,,
2018-06-01,1.7,2.89,13.46,14137.7,251.018
2018-06-02,1.7,,,,
2018-06-03,1.7,,,,
2018-06-04,1.7,2.94,12.74,,
2018-06-05,1.7,2.92,12.4,,
2018-06-06,1.7,2.97,11.64,,
2018-06-07,1.7,2.93,12.13,,
2018-06-08,1.7,2.93,12.18,,
2018-06-09,1.7,,,,
2018-06-10,1.7,,,,
2018-06-11,1.7,2.96,12.35,,
2018-06-12,1.7,2.96,12.34,,
2018-06-13,1.7,2.98,12.94,,
2018-06-14,1.9,2.94,12.12,,
2018-06-15,1.9,2.93,11.98,,
2018-06-16,1.9,,,,
2018-06-17,1.9,,,,
2018-06-18,1.9,2.92,12.31,,
2018-06-19,1.91,2.89,13.35,,
2018-06-20,1.92,2.93,12.79,,
2018-06-21,1.92,2.9,14.64,,
2018-06-22,1.92,2.9,13.77,,
2018-06-23,1.92,,,,
2018-06-24,1.92,,,,
2018-06-25,1.92,2.87,17.33,,
2018-06-26,1.92,2.88,15.92,,
2018-06-27,1.91,2.83,17.91,,
2018-06-28,1.91,2.84,16.85,,
2018-06-29,1.91,2.85,16.09,,
2018-06-30,1.91,,,,
2018-07-01,1.91,,,14171.1,251.214
2018-07-02,1.91,2.87,15.6,,
2018-07-03,1.91,2.83,16.14,,
2018-07-04,1.91,,,,
2018-07-05,1.91,2.84,14.97,,
2018-07-06,1.91,2.82,13.37,,
2018-07-07,1.91,,,,
2018-07-08,1.91,,,,
2018-07-09,1.91,2.86,12.69,,
2018-07-10,1.91,2.87,12.64,,
2018-07-11,1.91,2.85,13.63,,
2018-07-12,1.91,2.85,12.58,,
2018-07-13,1.91,2.83,12.18,,
2018-07-14,1.91,,,,
2018-07-15,1.91,,,,
2018-07-16,1.91,2.85,12.83,,
2018-07-17,1.91,2.86,12.06,,
2018-07-18,1.91,2.88,12.1,,
2018-07-19,1.91,2.84,12.87,,
2018-07-20,1.91,2.89,12.86,,
2018-07-21,1.91,,,,
2018-07-22,1.91,,,,
2018-07-23,1.91,2.96,12.62,,
2018-07-24,1.91,2.95,12.41,,
2018-07-25,1.91,2.94,12.29,,
2018-07-26,1.91,2.98,12.14,,
2018-07-27,1.91,2.96,13.03,,
2018-07-28,1.91,,,,
2018-07-29,1.91,,,,
2018-07-30,1.91,2.98,14.26,,
2018-07-31,1.91,2.96,12.83,,
2018-08-01,1.91,3.0,13.15,14219.4,251.663
2018-08-02,1.91,2.98,12.19,,
2018-08-03,1.91,2.95,11.64,,
2018-08-04,1.91,,,,
2018-08-05,1.91,,,,
2018-08-06,1.91,2.94,11.27,,
2018-08-07,1.91,2.98,10.93,,
2018-08-08,1.91,2.96,10.85,,
2018-08-09,1.91,2.93,11.27,,
2018-08-10,1.91,2.87,13.16,,
2018-08-11,1.91,,,,
2018-08-12,1.91,,,,
2018-08-13,1.91,2.88,14.78,,
2018-08-14,1.91,2.89,13.31,,
2018-08-15,1.91,2.86,14.64,,
2018-08-16,1.92,2.87,13.45,,
2018-08-17,1.92,2.87,12.64,,
2018-08-18,1.92,,,,
2018-08-19,1.92,,,,
2018-08-20,1.92,2.82,12.49,,
2018-08-21,1.92,2.85,12.86,,
2018-08-22,1.92,2.82,12.25,,
2018-08-23,1.92,2.82,12.41,,
2018-08-24,1.92,2.82,11.99,,
2018-08-25,1.92,,,,
2018-08-26,1.92,,,,
2018-08-27,1.92,2.85,12.16,,
2018-08-28,1.92,2.88,12.5,,
2018-08-29,1.92,2.89,12.25,,
2018-08-30,1.92,2.86,13.53,,
2018-08-31,1.91,2.86,12.86,,
2018-09-01,1.91,,,14253.8,252.182
2018-09-02,1.91,,,,
2018-09-03,1.91,,,,
2018-09-04,1.92,2.9,13.16,,
2018-09-05,1.92,2.9,13.91,,
2018-09-06,1.92,2.88,14.65,,
2018-09-07,1.92,2.94,14.88,,
2018-09-08,1.92,,,,
2018-09-09,1.92,,,,
2018-09-10,1.92,2.94,14.16,,
2018-09-11,1.92,2.98,13.22,,
2018-09-12,1.92,2.97,13.14,,
2018-09-13,1.92,2.97,12.37,,
2018-09-14,1.92,2.99,12.07,,
2018-09-15,1.92,,,,
2018-09-16,1.92,,,,
2018-09-17,1.92,2.99,13.68,,
2018-09-18,1.92,3.05,12.79,,
2018-09-19,1.92,3.08,11.75,,
2018-09-20,1.92,3.07,11.8,,
2018-09-21,1.92,3.07,11.68,,
2018-09-22,1.92,,,,
2018-09-23,1.92,,,,
2018-09-24,1.93,3.08,12.2,,
2018-09-25,1.93,3.1,12.42,,
2018-09-26,1.93,3.06,12.89,,
2018-09-27,2.18,3.06,12.41,,
2018-09-28,2.18,3.05,12.12,,
2018-09-29,2.18,,,,
2018-09-30,2.18,,,,
2018-10-01,2.18,3.09,12.0,14265.4,252.772
2018-10-02,2.18,3.05,12.05,,
2018-10-03,2.18,3.15,11.61,,
2018-10-04,2.18,3.19,14.22,,
2018-10-05,2.18,3.23,14.82,,
2018-10-06,2.18,,,,
2018-10-07,2.18,,,,
2018-10-08,2.18,,15.69,,
2018-10-09,2.18,3.21,15.95,,
2018-10-10,2.18,3.22,22.96,,
2018-10-11,2.18,3.14,24.98,,
2018-10-12,2.18,3.15,21.31,,
2018-10-13,2.18,,,,
2018-10-14,2.18,,,,
2018-10-15,2.18,3.16,21.3,,
2018-10-16,2.18,3.16,17.62,,
2018-10-17,2.19,3.19,17.4,,
2018-10-18,2.19,3.17,20.06,,
2018-10-19,2.19,3.2,19.89,,
2018-10-20,2.19,,,,
2018-10-21,2.19,,,,
2018-10-22,2.19,3.2,19.64,,
2018-10-23,2.2,3.17,20.71,,
2018-10-24,2.2,3.1,25.23,,
2018-10-25,2.2,3.14,24.22,,
2018-10-26,2.2,3.08,24.16,,
2018-10-27,2.2,,,,
2018-10-28,2.2,,,,
2018-10-29,2.2,3.08,24.7,,
2018-10-30,2.2,3.12,23.35,,
2018-10-31,2.2,3.15,21.23,,
2018-11-01,2.2,3.14,19.34,14285.7,252.594
2018-11-02,2.19,3.22,19.51,,
2018-11-03,2.19,,,,
2018-11-04,2.19,,,,
2018-11-05,2.2,3.2,19.96,,
2018-11-06,2.2,3.22,19.91,,
2018-11-07,2.2,3.22,16.36,,
2018-11-08,2.2,3.24,16.72,,
2018-11-09,2.19,3.19,17.36,,
2018-11-10,2.19,,,,
2018-11-11,2.19,,,,
2018-11-12,2.19,,20.45,,
2018-11-13,2.2,3.14,20.02,,
2018-11-14,2.2,3.12,21.25,,
2018-11-15,2.2,3.11,19.98,,
2018-11-16,2.2,3.08,18.14,,
2018-11-17,2.2,,,,
2018-11-18,2.2,,,,
2018-11-19,2.2,3.06,20.1,,
2018-11-20,2.2,3.06,22.48,,
2018-11-21,2.2,3.06,20.8,,
2018-11-22,2.2,,,,
2018-11-23,2.2,3.05,21.52,,
2018-11-24,2.2,,,,
2018-11-25,2.2,,,,
2018-11-26,2.2,3.07,18.9,,
2018-11-27,2.2,3.06,19.02,,
2018-11-28,2.2,3.06,18.49,,
2018-11-29,2.2,3.03,18.79,,
2018-11-30,2.2,3.01,18.07,,
2018-12-01,2.2,,,14407.5,252.767
2018-12-02,2.2,,,,
2018-12-03,2.19,2.98,16.44,,
2018-12-04,2.2,2.91,20.74,,
2018-12-05,2.2,,,,
2018-12-06,2.2,2.87,21.19,,
2018-12-07,2.19,2.85,23.23,,
2018-12-08,2.19,,,,
2018-12-09,2.19,,,,
2018-12-10,2.2,2.85,22.64,,
2018-12-11,2.19,2.89,21.76,,
2018-12-12,2.19,2.91,21.46,,
2018-12-13,2.19,2.91,20.65,,
2018-12-14,2.19,2.89,21.63,,
2018-12-15,2.19,,,,
2018-12-16,2.19,,,,
2018-12-17,2.2,2.86,24.52,,
2018-12-18,2.2,2.82,25.58,,
2018-12-19,2.2,2.77,25.58,,
2018-12-20,2.4,2.79,28.38,,
2018-12-21,2.4,2.79,30.11,,
2018-12-22,2.4,,,,
2018-12-23,2.4,,,,
2018-12-24,2.4,2.74,36.07,,
2018-12-25,2.4,,,,
2018-12-26,2.4,2.81,30.41,,
2018-12-27,2.4,2.77,29.96,,
2018-12-28,2.4,2.72,28.34,,
2018-12-29,2.4,,,,
2018-12-30,2.4,,,,
2018-12-31,2.4,2.69,25.42,,
2019-01-01,2.4,,,14471.5,252.561
2019-01-02,2.4,2.66,23.22,,
2019-01-03,2.4,2.56,25.45,,
2019-01-04,2.4,2.67,21.38,,
2019-01-05,2.4,,,,
2019-01-06,2.4,,,,
2019-01-07,2.4,2.7,21.4,,
2019-01-08,2.4,2.73,20.47,,
2019-01-09,2.4,2.74,19.98,,
2019-01-10,2.4,2.74,19.5,,
2019-01-11,2.4,2.71,18.19,,
2019-01-12,2.4,,,,
2019-01-13,2.4,,,,
2019-01-14,2.4,2.71,19.07,,
2019-01-15,2.4,2.72,18.6,,
2019-01-16,2.4,2.73,19.04,,
2019-01-17,2.4,2.75,18.06,,
2019-01-18,2.4,2.79,17.8,,
2019-01-19,2.4,,,,
2019-01-20,2.4,,,,
2019-01-21,2.4,,,,
2019-01-22,2.4,2.74,20.8,,
2019-01-23,2.4,2.76,19.52,,
2019-01-24,2.4,2.72,18.89,,
2019-01-25,2.4,2.76,17.42,,
2019-01-26,2.4,,,,
2019-01-27,2.4,,,,
2019-01-28,2.4,2.75,18.87,,
2019-01-29,2.4,2.72,19.13,,
2019-01-30,2.4,2.7,17.66,,
2019-01-31,2.4,2.63,16.57,,
2019-02-01,2.4,2.7,16.14,14506.7,253.319
2019-02-02,2.4,,,,
2019-02-03,2.4,,,,
2019-02-04,2.4,2.73,15.73,,
2019-02-05,2.4,2.71,15.57,,
2019-02-06,2.4,2.7,15.38,,
2019-02-07,2.4,2.65,16.37,,
2019-02-08,2.4,2.63,15.72,,
2019-02-09,2.4,,,,
2019-02-10,2.4,,,,
2019-02-11,2.4,2.65,15.97,,
2019-02-12,2.4,2.68,15.43,,
2019-02-13,2.4,2.71,15.65,,
2019-02-14,2.4,2.66,16.22,,
2019-02-15,2.4,2.66,14.91,,
2019-02-16,2.4,,,,
2019-02-17,2.4,,,,
2019-02-18,2.4,,,,
2019-02-19,2.4,2.65,14.88,,
2019-02-20,2.4,2.65,14.02,,
2019-02-21,2.4,2.69,14.46,,
2019-02-22,2.4,2.65,13.51,,
2019-02-23,2.4,,,,
2019-02-24,2.4,,,,
2019-02-25,2.4,2.67,14.85,,
2019-02-26,2.4,2.64,15.17,,
2019-02-27,2.4,2.69,14.7,,
2019-02-28,2.4,2.73,14.78,,
2019-03-01,2.4,2.76,13.57,14550.5,254.277
2019-03-02,2.4,,,,
2019-03-03,2.4,,,,
2019-03-04,2.4,2.72,14.63,,
2019-03-05,2.4,2.72,14.74,,
2019-03-06,2.4,2.69,15.74,,
2019-03-07,2.4,2.64,16.59,,
2019-03-08,2.4,2.62,16.05,,
2019-03-09,2.4,,,,
2019-03-10,2.4,,,,
2019-03-11,2.4,2.64,14.33,,
2019-03-12,2.4,2.61,13.77,,
2019-03-13,2.4,2.61,13.41,,
2019-03-14,2.4,2.63,13.5,,
2019-03-15,2.4,2.59,12.88,,
2019-03-16,2.4,,,,
2019-03-17,2.4,,,,
2019-03-18,2.4,2.6,13.1,,
2019-03-19,2.4,2.61,13.56,,
2019-03-20,2.41,2.54,13.91,,
2019-03-21,2.41,2.54,13.63,,
2019-03-22,2.41,2.44,16.48,,
2019-03-23,2.41,,,,
2019-03-24,2.41,,,,
2019-03-25,2.4,2.43,16.33,,
2019-03-26,2.4,2.41,14.68,,
2019-03-27,2.41,2.39,15.15,,
2019-03-28,2.41,2.39,14.43,,
2019-03-29,2.43,2.41,13.71,,
2019-03-30,2.43,,,,
2019-03-31,2.43,,,,
2019-04-01,2.41,2.49,13.4,14579.0,255.233
2019-04-02,2.41,2.48,13.36,,
2019-04-03,2.41,2.52,13.74,,
2019-04-04,2.41,2.51,13.58,,
2019-04-05,2.41,2.5,12.82,,
2019-04-06,2.41,,,,
2019-04-07,2.41,,,,
2019-04-08,2.41,2.52,13.18,,
2019-04-09,2.41,2.51,14.28,,
2019-04-10,2.41,2.48,13.3,,
2019-04-11,2.41,2.51,13.02,,
2019-04-12,2.41,2.56,12.01,,
2019-04-13,2.41,,,,
2019-04-14,2.41,,,,
2019-04-15,2.41,2.55,12.32,,
2019-04-16,2.41,2.6,12.18,,
2019-04-17,2.42,2.59,12.6,,
2019-04-18,2.43,2.57,12.09,,
2019-04-19,2.44,,,,
2019-04-20,2.44,,,,
2019-04-21,2.44,,,,
2019-04-22,2.44,2.59,12.42,,
2019-04-23,2.44,2.57,12.28,,
2019-04-24,2.44,2.53,13.14,,
2019-04-25,2.44,2.54,13.25,,
2019-04-26,2.44,2.51,12.73,,
2019-04-27,2.44,,,,
2019-04-28,2.44,,,,
2019-04-29,2.45,2.54,13.11,,
2019-04-30,2.45,2.51,13.12,,
2019-05-01,2.45,2.52,14.8,14678.3,255.296
2019-05-02,2.41,2.55,14.42,,
2019-05-03,2.4,2.54,12.87,,
2019-05-04,2.4,,,,
2019-05-05,2.4,,,,
2019-05-06,2.4,2.51,15.44,,
2019-05-07,2.4,2.45,19.32,,
2019-05-08,2.39,2.49,19.4,,
2019-05-09,2.38,2.45,19.1,,
2019-05-10,2.38,2.47,16.04,,
2019-05-11,2.38,,,,
2019-05-12,2.38,,,,
2019-05-13,2.38,2.4,20.55,,
2019-05-14,2.38,2.42,18.06,,
2019-05-15,2.4,2.37,16.44,,
2019-05-16,2.39,2.4,15.29,,
2019-05-17,2.39,2.39,15.96,,
2019-05-18,2.39,,,,
2019-05-19,2.39,,,,
2019-05-20,2.39,2.41,16.31,,
2019-05-21,2.39,2.43,14.95,,
2019-05-22,2.38,2.39,14.75,,
2019-05-23,2.38,2.31,16.92,,
2019-05-24,2.38,2.32,15.85,,
2019-05-25,2.38,,,,
2019-05-26,2.38,,,,
2019-05-27,2.38,,,,
2019-05-28,2.39,2.26,17.5,,
2019-05-29,2.39,2.25,17.9,,
2019-05-30,2.39,2.22,17.3,,
2019-05-31,2.4,2.14,18.71,,
2019-06-01,2.4,,,14798.6,255.213
2019-06-02,2.4,,,,
2019-06-03,2.38,2.07,18.86,,
2019-06-04,2.38,2.12,16.97,,
2019-06-05,2.38,2.12,16.09,,
2019-06-06,2.37,2.12,15.93,,
2019-06-07,2.37,2.09,16.3,,
2019-06-08,2.37,,,,
2019-06-09,2.37,,,,
2019-06-10,2.37,2.15,15.94,,
2019-06-11,2.37,2.15,15.99,,
2019-06-12,2.37,2.13,15.91,,
2019-06-13,2.37,2.1,15.82,,
2019-06-14,2.36,2.09,15.28,,
2019-06-15,2.36,,,,
2019-06-16,2.36,,,,
2019-06-17,2.38,2.09,15.35,,
2019-06-18,2.37,2.06,15.15,,
2019-06-19,2.37,2.03,14.33,,
2019-06-20,2.37,2.01,14.75,,
2019-06-21,2.38,2.07,15.4,,
2019-06-22,2.38,,,,
2019-06-23,2.38,,,,
2019-06-24,2.38,2.02,15.26,,
2019-06-25,2.38,2.0,16.28,,
2019-06-26,2.38,2.05,16.21,,
2019-06-27,2.38,2.01,15.82,,
2019-06-28,2.4,2.0,15.08,,
2019-06-29,2.4,,,,
2019-06-30,2.4,,,,
2019-07-01,2.39,2.03,14.06,14881.8,255.802
2019-07-02,2.4,1.98,12.93,,
2019-07-03,2.41,1.96,12.57,,
2019-07-04,2.41,,,,
2019-07-05,2.42,2.04,13.28,,
2019-07-06,2.42,,,,
2019-07-07,2.42,,,,
2019-07-08,2.41,2.05,13.96,,
2019-07-09,2.41,2.07,14.09,,
2019-07-10,2.41,2.07,13.03,,
2019-07-11,2.4,2.13,12.93,,
2019-07-12,2.38,2.12,12.39,,
2019-07-13,2.38,,,,
2019-07-14,2.38,,,,
2019-07-15,2.4,2.09,12.68,,
2019-07-16,2.41,2.13,12.86,,
2019-07-17,2.41,2.06,13.97,,
2019-07-18,2.41,2.04,13.53,,
2019-07-19,2.41,2.05,14.45,,
2019-07-20,2.41,,,,
2019-07-21,2.41,,,,
2019-07-22,2.4,2.05,13.53,,
2019-07-23,2.4,2.08,12.61,,
2019-07-24,2.4,2.05,12.07,,
2019-07-25,2.4,2.08,12.74,,
2019-07-26,2.4,2.08,12.16,,
2019-07-27,2.4,,,,
2019-07-28,2.4,,,,
2019-07-29,2.4,2.06,12.83,,
2019-07-30,2.39,2.06,13.94,,
2019-07-31,2.4,2.02,16.12,,
2019-08-01,2.14,1.9,17.87,14964.1,256.036
2019-08-02,2.14,1.86,17.61,,
2019-08-03,2.14,,,,
2019-08-04,2.14,,,,
2019-08-05,2.13,1.75,24.59,,
2019-08-06,2.13,1.73,20.17,,
2019-08-07,2.12,1.71,19.49,,
2019-08-08,2.12,1.72,16.91,,
2019-08-09,2.12,1.74,17.97,,
2019-08-10,2.12,,,,
2019-08-11,2.12,,,,
2019-08-12,2.12,1.65,21.09,,
2019-08-13,2.12,1.68,17.52,,
2019-08-14,2.12,1.59,22.1,,
2019-08-15,2.13,1.52,21.18,,
2019-08-16,2.13,1.55,18.47,,
2019-08-17,2.13,,,,
2019-08-18,2.13,,,,
2019-08-19,2.13,1.6,16.88,,
2019-08-20,2.13,1.55,17.5,,
2019-08-21,2.12,1.59,15.8,,
2019-08-22,2.12,1.62,16.68,,
2019-08-23,2.12,1.52,19.87,,
2019-08-24,2.12,,,,
2019-08-25,2.12,,,,
2019-08-26,2.12,1.54,19.32,,
2019-08-27,2.12,1.49,20.31,,
2019-08-28,2.12,1.47,19.35,,
2019-08-29,2.12,1.5,17.88,,
2019-08-30,2.13,1.5,18.98,,
2019-08-31,2.13,,,,
2019-09-01,2.13,,,15062.4,256.43
2019-09-02,2.13,,,,
2019-09-03,2.13,1.47,19.66,,
2019-09-04,2.13,1.47,17.33,,
2019-09-05,2.13,1.57,16.27,,
2019-09-06,2.12,1.55,15.0,,
2019-09-07,2.12,,,,
2019-09-08,2.12,,,,
2019-09-09,2.13,1.63,15.27,,
2019-09-10,2.13,1.72,15.2,,
2019-09-11,2.13,1.75,14.61,,
2019-09-12,2.13,1.79,14.22,,
2019-09-13,2.14,1.9,13.74,,
2019-09-14,2.14,,,,
2019-09-15,2.14,,,,
2019-09-16,2.25,1.84,14.67,,
2019-09-17,2.3,1.81,14.44,,
2019-09-18,2.25,1.8,13.95,,
2019-09-19,1.9,1.79,14.05,,
2019-09-20,1.9,1.74,15.32,,
2019-09-21,1.9,,,,
2019-09-22,1.9,,,,
2019-09-23,1.9,1.72,14.91,,
2019-09-24,1.9,1.64,17.05,,
2019-09-25,1.9,1.73,15.96,,
2019-09-26,1.85,1.7,16.07,,
2019-09-27,1.83,1.69,17.22,,
2019-09-28,1.83,,,,
2019-09-29,1.83,,,,
2019-09-30,1.9,1.68,16.24,,
2019-10-01,1.88,1.65,18.56,15197.3,257.155
2019-10-02,1.85,1.6,20.56,,
2019-10-03,1.83,1.54,19.12,,
2019-10-04,1.82,1.52,17.04,,
2019-10-05,1.82,,,,
2019-10-06,1.82,,,,
2019-10-07,1.82,1.56,17.86,,
2019-10-08,1.82,1.54,20.28,,
2019-10-09,1.82,1.59,18.64,,
2019-10-10,1.82,1.67,17.57,,
2019-10-11,1.82,1.76,15.58,,
2019-10-12,1.82,,,,
2019-10-13,1.82,,,,
2019-10-14,1.82,,14.57,,
2019-10-15,1.9,1.77,13.54,,
2019-10-16,1.9,1.75,13.68,,
2019-10-17,1.85,1.76,13.79,,
2019-10-18,1.85,1.76,14.25,,
2019-10-19,1.85,,,,
2019-10-20,1.85,,,,
2019-10-21,1.85,1.8,14.0,,
2019-10-22,1.85,1.78,14.46,,
2019-10-23,1.85,1.77,14.01,,
2019-10-24,1.85,1.77,13.71,,
2019-10-25,1.83,1.8,12.65,,
2019-10-26,1.83,,,,
2019-10-27,1.83,,,,
2019-10-28,1.83,1.85,13.11,,
2019-10-29,1.82,1.84,13.2,,
2019-10-30,1.82,1.78,12.33,,
2019-10-31,1.58,1.69,13.22,,
2019-11-01,1.57,1.73,12.3,15305.1,257.879
2019-11-02,1.57,,,,
2019-11-03,1.57,,,,
2019-11-04,1.56,1.79,12.83,,
2019-11-05,1.56,1.86,13.1,,
2019-11-06,1.55,1.81,12.62,,
2019-11-07,1.55,1.92,12.73,,
2019-11-08,1.55,1.94,12.07,,
2019-11-09,1.55,,,,
2019-11-10,1.55,,,,
2019-11-11,1.55,,12.69,,
2019-11-12,1.55,1.92,12.68,,
2019-11-13,1.55,1.88,13.0,,
2019-11-14,1.55,1.82,13.05,,
2019-11-15,1.55,1.84,12.05,,
2019-11-16,1.55,,,,
2019-11-17,1.55,,,,
2019-11-18,1.55,1.81,12.46,,
2019-11-19,1.55,1.79,12.86,,
2019-11-20,1.55,1.73,12.78,,
2019-11-21,1.55,1.77,13.13,,
2019-11-22,1.55,1.77,12.34,,
2019-11-23,1.55,,,,
2019-11-24,1.55,,,,
2019-11-25,1.55,1.76,11.87,,
2019-11-26,1.55,1.74,11.54,,
2019-11-27,1.55,1.77,11.75,,
2019-11-28,1.55,,,,
2019-11-29,1.56,1.78,12.62,,
2019-11-30,1.56,,,,
2019-12-01,1.56,,,15373.7,258.63
2019-12-02,1.56,1.83,14.91,,
2019-12-03,1.55,1.72,15.96,,
2019-12-04,1.55,1.77,14.8,,
2019-12-05,1.55,1.8,14.52,,
2019-12-06,1.55,1.84,13.62,,
2019-12-07,1.55,,,,
2019-12-08,1.55,,,,
2019-12-09,1.55,1.83,15.86,,
2019-12-10,1.55,1.85,15.68,,
2019-12-11,1.55,1.79,14.99,,
2019-12-12,1.55,1.9,13.94,,
2019-12-13,1.55,1.82,12.63,,
2019-12-14,1.55,,,,
2019-12-15,1.55,,,,
2019-12-16,1.56,1.89,12.14,,
2019-12-17,1.55,1.89,12.29,,
2019-12-18,1.55,1.92,12.58,,
2019-12-19,1.55,1.92,12.5,,
2019-12-20,1.55,1.92,12.51,,
2019-12-21,1.55,,,,
2019-12-22,1.55,,,,
2019-12-23,1.55,1.93,12.61,,
2019-12-24,1.55,1.9,12.67,,
2019-12-25,1.55,,,,
2019-12-26,1.55,1.9,12.65,,
2019-12-27,1.55,1.88,13.43,,
2019-12-28,1.55,,,,
2019-12-29,1.55,,,,
2019-12-30,1.55,1.9,14.82,,
2019-12-31,1.55,1.92,13.78,,
2020-01-01,1.55,,,15443.2,259.127
2020-01-02,1.55,1.88,12.47,,
2020-01-03,1.55,1.8,14.02,,
2020-01-04,1.55,,,,
2020-01-05,1.55,,,,
2020-01-06,1.55,1.81,13.85,,
2020-01-07,1.55,1.83,13.79,,
2020-01-08,1.55,1.87,13.45,,
2020-01-09,1.55,1.85,12.54,,
2020-01-10,1.54,1.83,12.56,,
2020-01-11,1.54,,,,
2020-01-12,1.54,,,,
2020-01-13,1.54,1.85,12.32,,
2020-01-14,1.54,1.82,12.39,,
2020-01-15,1.54,1.79,12.42,,
2020-01-16,1.54,1.81,12.32,,
2020-01-17,1.55,1.84,12.1,,
2020-01-18,1.55,,,,
2020-01-19,1.55,,,,
2020-01-20,1.55,,,,
2020-01-21,1.55,1.78,12.85,,
2020-01-22,1.55,1.77,12.91,,
2020-01-23,1.55,1.74,12.98,,
2020-01-24,1.55,1.7,14.56,,
2020-01-25,1.55,,,,
2020-01-26,1.55,,,,
2020-01-27,1.55,1.61,18.23,,
2020-01-28,1.55,1.65,16.28,,
2020-01-29,1.55,1.6,16.39,,
2020-01-30,1.6,1.57,15.49,,
2020-01-31,1.59,1.51,18.84,,
2020-02-01,1.59,,,15497.1,259.25
2020-02-02,1.59,,,,
2020-02-03,1.59,1.54,17.97,,
2020-02-04,1.59,1.61,16.05,,
2020-02-05,1.59,1.66,15.15,,
2020-02-06,1.59,1.65,14.96,,
2020-02-07,1.58,1.59,15.47,,
2020-02-08,1.58,,,,
2020-02-09,1.58,,,,
2020-02-10,1.58,1.56,15.04,,
2020-02-11,1.58,1.59,15.18,,
2020-02-12,1.58,1.62,13.74,,
2020-02-13,1.58,1.61,14.15,,
2020-02-14,1.58,1.59,13.68,,
2020-02-15,1.58,,,,
2020-02-16,1.58,,,,
2020-02-17,1.58,,,,
2020-02-18,1.59,1.55,14.83,,
2020-02-19,1.59,1.56,14.38,,
2020-02-20,1.59,1.52,15.56,,
2020-02-21,1.58,1.46,17.08,,
2020-02-22,1.58,,,,
2020-02-23,1.58,,,,
2020-02-24,1.58,1.38,25.03,,
2020-02-25,1.58,1.33,27.85,,
2020-02-26,1.58,1.33,27.56,,
2020-02-27,1.58,1.3,39.16,,
2020-02-28,1.58,1.13,40.11,,
2020-02-29,1.58,,,,
2020-03-01,1.58,,,16025.9,258.076
2020-03-02,1.59,1.1,33.42,,
2020-03-03,1.59,1.02,36.82,,
2020-03-04,1.09,1.02,31.99,,
2020-03-05,1.09,0.92,39.62,,
2020-03-06,1.09,0.74,41.94,,
2020-03-07,1.09,,,,
2020-03-08,1.09,,,,
2020-03-09,1.09,0.54,54.46,,
2020-03-10,1.09,0.76,47.3,,
2020-03-11,1.09,0.82,53.9,,
2020-03-12,1.1,0.88,75.47,,
2020-03-13,1.1,0.94,57.83,,
2020-03-14,1.1,,,,
2020-03-15,1.1,,,,
2020-03-16,0.25,0.73,82.69,,
2020-03-17,0.25,1.02,75.91,,
2020-03-18,0.25,1.18,76.45,,
2020-03-19,0.2,1.12,72.0,,
2020-03-20,0.15,0.92,66.04,,
2020-03-21,0.15,,,,
2020-03-22,0.15,,,,
2020-03-23,0.15,0.76,61.59,,
2020-03-24,0.12,0.84,61.67,,
2020-03-25,0.1,0.88,63.95,,
2020-03-26,0.1,0.83,61.0,,
2020-03-27,0.1,0.72,65.54,,
2020-03-28,0.1,,,,
2020-03-29,0.1,,,,
2020-03-30,0.09,0.7,57.08,,
2020-03-31,0.08,0.7,53.54,,
2020-04-01,0.06,0.62,57.06,17039.1,256.032
2020-04-02,0.05,0.63,50.91,,
2020-04-03,0.05,0.62,46.8,,
2020-04-04,0.05,,,,
2020-04-05,0.05,,,,
2020-04-06,0.05,0.67,45.24,,
2020-04-07,0.05,0.75,46.7,,
2020-04-08,0.05,0.77,43.35,,
2020-04-09,0.05,0.73,41.67,,
2020-04-10,0.05,,,,
2020-04-11,0.05,,,,
2020-04-12,0.05,,,,
2020-04-13,0.05,0.76,41.17,,
2020-04-14,0.05,0.76,37.76,,
2020-04-15,0.05,0.63,40.84,,
2020-04-16,0.05,0.61,40.11,,
2020-04-17,0.05,0.65,38.15,,
2020-04-18,0.05,,,,
2020-04-19,0.05,,,,
2020-04-20,0.05,0.63,43.83,,
2020-04-21,0.05,0.58,45.41,,
2020-04-22,0.05,0.63,41.98,,
2020-04-23,0.04,0.61,41.38,,
2020-04-24,0.05,0.6,35.93,,
2020-04-25,0.05,,,,
2020-04-26,0.05,,,,
2020-04-27,0.04,0.67,33.29,,
2020-04-28,0.04,0.62,33.57,,
2020-04-29,0.04,0.63,31.23,,
2020-04-30,0.05,0.64,34.15,,
2020-05-01,0.05,0.64,37.19,17886.4,255.802
2020-05-02,0.05,,,,
2020-05-03,0.05,,,,
2020-05-04,0.05,0.64,35.97,,
2020-05-05,0.05,0.66,33.61,,
2020-05-06,0.05,0.72,34.12,,
2020-05-07,0.05,0.63,31.44,,
2020-05-08,0.05,0.69,27.98,,
2020-05-09,0.05,,,,
2020-05-10,0.05,,,,
2020-05-11,0.05,0.73,27.57,,
2020-05-12,0.05,0.69,33.04,,
2020-05-13,0.05,0.64,35.28,,
2020-05-14,0.05,0.63,32.61,,
2020-05-15,0.05,0.64,31.89,,
2020-05-16,0.05,,,,
2020-05-17,0.05,,,,
2020-05-18,0.05,0.73,29.3,,
2020-05-19,0.05,0.7,30.53,,
2020-05-20,0.05,0.68,27.99,,
2020-05-21,0.05,0.68,29.53,,
2020-05-22,0.05,0.66,28.16,,
2020-05-23,0.05,,,,
2020-05-24,0.05,,,,
2020-05-25,0.05,,,,
2020-05-26,0.05,0.69,28.01,,
2020-05-27,0.05,0.68,27.62,,
2020-05-28,0.05,0.7,28.59,,
2020-05-29,0.05,0.65,27.51,,
2020-05-30,0.05,,,,
2020-05-31,0.05,,,,
2020-06-01,0.05,0.66,28.23,18173.5,257.042
2020-06-02,0.06,0.68,26.84,,
2020-06-03,0.06,0.77,25.66,,
2020-06-04,0.06,0.82,25.81,,
2020-06-05,0.07,0.91,24.52,,
2020-06-06,0.07,,,,
2020-06-07,0.07,,,,
2020-06-08,0.07,0.88,25.81,,
2020-06-09,0.07,0.84,27.57,,
2020-06-10,0.08,0.75,27.57,,
2020-06-11,0.08,0.66,40.79,,
2020-06-12,0.08,0.71,36.09,,
2020-06-13,0.08,,,,
2020-06-14,0.08,,,,
2020-06-15,0.09,0.71,34.4,,
2020-06-16,0.09,0.75,33.67,,
2020-06-17,0.09,0.74,33.47,,
2020-06-18,0.09,0.71,32.94,,
2020-06-19,0.09,0.7,35.12,,
2020-06-20,0.09,,,,
2020-06-21,0.09,,,,
2020-06-22,0.08,0.71,31.77,,
2020-06-23,0.08,0.72,31.37,,
2020-06-24,0.08,0.69,33.84,,
2020-06-25,0.08,0.68,32.22,,
2020-06-26,0.08,0.64,34.73,,
2020-06-27,0.08,,,,
2020-06-28,0.08,,,,
2020-06-29,0.08,0.64,31.78,,
2020-06-30,0.08,0.66,30.43,,
2020-07-01,0.08,0.69,28.62,18330.1,258.352
2020-07-02,0.09,0.68,27.68,,
2020-07-03,0.09,,,,
2020-07-04,0.09,,,,
2020-07-05,0.09,,,,
2020-07-06,0.09,0.69,27.94,,
2020-07-07,0.09,0.65,29.43,,
2020-07-08,0.09,0.67,28.08,,
2020-07-09,0.09,0.62,29.26,,
2020-07-10,0.09,0.65,27.29,,
2020-07-11,0.09,,,,
2020-07-12,0.09,,,,
2020-07-13,0.09,0.64,32.19,,
2020-07-14,0.09,0.63,29.52,,
2020-07-15,0.1,0.64,27.76,,
2020-07-16,0.1,0.62,28.0,,
2020-07-17,0.09,0.64,25.68,,
2020-07-18,0.09,,,,
2020-07-19,0.09,,,,
2020-07-20,0.1,0.62,24.46,,
2020-07-21,0.1,0.61,24.84,,
2020-07-22,0.09,0.6,24.32,,
2020-07-23,0.09,0.59,26.08,,
2020-07-24,0.09,0.59,25.84,,
2020-07-25,0.09,,,,
2020-07-26,0.09,,,,
2020-07-27,0.1,0.62,24.74,,
2020-07-28,0.1,0.59,25.44,,
2020-07-29,0.1,0.58,24.1,,
2020-07-30,0.1,0.55,24.76,,
2020-07-31,0.1,0.55,24.46,,
2020-08-01,0.1,,,18396.3,259.316
2020-08-02,0.1,,,,
2020-08-03,0.1,0.56,24.28,,
2020-08-04,0.1,0.52,23.76,,
2020-08-05,0.1,0.55,22.99,,
2020-08-06,0.1,0.55,22.65,,
2020-08-07,0.1,0.57,22.21,,
2020-08-08,0.1,,,,
2020-08-09,0.1,,,,
2020-08-10,0.1,0.59,22.13,,
2020-08-11,0.1,0.64,24.03,,
2020-08-12,0.1,0.69,22.28,,
2020-08-13,0.1,0.71,22.13,,
2020-08-14,0.1,0.71,22.05,,
2020-08-15,0.1,,,,
2020-08-16,0.1,,,,
2020-08-17,0.1,0.69,21.35,,
2020-08-18,0.09,0.67,21.51,,
2020-08-19,0.09,0.68,22.54,,
2020-08-20,0.09,0.65,22.72,,
2020-08-21,0.09,0.64,22.54,,
2020-08-22,0.09,,,,
2020-08-23,0.09,,,,
2020-08-24,0.09,0.65,22.37,,
2020-08-25,0.09,0.69,22.03,,
2020-08-26,0.09,0.69,23.27,,
2020-08-27,0.08,0.74,24.47,,
2020-08-28,0.09,0.74,22.96,,
2020-08-29,0.09,,,,
2020-08-30,0.09,,,,
2020-08-31,0.09,0.72,26.41,,
2020-09-01,0.09,0.68,26.12,18628.8,259.997
2020-09-02,0.09,0.66,26.57,,
2020-09-03,0.09,0.63,33.6,,
2020-09-04,0.09,0.72,30.75,,
2020-09-05,0.09,,,,
2020-09-06,0.09,,,,
2020-09-07,0.09,,,,
2020-09-08,0.09,0.69,31.46,,
2020-09-09,0.09,0.71,28.81,,
2020-09-10,0.09,0.68,29.71,,
2020-09-11,0.09,0.67,26.87,,
2020-09-12,0.09,,,,
2020-09-13,0.09,,,,
2020-09-14,0.09,0.68,25.85,,
2020-09-15,0.09,0.68,25.59,,
2020-09-16,0.09,0.69,26.04,,
2020-09-17,0.09,0.69,26.46,,
2020-09-18,0.09,0.7,25.83,,
2020-09-19,0.09,,,,
2020-09-20,0.09,,,,
2020-09-21,0.09,0.68,27.78,,
2020-09-22,0.09,0.68,26.86,,
2020-09-23,0.09,0.68,28.58,,
2020-09-24,0.09,0.67,28.51,,
2020-09-25,0.09,0.66,26.38,,
2020-09-26,0.09,,,,
2020-09-27,0.09,,,,
2020-09-28,0.09,0.67,26.19,,
2020-09-29,0.09,0.66,26.27,,
2020-09-30,0.09,0.69,26.37,,
2020-10-01,0.09,0.68,26.7,18783.4,260.319
2020-10-02,0.09,0.7,27.63,,
2020-10-03,0.09,,,,
2020-10-04,0.09,,,,
2020-10-05,0.09,0.78,27.96,,
2020-10-06,0.09,0.76,29.48,,
2020-10-07,0.09,0.81,28.06,,
2020-10-08,0.09,0.78,26.36,,
2020-10-09,0.09,0.79,25.0,,
2020-10-10,0.09,,,,
2020-10-11,0.09,,,,
2020-10-12,0.09,,25.07,,
2020-10-13,0.09,0.74,26.07,,
2020-10-14,0.09,0.73,26.4,,
2020-10-15,0.09,0.74,26.97,,
2020-10-16,0.09,0.76,27.41,,
2020-10-17,0.09,,,,
2020-10-18,0.09,,,,
2020-10-19,0.09,0.78,29.18,,
2020-10-20,0.09,0.81,29.35,,
2020-10-21,0.09,0.83,28.65,,
2020-10-22,0.09,0.87,28.11,,
2020-10-23,0.09,0.85,27.55,,
2020-10-24,0.09,,,,
2020-10-25,0.09,,,,
2020-10-26,0.09,0.81,32.46,,
2020-10-27,0.09,0.79,33.35,,
2020-10-28,0.09,0.79,40.28,,
2020-10-29,0.09,0.85,37.59,,
2020-10-30,0.09,0.88,38.02,,
2020-10-31,0.09,,,,
2020-11-01,0.09,,,19012.1,260.911
2020-11-02,0.09,0.87,37.13,,
2020-11-03,0.09,0.9,35.55,,
2020-11-04,0.09,0.78,29.57,,
2020-11-05,0.09,0.79,27.58,,
2020-11-06,0.09,0.83,24.86,,
2020-11-07,0.09,,,,
2020-11-08,0.09,,,,
2020-11-09,0.09,0.96,25.75,,
2020-11-10,0.09,0.98,24.8,,
2020-11-11,0.09,,23.45,,
2020-11-12,0.09,0.88,25.35,,
2020-11-13,0.09,0.89,23.1,,
2020-11-14,0.09,,,,
2020-11-15,0.09,,,,
2020-11-16,0.09,0.91,22.45,,
2020-11-17,0.09,0.87,22.71,,
2020-11-18,0.09,0.88,23.84,,
2020-11-19,0.08,0.86,23.11,,
2020-11-20,0.08,0.83,23.7,,
2020-11-21,0.08,,,,
2020-11-22,0.08,,,,
2020-11-23,0.08,0.86,22.66,,
2020-11-24,0.08,0.88,21.64,,
2020-11-25,0.08,0.88,21.25,,
2020-11-26,0.08,,,,
2020-11-27,0.08,0.84,20.84,,
2020-11-28,0.08,,,,
2020-11-29,0.08,,,,
2020-11-30,0.09,0.84,20.57,,
2020-12-01,0.09,0.92,20.77,19165.9,262.045
2020-12-02,0.09,0.95,21.17,,
2020-12-03,0.09,0.92,21.28,,
2020-12-04,0.09,0.97,20.79,,
2020-12-05,0.09,,,,
2020-12-06,0.09,,,,
2020-12-07,0.09,0.94,21.3,,
2020-12-08,0.09,0.92,20.68,,
2020-12-09,0.09,0.95,22.27,,
2020-12-10,0.09,0.92,22.52,,
2020-12-11,0.09,0.9,23.31,,
2020-12-12,0.09,,,,
2020-12-13,0.09,,,,
2020-12-14,0.09,0.9,24.72,,
2020-12-15,0.09,0.92,22.89,,
2020-12-16,0.09,0.92,22.5,,
2020-12-17,0.09,0.94,21.93,,
2020-12-18,0.09,0.95,21.57,,
2020-12-19,0.09,,,,
2020-12-20,0.09,,,,
2020-12-21,0.09,0.95,25.16,,
2020-12-22,0.09,0.93,24.23,,
2020-12-23,0.09,0.96,23.31,,
2020-12-24,0.09,0.94,21.53,,
2020-12-25,0.09,,,,
2020-12-26,0.09,,,,
2020-12-27,0.09,,,,
2020-12-28,0.09,0.94,21.7,,
2020-12-29,0.09,0.94,23.08,,
2020-12-30,0.09,0.93,22.77,,
2020-12-31,0.09,0.93,22.75,,
2021-01-01,0.09,,,19392.5,262.687
2021-01-02,0.09,,,,
2021-01-03,0.09,,,,
2021-01-04,0.09,0.93,26.97,,
2021-01-05,0.09,0.96,25.34,,
2021-01-06,0.09,1.04,25.07,,
2021-01-07,0.09,1.08,22.37,,
2021-01-08,0.09,1.13,21.56,,
2021-01-09,0.09,,,,
2021-01-10,0.09,,,,
2021-01-11,0.09,1.15,24.08,,
2021-01-12,0.09,1.15,23.33,,
2021-01-13,0.09,1.1,22.21,,
2021-01-14,0.09,1.15,23.25,,
2021-01-15,0.09,1.11,24.34,,
2021-01-16,0.09,,,,
2021-01-17,0.09,,,,
2021-01-18,0.09,,,,
2021-01-19,0.09,1.1,23.24,,
2021-01-20,0.09,1.1,21.58,,
2021-01-21,0.08,1.12,21.32,,
2021-01-22,0.08,1.1,21.91,,
2021-01-23,0.08,,,,
2021-01-24,0.08,,,,
2021-01-25,0.08,1.05,23.19,,
2021-01-26,0.08,1.05,23.02,,
2021-01-27,0.08,1.04,37.21,,
2021-01-28,0.07,1.07,30.21,,
2021-01-29,0.07,1.11,33.09,,
2021-01-30,0.07,,,,
2021-01-31,0.07,,,,
2021-02-01,0.08,1.09,30.24,19628.2,263.579
2021-02-02,0.08,1.12,25.56,,
2021-02-03,0.08,1.15,22.91,,
2021-02-04,0.08,1.15,21.77,,
2021-02-05,0.08,1.19,20.87,,
2021-02-06,0.08,,,,
2021-02-07,0.08,,,,
2021-02-08,0.07,1.19,21.24,,
2021-02-09,0.08,1.18,21.63,,
2021-02-10,0.08,1.15,21.99,,
2021-02-11,0.08,1.16,21.25,,
2021-02-12,0.08,1.2,19.97,,
2021-02-13,0.08,,,,
2021-02-14,0.08,,,,
2021-02-15,0.08,,,,
2021-02-16,0.08,1.3,21.46,,
2021-02-17,0.08,1.29,21.5,,
2021-02-18,0.07,1.29,22.49,,
2021-02-19,0.07,1.34,22.05,,
2021-02-20,0.07,,,,
2021-02-21,0.07,,,,
2021-02-22,0.07,1.37,23.45,,
2021-02-23,0.07,1.37,23.11,,
2021-02-24,0.07,1.38,21.34,,
2021-02-25,0.07,1.54,28.89,,
2021-02-26,0.07,1.44,27.95,,
2021-02-27,0.07,,,,
2021-02-28,0.07,,,,
2021-03-01,0.07,1.45,23.35,19852.2,264.961
2021-03-02,0.07,1.42,24.1,,
2021-03-03,0.07,1.47,26.67,,
2021-03-04,0.07,1.54,28.57,,
2021-03-05,0.07,1.56,24.66,,
2021-03-06,0.07,,,,
2021-03-07,0.07,,,,
2021-03-08,0.07,1.59,25.47,,
2021-03-09,0.07,1.55,24.03,,
2021-03-10,0.07,1.53,22.56,,
2021-03-11,0.07,1.54,21.91,,
2021-03-12,0.07,1.64,20.69,,
2021-03-13,0.07,,,,
2021-03-14,0.07,,,,
2021-03-15,0.07,1.62,20.03,,
2021-03-16,0.07,1.62,19.79,,
2021-03-17,0.07,1.63,19.23,,
2021-03-18,0.07,1.71,21.58,,
2021-03-19,0.07,1.74,20.95,,
2021-03-20,0.07,,,,
2021-03-21,0.07,,,,
2021-03-22,0.07,1.69,18.88,,
2021-03-23,0.07,1.63,20.3,,
2021-03-24,0.07,1.62,21.2,,
2021-03-25,0.07,1.63,19.81,,
2021-03-26,0.07,1.67,18.86,,
2021-03-27,0.07,,,,
2021-03-28,0.07,,,,
2021-03-29,0.07,1.73,20.74,,
2021-03-30,0.07,1.73,19.61,,
2021-03-31,0.06,1.74,19.4,,
2021-04-01,0.07,1.69,17.33,20189.0,266.614
2021-04-02,0.07,1.72,,,
2021-04-03,0.07,,,,
2021-04-04,0.07,,,,
2021-04-05,0.07,1.73,17.91,,
2021-04-06,0.07,1.67,18.12,,
2021-04-07,0.07,1.68,17.16,,
2021-04-08,0.07,1.64,16.95,,
2021-04-09,0.07,1.67,16.69,,
2021-04-10,0.07,,,,
2021-04-11,0.07,,,,
2021-04-12,0.07,1.69,16.91,,
2021-04-13,0.07,1.64,16.65,,
2021-04-14,0.07,1.64,16.99,,
2021-04-15,0.07,1.56,16.57,,
2021-04-16,0.07,1.59,16.25,,
2021-04-17,0.07,,,,
2021-04-18,0.07,,,,
2021-04-19,0.07,1.61,17.29,,
2021-04-20,0.07,1.58,18.68,,
2021-04-21,0.07,1.57,17.5,,
2021-04-22,0.07,1.57,18.71,,
2021-04-23,0.07,1.58,17.33,,
2021-04-24,0.07,,,,
2021-04-25,0.07,,,,
2021-04-26,0.07,1.58,17.64,,
2021-04-27,0.07,1.63,17.56,,
2021-04-28,0.07,1.63,17.28,,
2021-04-29,0.06,1.65,17.61,,
2021-04-30,0.05,1.65,18.61,,
2021-05-01,0.05,,,20457.0,268.383
2021-05-02,0.05,,,,
2021-05-03,0.06,1.63,18.31,,
2021-05-04,0.06,1.61,19.48,,
2021-05-05,0.06,1.59,19.15,,
2021-05-06,0.06,1.58,18.39,,
2021-05-07,0.06,1.6,16.69,,
2021-05-08,0.06,,,,
2021-05-09,0.06,,,,
2021-05-10,0.06,1.63,19.66,,
2021-05-11,0.06,1.64,21.84,,
2021-05-12,0.06,1.69,27.59,,
2021-05-13,0.06,1.66,23.13,,
2021-05-14,0.06,1.63,18.81,,
2021-05-15,0.06,,,,
2021-05-16,0.06,,,,
2021-05-17,0.06,1.64,19.72,,
2021-05-18,0.06,1.64,21.34,,
2021-05-19,0.06,1.68,22.18,,
2021-05-20,0.06,1.63,20.67,,
2021-05-21,0.06,1.63,20.15,,
2021-05-22,0.06,,,,
2021-05-23,0.06,,,,
2021-05-24,0.06,1.61,18.4,,
2021-05-25,0.06,1.56,18.84,,
2021-05-26,0.06,1.58,17.36,,
2021-05-27,0.06,1.61,16.74,,
2021-05-28,0.05,1.58,16.76,,
2021-05-29,0.05,,,,
2021-05-30,0.05,,,,
2021-05-31,0.05,,,,
2021-06-01,0.06,1.62,17.9,20499.2,270.654
2021-06-02,0.06,1.59,17.48,,
2021-06-03,0.06,1.63,18.04,,
2021-06-04,0.06,1.56,16.42,,
2021-06-05,0.06,,,,
2021-06-06,0.06,,,,
2021-06-07,0.06,1.57,16.42,,
2021-06-08,0.06,1.53,17.07,,
2021-06-09,0.06,1.5,17.89,,
2021-06-10,0.06,1.45,16.1,,
2021-06-11,0.06,1.47,15.65,,
2021-06-12,0.06,,,,
2021-06-13,0.06,,,,
2021-06-14,0.06,1.51,16.39,,
2021-06-15,0.06,1.51,17.02,,
2021-06-16,0.06,1.57,18.15,,
2021-06-17,0.1,1.52,17.75,,
2021-06-18,0.1,1.45,20.7,,
2021-06-19,0.1,,,,
2021-06-20,0.1,,,,
2021-06-21,0.1,1.5,17.89,,
2021-06-22,0.1,1.48,16.66,,
2021-06-23,0.1,1.5,16.32,,
2021-06-24,0.1,1.49,15.97,,
2021-06-25,0.1,1.54,15.62,,
2021-06-26,0.1,,,,
2021-06-27,0.1,,,,
2021-06-28,0.1,1.49,15.76,,
2021-06-29,0.1,1.49,16.02,,
2021-06-30,0.08,1.45,15.83,,
2021-07-01,0.1,1.48,15.48,20654.4,271.903
2021-07-02,0.1,1.44,15.07,,
2021-07-03,0.1,,,,
2021-07-04,0.1,,,,
2021-07-05,0.1,,,,
2021-07-06,0.1,1.37,16.44,,
2021-07-07,0.1,1.33,16.2,,
2021-07-08,0.1,1.3,19.0,,
2021-07-09,0.1,1.37,16.18,,
2021-07-10,0.1,,,,
2021-07-11,0.1,,,,
2021-07-12,0.1,1.38,16.17,,
2021-07-13,0.1,1.42,17.12,,
2021-07-14,0.1,1.37,16.33,,
2021-07-15,0.1,1.31,17.01,,
2021-07-16,0.1,1.31,18.45,,
2021-07-17,0.1,,,,
2021-07-18,0.1,,,,
2021-07-19,0.1,1.19,22.5,,
2021-07-20,0.1,1.23,19.73,,
2021-07-21,0.1,1.3,17.91,,
2021-07-22,0.1,1.27,17.69,,
2021-07-23,0.1,1.3,17.2,,
2021-07-24,0.1,,,,
2021-07-25,0.1,,,,
2021-07-26,0.1,1.29,17.58,,
2021-07-27,0.1,1.25,19.36,,
2021-07-28,0.1,1.26,18.31,,
2021-07-29,0.1,1.28,17.7,,
2021-07-30,0.07,1.24,18.24,,
2021-07-31,0.07,,,,
2021-08-01,0.07,,,20837.0,272.676
2021-08-02,0.1,1.2,19.46,,
2021-08-03,0.1,1.19,18.04,,
2021-08-04,0.1,1.19,17.97,,
2021-08-05,0.1,1.23,17.28,,
2021-08-06,0.1,1.31,16.15,,
2021-08-07,0.1,,,,
2021-08-08,0.1,,,,
2021-08-09,0.1,1.33,16.72,,
2021-08-10,0.1,1.36,16.79,,
2021-08-11,0.1,1.35,16.06,,
2021-08-12,0.1,1.36,15.59,,
2021-08-13,0.1,1.29,15.45,,
2021-08-14,0.1,,,,
2021-08-15,0.1,,,,
2021-08-16,0.1,1.26,16.12,,
2021-08-17,0.1,1.26,17.91,,
2021-08-18,0.09,1.27,21.57,,
2021-08-19,0.09,1.24,21.67,,
2021-08-20,0.09,1.26,18.56,,
2021-08-21,0.09,,,,
2021-08-22,0.09,,,,
2021-08-23,0.09,1.25,17.15,,
2021-08-24,0.09,1.29,17.22,,
2021-08-25,0.09,1.35,16.79,,
2021-08-26,0.09,1.34,18.84,,
2021-08-27,0.08,1.31,16.39,,
2021-08-28,0.08,,,,
2021-08-29,0.08,,,,
2021-08-30,0.08,1.29,16.19,,
2021-08-31,0.06,1.3,16.48,,
2021-09-01,0.08,1.31,16.11,21004.6,273.91
2021-09-02,0.08,1.29,16.41,,
2021-09-03,0.08,1.33,16.41,,
2021-09-04,0.08,,,,
2021-09-05,0.08,,,,
2021-09-06,0.08,,,,
2021-09-07,0.08,1.38,18.14,,
2021-09-08,0.08,1.35,17.96,,
2021-09-09,0.08,1.3,18.8,,
2021-09-10,0.08,1.35,20.95,,
2021-09-11,0.08,,,,
2021-09-12,0.08,,,,
2021-09-13,0.08,1.33,19.37,,
2021-09-14,0.08,1.28,19.46,,
2021-09-15,0.08,1.31,18.18,,
2021-09-16,0.08,1.34,18.69,,
2021-09-17,0.08,1.37,20.81,,
2021-09-18,0.08,,,,
2021-09-19,0.08,,,,
2021-09-20,0.08,1.31,25.71,,
2021-09-21,0.08,1.33,24.36,,
2021-09-22,0.08,1.32,20.87,,
2021-09-23,0.08,1.41,18.63,,
2021-09-24,0.08,1.47,17.75,,
2021-09-25,0.08,,,,
2021-09-26,0.08,,,,
2021-09-27,0.08,1.48,18.76,,
2021-09-28,0.08,1.54,23.25,,
2021-09-29,0.08,1.55,22.56,,
2021-09-30,0.06,1.52,23.14,,
2021-10-01,0.08,1.48,21.15,21168.0,276.55
2021-10-02,0.08,,,,
2021-10-03,0.08,,,,
2021-10-04,0.08,1.49,22.96,,
2021-10-05,0.08,1.54,21.3,,
2021-10-06,0.08,1.53,21.0,,
2021-10-07,0.08,1.58,19.54,,
2021-10-08,0.08,1.61,18.77,,
2021-10-09,0.08,,,,
2021-10-10,0.08,,,,
2021-10-11,0.08,,20.0,,
2021-10-12,0.08,1.59,19.85,,
2021-10-13,0.08,1.56,18.64,,
2021-10-14,0.08,1.52,16.86,,
2021-10-15,0.08,1.59,16.3,,
2021-10-16,0.08,,,,
2021-10-17,0.08,,,,
2021-10-18,0.08,1.59,16.31,,
2021-10-19,0.08,1.65,15.7,,
2021-10-20,0.08,1.65,15.49,,
2021-10-21,0.08,1.68,15.01,,
2021-10-22,0.08,1.66,15.43,,
2021-10-23,0.08,,,,
2021-10-24,0.08,,,,
2021-10-25,0.08,1.64,15.24,,
2021-10-26,0.08,1.63,15.98,,
2021-10-27,0.08,1.54,16.98,,
2021-10-28,0.08,1.57,16.53,,
2021-10-29,0.07,1.55,16.26,,
2021-10-30,0.07,,,,
2021-10-31,0.07,,,,
2021-11-01,0.08,1.58,16.41,21337.9,278.919
2021-11-02,0.08,1.56,16.03,,
2021-11-03,0.08,1.6,15.1,,
2021-11-04,0.08,1.53,15.44,,
2021-11-05,0.08,1.45,16.48,,
2021-11-06,0.08,,,,
2021-11-07,0.08,,,,
2021-11-08,0.08,1.51,17.22,,
2021-11-09,0.08,1.46,17.78,,
2021-11-10,0.08,1.56,18.73,,
2021-11-11,0.08,,17.66,,
2021-11-12,0.08,1.58,16.29,,
2021-11-13,0.08,,,,
2021-11-14,0.08,,,,
2021-11-15,0.08,1.63,16.49,,
2021-11-16,0.08,1.63,16.37,,
2021-11-17,0.08,1.6,17.11,,
2021-11-18,0.08,1.59,17.59,,
2021-11-19,0.08,1.54,17.91,,
2021-11-20,0.08,,,,
2021-11-21,0.08,,,,
2021-11-22,0.08,1.63,19.17,,
2021-11-23,0.08,1.67,19.38,,
2021-11-24,0.08,1.64,18.58,,
2021-11-25,0.08,,,,
2021-11-26,0.08,1.48,28.62,,
2021-11-27,0.08,,,,
2021-11-28,0.08,,,,
2021-11-29,0.08,1.52,22.96,,
2021-11-30,0.07,1.43,27.19,,
2021-12-01,0.08,1.43,31.12,21494.0,280.845
2021-12-02,0.08,1.44,27.95,,
2021-12-03,0.08,1.35,30.67,,
2021-12-04,0.08,,,,
2021-12-05,0.08,,,,
2021-12-06,0.08,1.43,27.18,,
2021-12-07,0.08,1.48,21.89,,
2021-12-08,0.08,1.52,19.9,,
2021-12-09,0.08,1.49,21.58,,
2021-12-10,0.08,1.48,18.69,,
2021-12-11,0.08,,,,
2021-12-12,0.08,,,,
2021-12-13,0.08,1.42,20.31,,
2021-12-14,0.08,1.44,21.89,,
2021-12-15,0.08,1.47,19.29,,
2021-12-16,0.08,1.44,20.57,,
2021-12-17,0.08,1.41,21.57,,
2021-12-18,0.08,,,,
2021-12-19,0.08,,,,
2021-12-20,0.08,1.43,22.87,,
2021-12-21,0.08,1.48,21.01,,
2021-12-22,0.08,1.46,18.63,,
2021-12-23,0.08,1.5,17.96,,
2021-12-24,0.08,,,,
2021-12-25,0.08,,,,
2021-12-26,0.08,,,,
2021-12-27,0.08,1.48,17.68,,
2021-12-28,0.08,1.49,17.54,,
2021-12-29,0.08,1.55,16.95,,
2021-12-30,0.08,1.52,17.33,,
2021-12-31,0.07,1.52,17.22,,
2022-01-01,0.07,,,21614.0,282.543
2022-01-02,0.07,,,,
2022-01-03,0.08,1.63,16.6,,
2022-01-04,0.08,1.66,16.91,,
2022-01-05,0.08,1.71,19.73,,
2022-01-06,0.08,1.73,19.61,,
2022-01-07,0.08,1.76,18.76,,
2022-01-08,0.08,,,,
2022-01-09,0.08,,,,
2022-01-10,0.08,1.78,19.4,,
2022-01-11,0.08,1.75,18.41,,
2022-01-12,0.08,1.74,17.62,,
2022-01-13,0.08,1.7,20.31,,
2022-01-14,0.08,1.78,19.19,,
2022-01-15,0.08,,,,
2022-01-16,0.08,,,,
2022-01-17,0.08,,,,
2022-01-18,0.08,1.87,22.79,,
2022-01-19,0.08,1.83,23.85,,
2022-01-20,0.08,1.83,25.59,,
2022-01-21,0.08,1.75,28.85,,
2022-01-22,0.08,,,,
2022-01-23,0.08,,,,
2022-01-24,0.08,1.75,29.9,,
2022-01-25,0.08,1.78,31.16,,
2022-01-26,0.08,1.85,31.96,,
2022-01-27,0.08,1.81,30.49,,
2022-01-28,0.08,1.78,27.66,,
2022-01-29,0.08,,,,
2022-01-30,0.08,,,,
2022-01-31,0.08,1.79,24.83,,
2022-02-01,0.08,1.81,21.96,21712.7,284.5
2022-02-02,0.08,1.78,22.09,,
2022-02-03,0.08,1.82,24.35,,
2022-02-04,0.08,1.93,23.22,,
2022-02-05,0.08,,,,
2022-02-06,0.08,,,,
2022-02-07,0.08,1.92,22.86,,
2022-02-08,0.08,1.96,21.44,,
2022-02-09,0.08,1.94,19.96,,
2022-02-10,0.08,2.03,23.91,,
2022-02-11,0.08,1.92,27.36,,
2022-02-12,0.08,,,,
2022-02-13,0.08,,,,
2022-02-14,0.08,1.98,28.33,,
2022-02-15,0.08,2.05,25.7,,
2022-02-16,0.08,2.03,24.29,,
2022-02-17,0.08,1.97,28.11,,
2022-02-18,0.08,1.92,27.75,,
2022-02-19,0.08,,,,
2022-02-20,0.08,,,,
2022-02-21,0.08,,,,
2022-02-22,0.08,1.94,28.81,,
2022-02-23,0.08,1.99,31.02,,
2022-02-24,0.08,1.96,30.32,,
2022-02-25,0.08,1.97,27.59,,
2022-02-26,0.08,,,,
2022-02-27,0.08,,,,
2022-02-28,0.08,1.83,30.15,,
2022-03-01,0.08,1.72,33.32,21749.8,287.674
2022-03-02,0.08,1.86,30.74,,
2022-03-03,0.08,1.86,30.48,,
2022-03-04,0.08,1.74,31.98,,
2022-03-05,0.08,,,,
2022-03-06,0.08,,,,
2022-03-07,0.08,1.78,36.45,,
2022-03-08,0.08,1.86,35.13,,
2022-03-09,0.08,1.94,32.45,,
2022-03-10,0.08,1.98,30.23,,
2022-03-11,0.08,2.0,30.75,,
2022-03-12,0.08,,,,
2022-03-13,0.08,,,,
2022-03-14,0.08,2.14,31.77,,
2022-03-15,0.08,2.15,29.83,,
2022-03-16,0.08,2.19,26.67,,
2022-03-17,0.33,2.2,25.67,,
2022-03-18,0.33,2.14,23.87,,
2022-03-19,0.33,,,,
2022-03-20,0.33,,,,
2022-03-21,0.33,2.32,23.53,,
2022-03-22,0.33,2.38,22.94,,
2022-03-23,0.33,2.32,23.57,,
2022-03-24,0.33,2.34,21.67,,
2022-03-25,0.33,2.48,20.81,,
2022-03-26,0.33,,,,
2022-03-27,0.33,,,,
2022-03-28,0.33,2.46,19.63,,
2022-03-29,0.33,2.41,18.9,,
2022-03-30,0.33,2.35,19.33,,
2022-03-31,0.33,2.32,20.56,,
2022-04-01,0.33,2.39,19.63,21780.3,288.561
2022-04-02,0.33,,,,
2022-04-03,0.33,,,,
2022-04-04,0.33,2.42,18.57,,
2022-04-05,0.33,2.54,21.03,,
2022-04-06,0.33,2.61,22.1,,
2022-04-07,0.33,2.66,21.55,,
2022-04-08,0.33,2.72,21.16,,
2022-04-09,0.33,,,,
2022-04-10,0.33,,,,
2022-04-11,0.33,2.79,24.37,,
2022-04-12,0.33,2.72,24.26,,
2022-04-13,0.33,2.7,21.82,,
2022-04-14,0.33,2.83,22.7,,
2022-04-15,0.33,,,,
2022-04-16,0.33,,,,
2022-04-17,0.33,,,,
2022-04-18,0.33,2.85,22.17,,
2022-04-19,0.33,2.93,21.37,,
2022-04-20,0.33,2.85,20.32,,
2022-04-21,0.33,2.9,22.68,,
2022-04-22,0.33,2.9,28.21,,
2022-04-23,0.33,,,,
2022-04-24,0.33,,,,
2022-04-25,0.33,2.81,27.02,,
2022-04-26,0.33,2.77,33.52,,
2022-04-27,0.33,2.82,31.6,,
2022-04-28,0.33,2.85,29.99,,
2022-04-29,0.33,2.89,33.4,,
2022-04-30,0.33,,,,
2022-05-01,0.33,,,21723.2,291.298
2022-05-02,0.33,2.99,32.34,,
2022-05-03,0.33,2.97,29.25,,
2022-05-04,0.33,2.93,25.42,,
2022-05-05,0.83,3.05,31.2,,
2022-05-06,0.83,3.12,30.19,,
2022-05-07,0.83,,,,
2022-05-08,0.83,,,,
2022-05-09,0.83,3.05,34.75,,
2022-05-10,0.83,2.99,32.99,,
2022-05-11,0.83,2.91,32.56,,
2022-05-12,0.83,2.84,31.77,,
2022-05-13,0.83,2.93,28.87,,
2022-05-14,0.83,,,,
2022-05-15,0.83,,,,
2022-05-16,0.83,2.88,27.47,,
2022-05-17,0.83,2.98,26.1,,
2022-05-18,0.83,2.89,30.96,,
2022-05-19,0.83,2.84,29.35,,
2022-05-20,0.83,2.78,29.43,,
2022-05-21,0.83,,,,
2022-05-22,0.83,,,,
2022-05-23,0.83,2.86,28.48,,
2022-05-24,0.83,2.76,29.45,,
2022-05-25,0.83,2.75,28.37,,
2022-05-26,0.83,2.75,27.5,,
2022-05-27,0.83,2.74,25.72,,
2022-05-28,0.83,,,,
2022-05-29,0.83,,,,
2022-05-30,0.83,,26.54,,
2022-05-31,0.83,2.85,26.19,,
2022-06-01,0.83,2.94,25.69,21676.8,294.957
2022-06-02,0.83,2.92,24.72,,
2022-06-03,0.83,2.96,24.79,,
2022-06-04,0.83,,,,
2022-06-05,0.83,,,,
2022-06-06,0.83,3.04,25.07,,
2022-06-07,0.83,2.98,24.02,,
2022-06-08,0.83,3.03,23.96,,
2022-06-09,0.83,3.04,26.09,,
2022-06-10,0.83,3.15,27.75,,
2022-06-11,0.83,,,,
2022-06-12,0.83,,,,
2022-06-13,0.83,3.43,34.02,,
2022-06-14,0.83,3.49,32.69,,
2022-06-15,0.83,3.33,29.62,,
2022-06-16,1.58,3.28,32.95,,
2022-06-17,1.58,3.25,31.13,,
2022-06-18,1.58,,,,
2022-06-19,1.58,,,,
2022-06-20,1.58,,31.03,,
2022-06-21,1.58,3.31,30.19,,
2022-06-22,1.58,3.16,28.95,,
2022-06-23,1.58,3.09,29.05,,
2022-06-24,1.58,3.13,27.23,,
2022-06-25,1.58,,,,
2022-06-26,1.58,,,,
2022-06-27,1.58,3.2,26.95,,
2022-06-28,1.58,3.2,28.36,,
2022-06-29,1.58,3.1,28.16,,
2022-06-30,1.58,2.98,28.71,,
2022-07-01,1.58,2.88,26.7,21676.5,294.913
2022-07-02,1.58,,,,
2022-07-03,1.58,,,,
2022-07-04,1.58,,27.53,,
2022-07-05,1.58,2.82,27.54,,
2022-07-06,1.58,2.93,26.73,,
2022-07-07,1.58,3.01,26.08,,
2022-07-08,1.58,3.09,24.64,,
2022-07-09,1.58,,,,
2022-07-10,1.58,,,,
2022-07-11,1.58,2.99,26.17,,
2022-07-12,1.58,2.96,27.29,,
2022-07-13,1.58,2.91,26.82,,
2022-07-14,1.58,2.96,26.4,,
2022-07-15,1.58,2.93,24.23,,
2022-07-16,1.58,,,,
2022-07-17,1.58,,,,
2022-07-18,1.58,2.96,25.3,,
2022-07-19,1.58,3.01,24.5,,
2022-07-20,1.58,3.04,23.88,,
2022-07-21,1.58,2.91,23.11,,
2022-07-22,1.58,2.77,23.03,,
2022-07-23,1.58,,,,
2022-07-24,1.58,,,,
2022-07-25,1.58,2.81,23.36,,
2022-07-26,1.58,2.81,24.69,,
2022-07-27,1.58,2.78,23.24,,
2022-07-28,2.33,2.68,22.33,,
2022-07-29,2.32,2.67,21.33,,
2022-07-30,2.32,,,,
2022-07-31,2.32,,,,
2022-08-01,2.33,2.6,22.84,21644.0,295.097
2022-08-02,2.33,2.75,23.93,,
2022-08-03,2.33,2.73,21.95,,
2022-08-04,2.33,2.68,21.44,,
2022-08-05,2.33,2.83,21.15,,
2022-08-06,2.33,,,,
2022-08-07,2.33,,,,
2022-08-08,2.33,2.77,21.29,,
2022-08-09,2.33,2.8,21.77,,
2022-08-10,2.33,2.78,19.74,,
2022-08-11,2.33,2.87,20.2,,
2022-08-12,2.33,2.84,19.53,,
2022-08-13,2.33,,,,
2022-08-14,2.33,,,,
2022-08-15,2.33,2.79,19.95,,
2022-08-16,2.33,2.82,19.69,,
2022-08-17,2.33,2.89,19.9,,
2022-08-18,2.33,2.88,19.56,,
2022-08-19,2.33,2.98,20.6,,
2022-08-20,2.33,,,,
2022-08-21,2.33,,,,
2022-08-22,2.33,3.03,23.8,,
2022-08-23,2.33,3.05,24.11,,
2022-08-24,2.33,3.11,22.82,,
2022-08-25,2.33,3.03,21.78,,
2022-08-26,2.33,3.04,25.56,,
2022-08-27,2.33,,,,
2022-08-28,2.33,,,,
2022-08-29,2.33,3.12,26.21,,
2022-08-30,2.33,3.11,26.21,,
2022-08-31,2.33,3.15,25.87,,
2022-09-01,2.33,3.26,25.56,21560.6,296.349
2022-09-02,2.33,3.2,25.47,,
2022-09-03,2.33,,,,
2022-09-04,2.33,,,,
2022-09-05,2.33,,25.99,,
2022-09-06,2.33,3.33,26.91,,
2022-09-07,2.33,3.27,24.64,,
2022-09-08,2.33,3.29,23.61,,
2022-09-09,2.33,3.33,22.79,,
2022-09-10,2.33,,,,
2022-09-11,2.33,,,,
2022-09-12,2.33,3.37,23.87,,
2022-09-13,2.33,3.42,27.27,,
2022-09-14,2.33,3.41,26.16,,
2022-09-15,2.33,3.45,26.27,,
2022-09-16,2.33,3.45,26.3,,
2022-09-17,2.33,,,,
2022-09-18,2.33,,,,
2022-09-19,2.33,3.49,25.76,,
2022-09-20,2.33,3.57,27.16,,
2022-09-21,2.33,3.51,27.99,,
2022-09-22,3.08,3.7,27.35,,
2022-09-23,3.08,3.69,29.92,,
2022-09-24,3.08,,,,
2022-09-25,3.08,,,,
2022-09-26,3.08,3.88,32.26,,
2022-09-27,3.08,3.97,32.6,,
2022-09-28,3.08,3.72,30.18,,
2022-09-29,3.08,3.76,31.84,,
2022-09-30,3.08,3.83,31.62,,
2022-10-01,3.08,,,21465.8,298.007
2022-10-02,3.08,,,,
2022-10-03,3.08,3.67,30.1,,
2022-10-04,3.08,3.62,29.07,,
2022-10-05,3.08,3.76,28.55,,
2022-10-06,3.08,3.83,30.52,,
2022-10-07,3.08,3.89,31.36,,
2022-10-08,3.08,,,,
2022-10-09,3.08,,,,
2022-10-10,3.08,,32.45,,
2022-10-11,3.08,3.93,33.63,,
2022-10-12,3.08,3.91,33.57,,
2022-10-13,3.08,3.97,31.94,,
2022-10-14,3.08,4.0,32.02,,
2022-10-15,3.08,,,,
2022-10-16,3.08,,,,
2022-10-17,3.08,4.02,31.37,,
2022-10-18,3.08,4.01,30.5,,
2022-10-19,3.08,4.14,30.76,,
2022-10-20,3.08,4.24,29.98,,
2022-10-21,3.08,4.21,29.69,,
2022-10-22,3.08,,,,
2022-10-23,3.08,,,,
2022-10-24,3.08,4.25,29.85,,
2022-10-25,3.08,4.1,28.46,,
2022-10-26,3.08,4.04,27.28,,
2022-10-27,3.08,3.96,27.39,,
2022-10-28,3.08,4.02,25.75,,
2022-10-29,3.08,,,,
2022-10-30,3.08,,,,
2022-10-31,3.08,4.1,25.88,,
2022-11-01,3.08,4.07,25.81,21408.6,298.786
2022-11-02,3.08,4.1,25.86,,
2022-11-03,3.83,4.14,25.3,,
2022-11-04,3.83,4.17,24.55,,
2022-11-05,3.83,,,,
2022-11-06,3.83,,,,
2022-11-07,3.83,4.22,24.35,,
2022-11-08,3.83,4.14,25.54,,
2022-11-09,3.83,4.12,26.09,,
2022-11-10,3.83,3.82,23.53,,
2022-11-11,3.83,,22.52,,
2022-11-12,3.83,,,,
2022-11-13,3.83,,,,
2022-11-14,3.83,3.88,23.73,,
2022-11-15,3.83,3.8,24.54,,
2022-11-16,3.83,3.67,24.11,,
2022-11-17,3.83,3.77,23.93,,
2022-11-18,3.83,3.82,23.12,,
2022-11-19,3.83,,,,
2022-11-20,3.83,,,,
2022-11-21,3.83,3.83,22.36,,
2022-11-22,3.83,3.76,21.29,,
2022-11-23,3.83,3.71,20.35,,
2022-11-24,3.83,,20.42,,
2022-11-25,3.83,3.68,20.5,,
2022-11-26,3.83,,,,
2022-11-27,3.83,,,,
2022-11-28,3.83,3.69,22.21,,
2022-11-29,3.83,3.75,21.89,,
2022-11-30,3.83,3.68,20.58,,
2022-12-01,3.83,3.53,19.84,21266.4,298.832
2022-12-02,3.83,3.51,19.06,,
2022-12-03,3.83,,,,
2022-12-04,3.83,,,,
2022-12-05,3.83,3.6,20.75,,
2022-12-06,3.83,3.51,22.17,,
2022-12-07,3.83,3.42,22.68,,
2022-12-08,3.83,3.48,22.29,,
2022-12-09,3.83,3.57,22.83,,
2022-12-10,3.83,,,,
2022-12-11,3.83,,,,
2022-12-12,3.83,3.61,25.0,,
2022-12-13,3.83,3.51,22.55,,
2022-12-14,3.83,3.49,21.14,,
2022-12-15,4.33,3.44,22.83,,
2022-12-16,4.33,3.48,22.62,,
2022-12-17,4.33,,,,
2022-12-18,4.33,,,,
2022-12-19,4.33,3.57,22.42,,
2022-12-20,4.33,3.69,21.48,,
2022-12-21,4.33,3.68,20.07,,
2022-12-22,4.33,3.67,21.97,,
2022-12-23,4.33,3.75,20.87,,
2022-12-24,4.33,,,,
2022-12-25,4.33,,,,
2022-12-26,4.33,,,,
2022-12-27,4.33,3.84,21.65,,
2022-12-28,4.33,3.88,22.14,,
2022-12-29,4.33,3.83,21.44,,
2022-12-30,4.33,3.88,21.67,,
2022-12-31,4.33,,,,
2023-01-01,4.33,,,21249.4,300.42
2023-01-02,4.33,,,,
2023-01-03,4.33,3.79,22.9,,
2023-01-04,4.33,3.69,22.01,,
2023-01-05,4.33,3.71,22.46,,
2023-01-06,4.33,3.55,21.13,,
2023-01-07,4.33,,,,
2023-01-08,4.33,,,,
2023-01-09,4.33,3.53,21.97,,
2023-01-10,4.33,3.61,20.58,,
2023-01-11,4.33,3.54,21.09,,
2023-01-12,4.33,3.43,18.83,,
2023-01-13,4.33,3.49,18.35,,
2023-01-14,4.33,,,,
2023-01-15,4.33,,,,
2023-01-16,4.33,,19.49,,
2023-01-17,4.33,3.53,19.36,,
2023-01-18,4.33,3.37,20.34,,
2023-01-19,4.33,3.39,20.52,,
2023-01-20,4.33,3.48,19.85,,
2023-01-21,4.33,,,,
2023-01-22,4.33,,,,
2023-01-23,4.33,3.52,19.81,,
2023-01-24,4.33,3.46,19.2,,
2023-01-25,4.33,3.46,19.08,,
2023-01-26,4.33,3.49,18.73,,
2023-01-27,4.33,3.52,18.51,,
2023-01-28,4.33,,,,
2023-01-29,4.33,,,,
2023-01-30,4.33,3.55,19.94,,
2023-01-31,4.33,3.52,19.4,,
2023-02-01,4.33,3.39,17.87,21226.9,301.45
2023-02-02,4.58,3.4,18.73,,
2023-02-03,4.58,3.53,18.33,,
2023-02-04,4.58,,,,
2023-02-05,4.58,,,,
2023-02-06,4.58,3.63,19.43,,
2023-02-07,4.58,3.67,18.66,,
2023-02-08,4.58,3.63,19.63,,
2023-02-09,4.57,3.67,20.71,,
2023-02-10,4.58,3.74,20.53,,
2023-02-11,4.58,,,,
2023-02-12,4.58,,,,
2023-02-13,4.58,3.72,20.34,,
2023-02-14,4.58,3.77,18.91,,
2023-02-15,4.58,3.81,18.23,,
2023-02-16,4.58,3.86,20.17,,
2023-02-17,4.58,3.82,20.02,,
2023-02-18,4.58,,,,
2023-02-19,4.58,,,,
2023-02-20,4.58,,21.23,,
2023-02-21,4.58,3.95,22.87,,
2023-02-22,4.58,3.93,22.29,,
2023-02-23,4.58,3.88,21.14,,
2023-02-24,4.58,3.95,21.67,,
2023-02-25,4.58,,,,
2023-02-26,4.58,,,,
2023-02-27,4.57,3.92,20.95,,
2023-02-28,4.57,3.92,20.7,,
2023-03-01,4.58,4.01,20.58,20917.4,301.821
2023-03-02,4.57,4.08,19.59,,
2023-03-03,4.57,3.97,18.49,,
2023-03-04,4.57,,,,
2023-03-05,4.57,,,,
2023-03-06,4.57,3.98,18.61,,
2023-03-07,4.57,3.97,19.59,,
2023-03-08,4.57,3.98,19.11,,
2023-03-09,4.57,3.93,22.61,,
2023-03-10,4.57,3.7,24.8,,
2023-03-11,4.57,,,,
2023-03-12,4.57,,,,
2023-03-13,4.58,3.55,26.52,,
2023-03-14,4.58,3.64,23.73,,
2023-03-15,4.58,3.51,26.14,,
2023-03-16,4.58,3.56,22.99,,
2023-03-17,4.58,3.39,25.51,,
2023-03-18,4.58,,,,
2023-03-19,4.58,,,,
2023-03-20,4.58,3.47,24.15,,
2023-03-21,4.58,3.59,21.38,,
2023-03-22,4.58,3.48,22.26,,
2023-03-23,4.83,3.38,22.61,,
2023-03-24,4.83,3.38,21.74,,
2023-03-25,4.83,,,,
2023-03-26,4.83,,,,
2023-03-27,4.83,3.53,20.6,,
2023-03-28,4.83,3.55,19.97,,
2023-03-29,4.83,3.57,19.12,,
2023-03-30,4.83,3.55,19.02,,
2023-03-31,4.83,3.48,18.7,,
2023-04-01,4.83,,,20770.4,302.845
2023-04-02,4.83,,,,
2023-04-03,4.83,3.43,18.55,,
2023-04-04,4.83,3.35,19.0,,
2023-04-05,4.83,3.3,19.08,,
2023-04-06,4.83,3.3,18.4,,
2023-04-07,4.83,3.39,,,
2023-04-08,4.83,,,,
2023-04-09,4.83,,,,
2023-04-10,4.83,3.41,18.97,,
2023-04-11,4.83,3.43,19.1,,
2023-04-12,4.83,3.41,19.09,,
2023-04-13,4.83,3.45,17.8,,
2023-04-14,4.83,3.52,17.07,,
2023-04-15,4.83,,,,
2023-04-16,4.83,,,,
2023-04-17,4.83,3.6,16.95,,
2023-04-18,4.83,3.58,16.83,,
2023-04-19,4.83,3.6,16.46,,
2023-04-20,4.83,3.54,17.17,,
2023-04-21,4.83,3.57,16.77,,
2023-04-22,4.83,,,,
2023-04-23,4.83,,,,
2023-04-24,4.83,3.52,16.89,,
2023-04-25,4.83,3.4,18.76,,
2023-04-26,4.83,3.43,18.84,,
2023-04-27,4.83,3.53,17.03,,
2023-04-28,4.83,3.44,15.78,,
2023-04-29,4.83,,,,
2023-04-30,4.83,,,,
2023-05-01,4.83,3.59,16.08,20840.8,303.334
2023-05-02,4.83,3.44,17.78,,
2023-05-03,4.83,3.38,18.34,,
2023-05-04,5.08,3.37,20.09,,
2023-05-05,5.08,3.44,17.19,,
2023-05-06,5.08,,,,
2023-05-07,5.08,,,,
2023-05-08,5.08,3.52,16.98,,
2023-05-09,5.08,3.53,17.71,,
2023-05-10,5.08,3.43,16.94,,
2023-05-11,5.08,3.39,16.93,,
2023-05-12,5.08,3.46,17.03,,
2023-05-13,5.08,,,,
2023-05-14,5.08,,,,
2023-05-15,5.08,3.5,17.12,,
2023-05-16,5.08,3.54,17.99,,
2023-05-17,5.08,3.57,16.87,,
2023-05-18,5.08,3.65,16.05,,
2023-05-19,5.08,3.7,16.81,,
2023-05-20,5.08,,,,
2023-05-21,5.08,,,,
2023-05-22,5.08,3.72,17.21,,
2023-05-23,5.08,3.7,18.53,,
2023-05-24,5.08,3.73,20.03,,
2023-05-25,5.08,3.83,19.14,,
2023-05-26,5.08,3.8,17.95,,
2023-05-27,5.08,,,,
2023-05-28,5.08,,,,
2023-05-29,5.08,,17.46,,
2023-05-30,5.08,3.69,17.46,,
2023-05-31,5.08,3.64,17.94,,
2023-06-01,5.08,3.61,15.65,20823.8,304.014
2023-06-02,5.08,3.69,14.6,,
2023-06-03,5.08,,,,
2023-06-04,5.08,,,,
2023-06-05,5.08,3.69,14.73,,
2023-06-06,5.08,3.7,13.96,,
2023-06-07,5.08,3.79,13.94,,
2023-06-08,5.08,3.73,13.65,,
2023-06-09,5.08,3.75,13.83,,
2023-06-10,5.08,,,,
2023-06-11,5.08,,,,
2023-06-12,5.08,3.73,15.01,,
2023-06-13,5.08,3.84,14.61,,
2023-06-14,5.08,3.83,13.88,,
2023-06-15,5.07,3.72,14.5,,
2023-06-16,5.08,3.77,13.54,,
2023-06-17,5.08,,,,
2023-06-18,5.08,,,,
2023-06-19,5.08,,14.19,,
2023-06-20,5.07,3.74,13.88,,
2023-06-21,5.07,3.72,13.2,,
2023-06-22,5.07,3.8,12.91,,
2023-06-23,5.07,3.74,13.44,,
2023-06-24,5.07,,,,
2023-06-25,5.07,,,,
2023-06-26,5.07,3.72,14.25,,
2023-06-27,5.07,3.77,13.74,,
2023-06-28,5.07,3.71,13.43,,
2023-06-29,5.07,3.85,13.54,,
2023-06-30,5.08,3.81,13.59,,
2023-07-01,5.08,,,20815.5,304.609
2023-07-02,5.08,,,,
2023-07-03,5.08,3.86,13.57,,
2023-07-04,5.08,,13.7,,
2023-07-05,5.08,3.95,14.18,,
2023-07-06,5.08,4.05,15.44,,
2023-07-07,5.08,4.06,14.83,,
2023-07-08,5.08,,,,
2023-07-09,5.08,,,,
2023-07-10,5.07,4.01,15.07,,
2023-07-11,5.08,3.99,14.84,,
2023-07-12,5.08,3.86,13.54,,
2023-07-13,5.08,3.76,13.61,,
2023-07-14,5.08,3.83,13.34,,
2023-07-15,5.08,,,,
2023-07-16,5.08,,,,
2023-07-17,5.08,3.81,13.48,,
2023-07-18,5.08,3.8,13.3,,
2023-07-19,5.08,3.75,13.76,,
2023-07-20,5.08,3.85,13.99,,
2023-07-21,5.08,3.84,13.6,,
2023-07-22,5.08,,,,
2023-07-23,5.08,,,,
2023-07-24,5.08,3.86,13.91,,
2023-07-25,5.08,3.91,13.86,,
2023-07-26,5.08,3.86,13.19,,
2023-07-27,5.33,4.01,14.41,,
2023-07-28,5.33,3.96,13.33,,
2023-07-29,5.33,,,,
2023-07-30,5.33,,,,
2023-07-31,5.33,3.97,13.63,,
2023-08-01,5.33,4.05,13.93,20792.5,306.082
2023-08-02,5.33,4.08,16.09,,
2023-08-03,5.33,4.2,15.92,,
2023-08-04,5.33,4.05,17.1,,
2023-08-05,5.33,,,,
2023-08-06,5.33,,,,
2023-08-07,5.33,4.09,15.77,,
2023-08-08,5.33,4.02,15.99,,
2023-08-09,5.33,4.0,15.96,,
2023-08-10,5.33,4.09,15.85,,
2023-08-11,5.33,4.16,14.84,,
2023-08-12,5.33,,,,
2023-08-13,5.33,,,,
2023-08-14,5.33,4.19,14.82,,
2023-08-15,5.33,4.21,16.46,,
2023-08-16,5.33,4.28,16.78,,
2023-08-17,5.33,4.3,17.89,,
2023-08-18,5.33,4.26,17.3,,
2023-08-19,5.33,,,,
2023-08-20,5.33,,,,
2023-08-21,5.33,4.34,17.13,,
2023-08-22,5.33,4.34,16.97,,
2023-08-23,5.33,4.19,15.98,,
2023-08-24,5.33,4.23,17.2,,
2023-08-25,5.33,4.25,15.68,,
2023-08-26,5.33,,,,
2023-08-27,5.33,,,,
2023-08-28,5.33,4.2,15.08,,
2023-08-29,5.33,4.12,14.45,,
2023-08-30,5.33,4.12,13.88,,
2023-08-31,5.33,4.09,13.57,,
2023-09-01,5.33,4.18,13.09,20771.8,307.276
2023-09-02,5.33,,,,
2023-09-03,5.33,,,,
2023-09-04,5.33,,13.82,,
2023-09-05,5.33,4.27,14.01,,
2023-09-06,5.33,4.3,14.45,,
2023-09-07,5.33,4.27,14.4,,
2023-09-08,5.33,4.26,13.84,,
2023-09-09,5.33,,,,
2023-09-10,5.33,,,,
2023-09-11,5.33,4.29,13.8,,
2023-09-12,5.33,4.27,14.23,,
2023-09-13,5.33,4.25,13.48,,
2023-09-14,5.33,4.29,12.82,,
2023-09-15,5.33,4.33,13.79,,
2023-09-16,5.33,,,,
2023-09-17,5.33,,,,
2023-09-18,5.33,4.32,14.0,,
2023-09-19,5.33,4.37,14.11,,
2023-09-20,5.33,4.35,15.14,,
2023-09-21,5.33,4.49,17.54,,
2023-09-22,5.33,4.44,17.2,,
2023-09-23,5.33,,,,
2023-09-24,5.33,,,,
2023-09-25,5.33,4.55,16.9,,
2023-09-26,5.33,4.56,18.94,,
2023-09-27,5.33,4.61,18.22,,
2023-09-28,5.33,4.59,17.34,,
2023-09-29,5.33,4.59,17.52,,
2023-09-30,5.33,,,,
2023-10-01,5.33,,,20737.1,307.696
2023-10-02,5.33,4.69,17.61,,
2023-10-03,5.33,4.81,19.78,,
2023-10-04,5.33,4.73,18.58,,
2023-10-05,5.33,4.72,18.49,,
2023-10-06,5.33,4.78,17.45,,
2023-10-07,5.33,,,,
2023-10-08,5.33,,,,
2023-10-09,5.33,,17.7,,
2023-10-10,5.33,4.66,17.03,,
2023-10-11,5.33,4.58,16.09,,
2023-10-12,5.33,4.7,16.69,,
2023-10-13,5.33,4.63,19.32,,
2023-10-14,5.33,,,,
2023-10-15,5.33,,,,
2023-10-16,5.33,4.71,17.21,,
2023-10-17,5.33,4.83,17.88,,
2023-10-18,5.33,4.91,19.22,,
2023-10-19,5.33,4.98,21.4,,
2023-10-20,5.33,4.93,21.71,,
2023-10-21,5.33,,,,
2023-10-22,5.33,,,,
2023-10-23,5.33,4.86,20.37,,
2023-10-24,5.33,4.83,18.97,,
2023-10-25,5.33,4.95,20.19,,
2023-10-26,5.33,4.86,20.68,,
2023-10-27,5.33,4.84,21.27,,
2023-10-28,5.33,,,,
2023-10-29,5.33,,,,
2023-10-30,5.33,4.88,19.75,,
2023-10-31,5.33,4.88,18.14,,
2023-11-01,5.33,4.77,16.87,20743.4,308.148
2023-11-02,5.33,4.67,15.66,,
2023-11-03,5.33,4.57,14.91,,
2023-11-04,5.33,,,,
2023-11-05,5.33,,,,
2023-11-06,5.33,4.67,14.89,,
2023-11-07,5.33,4.58,14.81,,
2023-11-08,5.33,4.49,14.45,,
2023-11-09,5.33,4.62,15.29,,
2023-11-10,5.33,4.61,14.17,,
2023-11-11,5.33,,,,
2023-11-12,5.33,,,,
2023-11-13,5.33,4.63,14.76,,
2023-11-14,5.33,4.44,14.16,,
2023-11-15,5.33,4.53,14.18,,
2023-11-16,5.33,4.45,14.32,,
2023-11-17,5.33,4.44,13.8,,
2023-11-18,5.33,,,,
2023-11-19,5.33,,,,
2023-11-20,5.33,4.42,13.41,,
2023-11-21,5.33,4.41,13.35,,
2023-11-22,5.33,4.42,12.85,,
2023-11-23,5.33,,12.8,,
2023-11-24,5.33,4.47,12.46,,
2023-11-25,5.33,,,,
2023-11-26,5.33,,,,
2023-11-27,5.33,4.39,12.69,,
2023-11-28,5.33,4.34,12.69,,
2023-11-29,5.33,4.27,12.98,,
2023-11-30,5.33,4.37,12.92,,
2023-12-01,5.33,4.22,12.63,20745.1,308.741
2023-12-02,5.33,,,,
2023-12-03,5.33,,,,
2023-12-04,5.33,4.28,13.08,,
2023-12-05,5.33,4.18,12.85,,
2023-12-06,5.33,4.12,12.97,,
2023-12-07,5.33,4.14,13.06,,
2023-12-08,5.33,4.23,12.35,,
2023-12-09,5.33,,,,
2023-12-10,5.33,,,,
2023-12-11,5.33,4.23,12.63,,
2023-12-12,5.33,4.2,12.07,,
2023-12-13,5.33,4.04,12.19,,
2023-12-14,5.33,3.92,12.48,,
2023-12-15,5.33,3.91,12.28,,
2023-12-16,5.33,,,,
2023-12-17,5.33,,,,
2023-12-18,5.33,3.95,12.56,,
2023-12-19,5.33,3.93,12.53,,
2023-12-20,5.33,3.86,13.67,,
2023-12-21,5.33,3.89,13.65,,
2023-12-22,5.33,3.9,13.03,,
2023-12-23,5.33,,,,
2023-12-24,5.33,,,,
2023-12-25,5.33,,,,
2023-12-26,5.33,3.89,12.99,,
2023-12-27,5.33,3.79,12.43,,
2023-12-28,5.33,3.84,12.47,,
2023-12-29,5.33,3.88,12.45,,
2023-12-30,5.33,,,,
2023-12-31,5.33,,,,
2024-01-01,5.33,,,20815.3,309.698
2024-01-02,5.33,3.95,13.2,,
2024-01-03,5.33,3.91,14.04,,
2024-01-04,5.33,3.99,14.13,,
2024-01-05,5.33,4.05,13.35,,
2024-01-06,5.33,,,,
2024-01-07,5.33,,,,
2024-01-08,5.33,4.01,13.08,,
2024-01-09,5.33,4.02,12.76,,
2024-01-10,5.33,4.04,12.69,,
2024-01-11,5.33,3.98,12.44,,
2024-01-12,5.33,3.96,12.7,,
2024-01-13,5.33,,,,
2024-01-14,5.33,,,,
2024-01-15,5.33,,13.25,,
2024-01-16,5.33,4.07,13.84,,
2024-01-17,5.33,4.1,14.79,,
2024-01-18,5.33,4.14,14.13,,
2024-01-19,5.33,4.15,13.3,,
2024-01-20,5.33,,,,
2024-01-21,5.33,,,,
2024-01-22,5.33,4.11,13.19,,
2024-01-23,5.33,4.14,12.55,,
2024-01-24,5.33,4.18,13.14,,
2024-01-25,5.33,4.14,13.45,,
2024-01-26,5.33,4.15,13.26,,
2024-01-27,5.33,,,,
2024-01-28,5.33,,,,
2024-01-29,5.33,4.08,13.6,,
2024-01-30,5.33,4.06,13.31,,
2024-01-31,5.33,3.99,14.35,,
2024-02-01,5.33,3.87,13.88,20903.0,310.967
2024-02-02,5.33,4.03,13.85,,
2024-02-03,5.33,,,,
2024-02-04,5.33,,,,
2024-02-05,5.33,4.17,13.67,,
2024-02-06,5.33,4.09,13.06,,
2024-02-07,5.33,4.09,12.83,,
2024-02-08,5.33,4.15,12.79,,
2024-02-09,5.33,4.17,12.93,,
2024-02-10,5.33,,,,
2024-02-11,5.33,,,,
2024-02-12,5.33,4.17,13.93,,
2024-02-13,5.33,4.31,15.85,,
2024-02-14,5.33,4.27,14.38,,
2024-02-15,5.33,4.24,14.01,,
2024-02-16,5.33,4.3,14.24,,
2024-02-17,5.33,,,,
2024-02-18,5.33,,,,
2024-02-19,5.33,,14.71,,
2024-02-20,5.33,4.27,15.42,,
2024-02-21,5.33,4.32,15.34,,
2024-02-22,5.33,4.33,14.54,,
2024-02-23,5.33,4.26,13.75,,
2024-02-24,5.33,,,,
2024-02-25,5.33,,,,
2024-02-26,5.33,4.28,13.74,,
2024-02-27,5.33,4.31,13.43,,
2024-02-28,5.33,4.27,13.84,,
2024-02-29,5.33,4.25,13.4,,
2024-03-01,5.33,4.19,13.11,20943.8,312.345
2024-03-02,5.33,,,,
2024-03-03,5.33,,,,
2024-03-04,5.33,4.22,13.49,,
2024-03-05,5.33,4.13,14.46,,
2024-03-06,5.33,4.11,14.5,,
2024-03-07,5.33,4.09,14.44,,
2024-03-08,5.33,4.09,14.74,,
2024-03-09,5.33,,,,
2024-03-10,5.33,,,,
2024-03-11,5.33,4.1,15.22,,
2024-03-12,5.33,4.16,13.84,,
2024-03-13,5.33,4.19,13.75,,
2024-03-14,5.33,4.29,14.4,,
2024-03-15,5.33,4.31,14.41,,
2024-03-16,5.33,,,,
2024-03-17,5.33,,,,
2024-03-18,5.33,4.34,14.33,,
2024-03-19,5.33,4.3,13.82,,
2024-03-20,5.33,4.27,13.04,,
2024-03-21,5.33,4.27,12.92,,
2024-03-22,5.33,4.22,13.06,,
2024-03-23,5.33,,,,
2024-03-24,5.33,,,,
2024-03-25,5.33,4.25,13.19,,
2024-03-26,5.33,4.24,13.24,,
2024-03-27,5.33,4.2,12.78,,
2024-03-28,5.33,4.2,13.01,,
2024-03-29,5.33,,,,
2024-03-30,5.33,,,,
2024-03-31,5.33,,,,
2024-04-01,5.33,4.33,13.65,20969.9,313.023
2024-04-02,5.33,4.36,14.61,,
2024-04-03,5.33,4.36,14.33,,
2024-04-04,5.33,4.31,16.35,,
2024-04-05,5.33,4.39,16.03,,
2024-04-06,5.33,,,,
2024-04-07,5.33,,,,
2024-04-08,5.33,4.42,15.19,,
2024-04-09,5.33,4.36,14.98,,
2024-04-10,5.33,4.55,15.8,,
2024-04-11,5.33,4.56,14.91,,
2024-04-12,5.33,4.5,17.31,,
2024-04-13,5.33,,,,
2024-04-14,5.33,,,,
2024-04-15,5.33,4.63,19.23,,
2024-04-16,5.33,4.67,18.4,,
2024-04-17,5.33,4.59,18.21,,
2024-04-18,5.33,4.64,18.0,,
2024-04-19,5.33,4.62,18.71,,
2024-04-20,5.33,,,,
2024-04-21,5.33,,,,
2024-04-22,5.33,4.62,16.94,,
2024-04-23,5.33,4.61,15.69,,
2024-04-24,5.33,4.65,15.97,,
2024-04-25,5.33,4.7,15.37,,
2024-04-26,5.33,4.67,15.03,,
2024-04-27,5.33,,,,
2024-04-28,5.33,,,,
2024-04-29,5.33,4.63,14.67,,
2024-04-30,5.33,4.69,15.65,,
2024-05-01,5.33,4.63,15.39,21032.0,313.175
2024-05-02,5.33,4.58,14.68,,
2024-05-03,5.33,4.5,13.49,,
2024-05-04,5.33,,,,
2024-05-05,5.33,,,,
2024-05-06,5.33,4.49,13.49,,
2024-05-07,5.33,4.47,13.23,,
2024-05-08,5.33,4.48,13.0,,
2024-05-09,5.33,4.45,12.69,,
2024-05-10,5.33,4.5,12.55,,
2024-05-11,5.33,,,,
2024-05-12,5.33,,,,
2024-05-13,5.33,4.48,13.6,,
2024-05-14,5.33,4.45,13.42,,
2024-05-15,5.33,4.36,12.45,,
2024-05-16,5.33,4.38,12.42,,
2024-05-17,5.33,4.42,11.99,,
2024-05-18,5.33,,,,
2024-05-19,5.33,,,,
2024-05-20,5.33,4.44,12.15,,
2024-05-21,5.33,4.41,11.86,,
2024-05-22,5.33,4.43,12.29,,
2024-05-23,5.33,4.47,12.77,,
2024-05-24,5.33,4.46,11.93,,
2024-05-25,5.33,,,,
2024-05-26,5.33,,,,
2024-05-27,5.33,,12.36,,
2024-05-28,5.33,4.54,12.92,,
2024-05-29,5.33,4.61,14.28,,
2024-05-30,5.33,4.55,14.47,,
2024-05-31,5.33,4.51,12.92,,
2024-06-01,5.33,,,21094.6,313.044
2024-06-02,5.33,,,,
2024-06-03,5.33,4.41,13.11,,
2024-06-04,5.33,4.33,13.16,,
2024-06-05,5.33,4.29,12.63,,
2024-06-06,5.33,4.28,12.58,,
2024-06-07,5.33,4.43,12.22,,
2024-06-08,5.33,,,,
2024-06-09,5.33,,,,
2024-06-10,5.33,4.47,12.74,,
2024-06-11,5.33,4.39,12.85,,
2024-06-12,5.33,4.31,12.04,,
2024-06-13,5.33,4.24,11.94,,
2024-06-14,5.33,4.2,12.66,,
2024-06-15,5.33,,,,
2024-06-16,5.33,,,,
2024-06-17,5.33,4.28,12.75,,
2024-06-18,5.33,4.22,12.3,,
2024-06-19,5.33,,12.48,,
2024-06-20,5.33,4.25,13.28,,
2024-06-21,5.33,4.25,13.2,,
2024-06-22,5.33,,,,
2024-06-23,5.33,,,,
2024-06-24,5.33,4.25,13.33,,
2024-06-25,5.33,4.23,12.84,,
2024-06-26,5.33,4.32,12.55,,
2024-06-27,5.33,4.29,12.24,,
2024-06-28,5.33,4.36,12.44,,
2024-06-29,5.33,,,,
2024-06-30,5.33,,,,
2024-07-01,5.33,4.48,12.22,21122.6,313.569
2024-07-02,5.33,4.43,12.03,,
2024-07-03,5.33,4.36,12.09,,
2024-07-04,5.33,,12.26,,
2024-07-05,5.33,4.28,12.48,,
2024-07-06,5.33,,,,
2024-07-07,5.33,,,,
2024-07-08,5.33,4.28,12.37,,
2024-07-09,5.33,4.3,12.51,,
2024-07-10,5.33,4.28,12.85,,
2024-07-11,5.33,4.2,12.92,,
2024-07-12,5.33,4.18,12.46,,
2024-07-13,5.33,,,,
2024-07-14,5.33,,,,
2024-07-15,5.33,4.23,13.12,,
2024-07-16,5.33,4.17,13.19,,
2024-07-17,5.33,4.16,14.48,,
2024-07-18,5.33,4.2,15.93,,
2024-07-19,5.33,4.25,16.52,,
2024-07-20,5.33,,,,
2024-07-21,5.33,,,,
2024-07-22,5.33,4.26,14.91,,
2024-07-23,5.33,4.25,14.72,,
2024-07-24,5.33,4.28,18.04,,
2024-07-25,5.33,4.27,18.46,,
2024-07-26,5.33,4.2,16.39,,
2024-07-27,5.33,,,,
2024-07-28,5.33,,,,
2024-07-29,5.33,4.17,16.6,,
2024-07-30,5.33,4.15,17.69,,
2024-07-31,5.33,4.09,16.36,,
2024-08-01,5.33,3.99,18.59,21204.7,314.062
2024-08-02,5.33,3.8,23.39,,
2024-08-03,5.33,,,,
2024-08-04,5.33,,,,
2024-08-05,5.33,3.78,38.57,,
2024-08-06,5.33,3.9,27.71,,
2024-08-07,5.33,3.96,27.85,,
2024-08-08,5.33,3.99,23.79,,
2024-08-09,5.33,3.94,20.37,,
2024-08-10,5.33,,,,
2024-08-11,5.33,,,,
2024-08-12,5.33,3.9,20.71,,
2024-08-13,5.33,3.85,18.12,,
2024-08-14,5.33,3.83,16.19,,
2024-08-15,5.33,3.92,15.23,,
2024-08-16,5.33,3.89,14.8,,
2024-08-17,5.33,,,,
2024-08-18,5.33,,,,
2024-08-19,5.33,3.86,14.65,,
2024-08-20,5.33,3.82,15.88,,
2024-08-21,5.33,3.79,16.27,,
2024-08-22,5.33,3.86,17.55,,
2024-08-23,5.33,3.81,15.86,,
2024-08-24,5.33,,,,
2024-08-25,5.33,,,,
2024-08-26,5.33,3.82,16.15,,
2024-08-27,5.33,3.83,15.43,,
2024-08-28,5.33,3.84,17.11,,
2024-08-29,5.33,3.87,15.65,,
2024-08-30,5.33,3.91,15.0,,
2024-08-31,5.33,,,,
2024-09-01,5.33,,,21289.0,314.732
2024-09-02,5.33,,15.55,,
2024-09-03,5.33,3.84,20.72,,
2024-09-04,5.33,3.77,21.32,,
2024-09-05,5.33,3.73,19.9,,
2024-09-06,5.33,3.72,22.38,,
2024-09-07,5.33,,,,
2024-09-08,5.33,,,,
2024-09-09,5.33,3.7,19.45,,
2024-09-10,5.33,3.65,19.08,,
2024-09-11,5.33,3.65,17.69,,
2024-09-12,5.33,3.68,17.07,,
2024-09-13,5.33,3.66,16.56,,
2024-09-14,5.33,,,,
2024-09-15,5.33,,,,
2024-09-16,5.33,3.63,17.14,,
2024-09-17,5.33,3.65,17.61,,
2024-09-18,5.33,3.7,18.23,,
2024-09-19,4.83,3.73,16.33,,
2024-09-20,4.83,3.73,16.15,,
2024-09-21,4.83,,,,
2024-09-22,4.83,,,,
2024-09-23,4.83,3.75,15.89,,
2024-09-24,4.83,3.74,15.39,,
2024-09-25,4.83,3.79,15.41,,
2024-09-26,4.83,3.79,15.37,,
2024-09-27,4.83,3.75,16.96,,
2024-09-28,4.83,,,,
2024-09-29,4.83,,,,
2024-09-30,4.83,3.81,16.73,,
2024-10-01,4.83,3.74,19.26,21337.0,315.631
2024-10-02,4.83,3.79,18.9,,
2024-10-03,4.83,3.85,20.49,,
2024-10-04,4.83,3.98,19.21,,
2024-10-05,4.83,,,,
2024-10-06,4.83,,,,
2024-10-07,4.83,4.03,22.64,,
2024-10-08,4.83,4.04,21.42,,
2024-10-09,4.83,4.06,20.86,,
2024-10-10,4.83,4.09,20.93,,
2024-10-11,4.83,4.08,20.46,,
2024-10-12,4.83,,,,
2024-10-13,4.83,,,,
2024-10-14,4.83,,19.7,,
2024-10-15,4.83,4.03,20.64,,
2024-10-16,4.83,4.02,19.58,,
2024-10-17,4.83,4.09,19.11,,
2024-10-18,4.83,4.08,18.03,,
2024-10-19,4.83,,,,
2024-10-20,4.83,,,,
2024-10-21,4.83,4.19,18.37,,
2024-10-22,4.83,4.2,18.2,,
2024-10-23,4.83,4.24,19.24,,
2024-10-24,4.83,4.21,19.08,,
2024-10-25,4.83,4.25,20.33,,
2024-10-26,4.83,,,,
2024-10-27,4.83,,,,
2024-10-28,4.83,4.28,19.8,,
2024-10-29,4.83,4.28,19.34,,
2024-10-30,4.83,4.29,20.35,,
2024-10-31,4.83,4.28,23.16,,
2024-11-01,4.83,4.37,21.88,21440.0,316.528
2024-11-02,4.83,,,,
2024-11-03,4.83,,,,
2024-11-04,4.83,4.31,21.98,,
2024-11-05,4.83,4.26,20.49,,
2024-11-06,4.83,4.42,16.27,,
2024-11-07,4.83,4.31,15.2,,
2024-11-08,4.58,4.3,14.94,,
2024-11-09,4.58,,,,
2024-11-10,4.58,,,,
2024-11-11,4.58,,14.97,,
2024-11-12,4.58,4.43,14.71,,
2024-11-13,4.58,4.44,14.02,,
2024-11-14,4.58,4.43,14.31,,
2024-11-15,4.58,4.43,16.14,,
2024-11-16,4.58,,,,
2024-11-17,4.58,,,,
2024-11-18,4.58,4.42,15.58,,
2024-11-19,4.58,4.39,16.35,,
2024-11-20,4.58,4.41,17.16,,
2024-11-21,4.58,4.43,16.87,,
2024-11-22,4.58,4.41,15.24,,
2024-11-23,4.58,,,,
2024-11-24,4.58,,,,
2024-11-25,4.58,4.27,14.6,,
2024-11-26,4.58,4.3,14.1,,
2024-11-27,4.58,4.25,14.1,,
2024-11-28,4.58,,13.9,,
2024-11-29,4.58,4.18,13.51,,
2024-11-30,4.58,,,,
2024-12-01,4.58,,,21458.4,317.604
2024-12-02,4.58,4.19,13.34,,
2024-12-03,4.58,4.23,13.3,,
2024-12-04,4.58,4.19,13.45,,
2024-12-05,4.58,4.17,13.54,,
2024-12-06,4.58,4.15,12.77,,
2024-12-07,4.58,,,,
2024-12-08,4.58,,,,
2024-12-09,4.58,4.2,14.19,,
2024-12-10,4.58,4.22,14.18,,
2024-12-11,4.58,4.26,13.58,,
2024-12-12,4.58,4.32,13.92,,
2024-12-13,4.58,4.4,13.81,,
2024-12-14,4.58,,,,
2024-12-15,4.58,,,,
2024-12-16,4.58,4.39,14.69,,
2024-12-17,4.58,4.4,15.87,,
2024-12-18,4.58,4.5,27.62,,
2024-12-19,4.33,4.57,24.09,,
2024-12-20,4.33,4.52,18.36,,
2024-12-21,4.33,,,,
2024-12-22,4.33,,,,
2024-12-23,4.33,4.59,16.78,,
2024-12-24,4.33,4.59,14.27,,
2024-12-25,4.33,,,,
2024-12-26,4.33,4.58,14.73,,
2024-12-27,4.33,4.62,15.95,,
2024-12-28,4.33,,,,
2024-12-29,4.33,,,,
2024-12-30,4.33,4.55,17.4,,
2024-12-31,4.33,4.58,17.35,,
2025-01-01,4.33,,,21519.7,318.961
2025-01-02,4.33,4.57,17.93,,
2025-01-03,4.33,4.6,16.13,,
2025-01-04,4.33,,,,
2025-01-05,4.33,,,,
2025-01-06,4.33,4.62,16.04,,
2025-01-07,4.33,4.67,17.82,,
2025-01-08,4.33,4.67,17.7,,
2025-01-09,4.33,4.68,18.07,,
2025-01-10,4.33,4.77,19.54,,
2025-01-11,4.33,,,,
2025-01-12,4.33,,,,
2025-01-13,4.33,4.79,19.19,,
2025-01-14,4.33,4.78,18.71,,
2025-01-15,4.33,4.66,16.12,,
2025-01-16,4.33,4.61,16.6,,
2025-01-17,4.33,4.61,15.97,,
2025-01-18,4.33,,,,
2025-01-19,4.33,,,,
2025-01-20,4.33,,15.81,,
2025-01-21,4.33,4.57,15.06,,
2025-01-22,4.33,4.6,15.1,,
2025-01-23,4.33,4.65,15.02,,
2025-01-24,4.33,4.63,14.85,,
2025-01-25,4.33,,,,
2025-01-26,4.33,,,,
2025-01-27,4.33,4.53,17.9,,
2025-01-28,4.33,4.55,16.41,,
2025-01-29,4.33,4.55,16.56,,
2025-01-30,4.33,4.52,15.84,,
2025-01-31,4.33,4.58,16.43,,
2025-02-01,4.33,,,21587.5,319.679
2025-02-02,4.33,,,,
2025-02-03,4.33,4.54,18.62,,
2025-02-04,4.33,4.52,17.21,,
2025-02-05,4.33,4.43,15.77,,
2025-02-06,4.33,4.45,15.5,,
2025-02-07,4.33,4.49,16.54,,
2025-02-08,4.33,,,,
2025-02-09,4.33,,,,
2025-02-10,4.33,4.51,15.81,,
2025-02-11,4.33,4.54,16.02,,
2025-02-12,4.33,4.62,15.89,,
2025-02-13,4.33,4.52,15.1,,
2025-02-14,4.33,4.47,14.77,,
2025-02-15,4.33,,,,
2025-02-16,4.33,,,,
2025-02-17,4.33,,15.37,,
2025-02-18,4.33,4.55,15.35,,
2025-02-19,4.33,4.53,15.27,,
2025-02-20,4.33,4.5,15.66,,
2025-02-21,4.33,4.42,18.21,,
2025-02-22,4.33,,,,
2025-02-23,4.33,,,,
2025-02-24,4.33,4.4,18.98,,
2025-02-25,4.33,4.3,19.43,,
2025-02-26,4.33,4.25,19.1,,
2025-02-27,4.33,4.29,21.13,,
2025-02-28,4.33,4.24,19.63,,
2025-03-01,4.33,,,21657.8,319.785
2025-03-02,4.33,,,,
2025-03-03,4.33,4.16,22.78,,
2025-03-04,4.33,4.22,23.51,,
2025-03-05,4.33,4.28,21.93,,
2025-03-06,4.33,4.29,24.87,,
2025-03-07,4.33,4.32,23.37,,
2025-03-08,4.33,,,,
2025-03-09,4.33,,,,
2025-03-10,4.33,4.22,27.86,,
2025-03-11,4.33,4.28,26.92,,
2025-03-12,4.33,4.32,24.23,,
2025-03-13,4.33,4.27,24.66,,
2025-03-14,4.33,4.31,21.77,,
2025-03-15,4.33,,,,
2025-03-16,4.33,,,,
2025-03-17,4.33,4.31,20.51,,
2025-03-18,4.33,4.29,21.7,,
2025-03-19,4.33,4.25,19.9,,
2025-03-20,4.33,4.24,19.8,,
2025-03-21,4.33,4.25,19.28,,
2025-03-22,4.33,,,,
2025-03-23,4.33,,,,
2025-03-24,4.33,4.34,17.48,,
2025-03-25,4.33,4.31,17.15,,
2025-03-26,4.33,4.35,18.33,,
2025-03-27,4.33,4.38,18.69,,
2025-03-28,4.33,4.27,21.65,,
2025-03-29,4.33,,,,
2025-03-30,4.33,,,,
2025-03-31,4.33,4.23,22.28,,
2025-04-01,4.33,4.17,21.77,21792.0,320.302
2025-04-02,4.33,4.2,21.51,,
2025-04-03,4.33,4.06,30.02,,
2025-04-04,4.33,4.01,45.31,,
2025-04-05,4.33,,,,
2025-04-06,4.33,,,,
2025-04-07,4.33,4.15,46.98,,
2025-04-08,4.33,4.26,52.33,,
2025-04-09,4.33,4.34,33.62,,
2025-04-10,4.33,4.4,40.72,,
2025-04-11,4.33,4.48,37.56,,
2025-04-12,4.33,,,,
2025-04-13,4.33,,,,
2025-04-14,4.33,4.38,30.89,,
2025-04-15,4.33,4.35,30.12,,
2025-04-16,4.33,4.29,32.64,,
2025-04-17,4.33,4.34,29.65,,
2025-04-18,4.33,,,,
2025-04-19,4.33,,,,
2025-04-20,4.33,,,,
2025-04-21,4.33,4.42,33.82,,
2025-04-22,4.33,4.41,30.57,,
2025-04-23,4.33,4.4,28.45,,
2025-04-24,4.33,4.32,26.47,,
2025-04-25,4.33,4.29,24.84,,
2025-04-26,4.33,,,,
2025-04-27,4.33,,,,
2025-04-28,4.33,4.23,25.15,,
2025-04-29,4.33,4.19,24.17,,
2025-04-30,4.33,4.17,24.7,,
2025-05-01,4.33,4.25,24.6,21849.5,320.62
2025-05-02,4.33,4.33,22.68,,
2025-05-03,4.33,,,,
2025-05-04,4.33,,,,
2025-05-05,4.33,4.36,23.64,,
2025-05-06,4.33,4.3,24.76,,
2025-05-07,4.33,4.26,23.55,,
2025-05-08,4.33,4.37,22.48,,
2025-05-09,4.33,4.37,21.9,,
2025-05-10,4.33,,,,
2025-05-11,4.33,,,,
2025-05-12,4.33,4.45,18.39,,
2025-05-13,4.33,4.49,18.22,,
2025-05-14,4.33,4.53,18.62,,
2025-05-15,4.33,4.45,17.83,,
2025-05-16,4.33,4.43,17.24,,
2025-05-17,4.33,,,,
2025-05-18,4.33,,,,
2025-05-19,4.33,4.46,18.14,,
2025-05-20,4.33,4.48,18.09,,
2025-05-21,4.33,4.58,20.87,,
2025-05-22,4.33,4.54,20.28,,
2025-05-23,4.33,4.51,22.29,,
2025-05-24,4.33,,,,
2025-05-25,4.33,,,,
2025-05-26,4.33,,20.57,,
2025-05-27,4.33,4.43,18.96,,
2025-05-28,4.33,4.47,19.31,,
2025-05-29,4.33,4.43,19.18,,
2025-05-30,4.33,4.41,18.57,,
2025-05-31,4.33,,,,
2025-06-01,4.33,,,21967.8,321.435
2025-06-02,4.33,4.46,18.36,,
2025-06-03,4.33,4.46,17.69,,
2025-06-04,4.33,4.37,17.61,,
2025-06-05,4.33,4.4,18.48,,
2025-06-06,4.33,4.51,16.77,,
2025-06-07,4.33,,,,
2025-06-08,4.33,,,,
2025-06-09,4.33,4.49,17.16,,
2025-06-10,4.33,4.47,16.95,,
2025-06-11,4.33,4.41,17.26,,
2025-06-12,4.33,4.36,18.02,,
2025-06-13,4.33,4.41,20.82,,
2025-06-14,4.33,,,,
2025-06-15,4.33,,,,
2025-06-16,4.33,4.46,19.11,,
2025-06-17,4.33,4.39,21.6,,
2025-06-18,4.33,4.38,20.14,,
2025-06-19,4.33,,22.17,,
2025-06-20,4.33,4.38,20.62,,
2025-06-21,4.33,,,,
2025-06-22,4.33,,,,
2025-06-23,4.33,4.34,19.83,,
2025-06-24,4.33,4.3,17.48,,
2025-06-25,4.33,4.29,16.76,,
2025-06-26,4.33,4.26,16.59,,
2025-06-27,4.33,4.29,16.32,,
2025-06-28,4.33,,,,
2025-06-29,4.33,,,,
2025-06-30,4.33,4.24,16.73,,
2025-07-01,4.33,4.26,16.83,22046.6,322.169
2025-07-02,4.33,4.3,16.64,,
2025-07-03,4.33,4.35,16.38,,
2025-07-04,4.33,,17.48,,
2025-07-05,4.33,,,,
2025-07-06,4.33,,,,
2025-07-07,4.33,4.4,17.79,,
2025-07-08,4.33,4.42,16.81,,
2025-07-09,4.33,4.34,15.94,,
2025-07-10,4.33,4.35,15.78,,
2025-07-11,4.33,4.43,16.4,,
2025-07-12,4.33,,,,
2025-07-13,4.33,,,,
2025-07-14,4.33,4.43,17.2,,
2025-07-15,4.33,4.5,17.38,,
2025-07-16,4.33,4.46,17.16,,
2025-07-17,4.33,4.47,16.52,,
2025-07-18,4.33,4.44,16.41,,
2025-07-19,4.33,,,,
2025-07-20,4.33,,,,
2025-07-21,4.33,4.38,16.65,,
2025-07-22,4.33,4.35,16.5,,
2025-07-23,4.33,4.4,15.37,,
2025-07-24,4.33,4.43,15.39,,
2025-07-25,4.33,4.4,14.93,,
2025-07-26,4.33,,,,
2025-07-27,4.33,,,,
2025-07-28,4.33,4.42,15.03,,
2025-07-29,4.33,4.34,15.98,,
2025-07-30,4.33,4.38,15.48,,
2025-07-31,4.33,4.37,16.72,,
2025-08-01,4.33,4.23,20.38,22105.5,323.291
2025-08-02,4.33,,,,
2025-08-03,4.33,,,,
2025-08-04,4.33,4.22,17.52,,
2025-08-05,4.33,4.22,17.85,,
2025-08-06,4.33,4.22,16.77,,
2025-08-07,4.33,4.23,16.57,,
2025-08-08,4.33,4.27,15.15,,
2025-08-09,4.33,,,,
2025-08-10,4.33,,,,
2025-08-11,4.33,4.27,16.25,,
2025-08-12,4.33,4.29,14.73,,
2025-08-13,4.33,4.24,14.49,,
2025-08-14,4.33,4.29,14.83,,
2025-08-15,4.33,4.33,15.09,,
2025-08-16,4.33,,,,
2025-08-17,4.33,,,,
2025-08-18,4.33,4.34,14.99,,
2025-08-19,4.33,4.3,15.57,,
2025-08-20,4.33,4.29,15.69,,
2025-08-21,4.33,4.33,16.6,,
2025-08-22,4.33,4.26,14.22,,
2025-08-23,4.33,,,,
2025-08-24,4.33,,,,
2025-08-25,4.33,4.28,14.79,,
2025-08-26,4.33,4.26,14.62,,
2025-08-27,4.33,4.24,14.85,,
2025-08-28,4.33,4.22,14.43,,
2025-08-29,4.33,4.23,15.36,,
2025-08-30,4.33,,,,
2025-08-31,4.33,,,,
2025-09-01,4.33,,16.12,22188.6,324.245
2025-09-02,4.33,4.28,17.17,,
2025-09-03,4.33,4.22,16.35,,
2025-09-04,4.33,4.17,15.3,,
2025-09-05,4.33,4.1,15.18,,
2025-09-06,4.33,,,,
2025-09-07,4.33,,,,
2025-09-08,4.33,4.05,15.11,,
2025-09-09,4.33,4.08,15.04,,
2025-09-10,4.33,4.04,15.35,,
2025-09-11,4.33,4.01,14.71,,
2025-09-12,4.33,4.06,14.76,,
2025-09-13,4.33,,,,
2025-09-14,4.33,,,,
2025-09-15,4.33,4.05,15.69,,
2025-09-16,4.33,4.04,16.36,,
2025-09-17,4.33,4.06,15.72,,
2025-09-18,4.08,4.11,15.7,,
2025-09-19,4.08,4.14,15.45,,
2025-09-20,4.08,,,,
2025-09-21,4.08,,,,
2025-09-22,4.09,4.15,16.1,,
2025-09-23,4.09,4.12,16.64,,
2025-09-24,4.09,4.16,16.18,,
2025-09-25,4.09,4.18,16.74,,
2025-09-26,4.09,4.2,15.29,,
2025-09-27,4.09,,,,
2025-09-28,4.09,,,,
2025-09-29,4.09,4.15,16.12,,
2025-09-30,4.09,4.16,16.28,,
2025-10-01,4.09,4.12,16.29,22260.1,
2025-10-02,4.09,4.1,16.63,,
2025-10-03,4.09,4.13,16.65,,
2025-10-04,4.09,,,,
2025-10-05,4.09,,,,
2025-10-06,4.09,4.18,16.37,,
2025-10-07,4.09,4.14,17.24,,
2025-10-08,4.1,4.13,16.3,,
2025-10-09,4.1,4.14,16.43,,
2025-10-10,4.1,4.05,21.66,,
2025-10-11,4.1,,,,
2025-10-12,4.1,,,,
2025-10-13,4.1,,19.03,,
2025-10-14,4.1,4.03,20.81,,
2025-10-15,4.1,4.05,20.64,,
2025-10-16,4.11,3.99,25.31,,
2025-10-17,4.11,4.02,20.78,,
2025-10-18,4.11,,,,
2025-10-19,4.11,,,,
2025-10-20,4.11,4.0,18.23,,
2025-10-21,4.11,3.98,17.87,,
2025-10-22,4.11,3.97,18.6,,
2025-10-23,4.11,4.01,17.3,,
2025-10-24,4.11,4.02,16.37,,
2025-10-25,4.11,,,,
2025-10-26,4.11,,,,
2025-10-27,4.12,4.01,15.79,,
2025-10-28,4.12,3.99,16.42,,
2025-10-29,4.12,4.08,16.92,,
2025-10-30,3.87,4.11,16.91,,
2025-10-31,3.86,4.11,17.44,,
2025-11-01,3.86,,,22280.9,325.063
2025-11-02,3.86,,,,
2025-11-03,3.87,4.13,17.17,,
2025-11-04,3.87,4.1,19.0,,
2025-11-05,3.87,4.17,18.01,,
2025-11-06,3.87,4.11,19.5,,
2025-11-07,3.87,4.11,19.08,,
2025-11-08,3.87,,,,
2025-11-09,3.87,,,,
2025-11-10,3.87,4.13,17.6,,
2025-11-11,3.87,,17.28,,
2025-11-12,3.87,4.08,17.51,,
2025-11-13,3.88,4.11,20.0,,
2025-11-14,3.88,4.14,19.83,,
2025-11-15,3.88,,,,
2025-11-16,3.88,,,,
2025-11-17,3.88,4.13,22.38,,
2025-11-18,3.88,4.12,24.69,,
2025-11-19,3.88,4.13,23.66,,
2025-11-20,3.88,4.1,26.42,,
2025-11-21,3.88,4.06,23.43,,
2025-11-22,3.88,,,,
2025-11-23,3.88,,,,
2025-11-24,3.88,4.04,20.52,,
2025-11-25,3.88,4.01,18.56,,
2025-11-26,3.88,4.0,17.19,,
2025-11-27,3.88,,17.21,,
2025-11-28,3.89,4.02,16.35,,
2025-11-29,3.89,,,,
2025-11-30,3.89,,,,
2025-12-01,3.89,4.09,17.24,22366.2,326.031
2025-12-02,3.89,4.09,16.59,,
2025-12-03,3.89,4.06,16.08,,
2025-12-04,3.89,4.11,15.78,,
2025-12-05,3.89,4.14,15.41,,
2025-12-06,3.89,,,,
2025-12-07,3.89,,,,
2025-12-08,3.89,4.17,16.66,,
2025-12-09,3.89,4.18,16.93,,
2025-12-10,3.89,4.13,15.77,,
2025-12-11,3.64,4.14,14.85,,
2025-12-12,3.64,4.19,15.74,,
2025-12-13,3.64,,,,
2025-12-14,3.64,,,,
2025-12-15,3.64,4.18,16.5,,
2025-12-16,3.64,4.15,16.48,,
2025-12-17,3.64,4.16,17.62,,
2025-12-18,3.64,4.12,16.87,,
2025-12-19,3.64,4.16,14.91,,
2025-12-20,3.64,,,,
2025-12-21,3.64,,,,
2025-12-22,3.64,4.17,14.08,,
2025-12-23,3.64,4.18,14.0,,
2025-12-24,3.64,4.15,13.47,,
2025-12-25,3.64,,,,
2025-12-26,3.64,4.14,13.6,,
2025-12-27,3.64,,,,
2025-12-28,3.64,,,,
2025-12-29,3.64,4.12,14.2,,
2025-12-30,3.64,4.14,14.33,,
2025-12-31,3.64,4.18,14.95,,
2026-01-01,3.64,,,22442.1,326.588
2026-01-02,3.64,4.19,14.51,,
2026-01-03,3.64,,,,
2026-01-04,3.64,,,,
2026-01-05,3.64,4.17,14.9,,
2026-01-06,3.64,4.18,14.75,,
2026-01-07,3.64,4.15,15.38,,
2026-01-08,3.64,4.19,15.45,,
2026-01-09,3.64,4.18,14.49,,
2026-01-10,3.64,,,,
2026-01-11,3.64,,,,
2026-01-12,3.64,4.19,15.12,,
2026-01-13,3.64,4.18,15.98,,
2026-01-14,3.64,4.15,16.75,,
2026-01-15,3.64,4.17,15.84,,
2026-01-16,3.64,4.24,15.86,,
2026-01-17,3.64,,,,
2026-01-18,3.64,,,,
2026-01-19,3.64,,18.84,,
2026-01-20,3.64,4.3,20.09,,
2026-01-21,3.64,4.26,16.9,,
2026-01-22,3.64,4.26,15.64,,
2026-01-23,3.64,4.24,16.09,,
2026-01-24,3.64,,,,
2026-01-25,3.64,,,,
2026-01-26,3.64,4.22,16.15,,
2026-01-27,3.64,4.24,16.35,,
2026-01-28,3.64,4.26,16.35,,
2026-01-29,3.64,4.24,16.88,,
2026-01-30,3.64,4.26,17.44,,
2026-01-31,3.64,,,,
2026-02-01,3.64,,,,327.46
2026-02-02,3.64,4.29,16.34,,
2026-02-03,3.64,4.28,18.0,,
2026-02-04,3.64,4.29,18.64,,
2026-02-05,3.64,4.21,21.77,,
2026-02-06,3.64,4.22,17.76,,
2026-02-07,3.64,,,,
2026-02-08,3.64,,,,
2026-02-09,3.64,4.22,17.36,,
2026-02-10,3.64,4.16,17.79,,
2026-02-11,3.64,4.18,17.65,,
2026-02-12,3.64,4.09,20.82,,
2026-02-13,3.64,4.04,20.6,,
2026-02-14,3.64,,,,
2026-02-15,3.64,,,,
2026-02-16,3.64,,21.2,,
2026-02-17,3.64,4.05,20.29,,
2026-02-18,3.64,4.09,19.62,,
2026-02-19,3.64,4.08,20.23,,
2026-02-20,3.64,4.08,19.09,,
2026-02-21,3.64,,,,
2026-02-22,3.64,,,,
2026-02-23,3.64,4.03,21.01,,
2026-02-24,3.64,4.04,19.55,,
2026-02-25,3.64,4.05,17.93,,
2026-02-26,3.64,4.02,18.63,,
2026-02-27,3.64,3.97,19.86,,
2026-02-28,3.64,,,,
2026-03-01,3.64,,,,
2026-03-02,3.64,4.05,21.44,,
2026-03-03,3.64,4.06,23.57,,
2026-03-04,3.64,4.09,21.15,,
2026-03-05,3.64,4.13,23.75,,
2026-03-06,3.64,4.15,29.49,,
2026-03-07,3.64,,,,
2026-03-08,3.64,,,,
2026-03-09,3.64,4.12,25.5,,
2026-03-10,3.64,4.15,24.93,,
2026-03-11,3.64,4.21,24.23,,
