model,scope,coin,fold,train_start,test_end,accuracy,macro_f1,weighted_f1,f1_not_bubble,f1_creation,f1_collapse
LASSO,per_coin,ADA,5,2019-08-01,2020-11-01,0.9021739130434783,0.8676258992805755,0.9087894901470129,0.935251798561151,0.8,0.0
LASSO,per_coin,ADA,6,2019-11-01,2021-02-01,0.34782608695652173,0.3082706766917293,0.2471395881006865,0.14285714285714285,0.47368421052631576,0.0
LASSO,per_coin,ADA,7,2020-02-01,2021-05-01,0.47191011235955055,0.224,0.5889438202247191,0.0,0.672,0.0
LASSO,per_coin,ADA,8,2020-05-01,2021-08-01,0.3804347826086957,0.21021021021021022,0.26047786917352134,0.0,0.6306306306306306,0.0
LASSO,per_coin,ADA,9,2020-08-01,2021-11-01,0.75,0.4949771689497717,0.7399642644431208,0.0,0.8,0.684931506849315
LASSO,per_coin,ADA,10,2020-11-01,2022-02-01,0.358695652173913,0.17741935483870966,0.1967040673211781,0.0,0.0,0.532258064516129
LASSO,per_coin,ADA,11,2021-02-01,2022-05-01,0.0,0.0,0.0,0.0,0.0,0.0
LASSO,per_coin,ADA,12,2021-05-01,2022-08-01,0.34782608695652173,0.20940438871473355,0.44242878560719645,0.4827586206896552,0.0,0.14545454545454545
LASSO,per_coin,ADA,13,2021-08-01,2022-11-01,0.6195652173913043,0.2550335570469799,0.7651006711409396,0.7651006711409396,0.0,0.0
LASSO,per_coin,ADA,14,2021-11-01,2023-02-01,0.8369565217391305,0.3037475345167653,0.9112426035502957,0.9112426035502958,0.0,0.0
LASSO,per_coin,ADA,15,2022-02-01,2023-05-01,0.9438202247191011,0.48554913294797686,0.9710982658959538,0.9710982658959537,0.0,0.0
LASSO,per_coin,ADA,16,2022-05-01,2023-08-01,0.9891304347826086,0.4972677595628415,0.994535519125683,0.994535519125683,0.0,0.0
LASSO,per_coin,ADA,20,2023-05-01,2024-08-01,0.9782608695652174,0.4945054945054945,0.989010989010989,0.989010989010989,0.0,0.0
LASSO,per_coin,ADA,21,2023-08-01,2024-11-01,1.0,1.0,1.0,1.0,0.0,0.0
LASSO,per_coin,BNB,3,2019-02-01,2020-05-01,0.5777777777777777,0.24413145539906103,0.6917057902973396,0.7323943661971831,0.0,0.0
LASSO,per_coin,BNB,4,2019-05-01,2020-08-01,1.0,1.0,1.0,1.0,0.0,0.0
LASSO,per_coin,BNB,5,2019-08-01,2020-11-01,0.5652173913043478,0.311721332316298,0.6743441780254037,0.7246376811594203,0.21052631578947367,0.0
LASSO,per_coin,BNB,6,2019-11-01,2021-02-01,0.6739130434782609,0.2683982683982684,0.7964426877470356,0.8051948051948052,0.0,0.0
LASSO,per_coin,BNB,7,2020-02-01,2021-05-01,0.6292134831460674,0.2629107981220657,0.7621459091628422,0.0,0.7887323943661971,0.0
LASSO,per_coin,BNB,8,2020-05-01,2021-08-01,0.15217391304347827,0.19858156028368792,0.1877890841813136,0.0,0.5957446808510638,0.0
LASSO,per_coin,BNB,9,2020-08-01,2021-11-01,0.03260869565217391,0.02666666666666667,0.0626086956521739,0.0,0.08,0.0
LASSO,per_coin,BNB,10,2020-11-01,2022-02-01,0.6086956521739131,0.43209876543209874,0.5805152979066023,0.0,0.5185185185185185,0.7777777777777778
LASSO,per_coin,BNB,11,2021-02-01,2022-05-01,0.0,0.0,0.0,0.0,0.0,0.0
LASSO,per_coin,BNB,12,2021-05-01,2022-08-01,0.17391304347826086,0.1365374677002584,0.14514661274014157,0.11627906976744186,0.0,0.29333333333333333
LASSO,per_coin,BNB,13,2021-08-01,2022-11-01,0.0,0.0,0.0,0.0,0.0,0.0
LASSO,per_coin,BNB,14,2021-11-01,2023-02-01,0.31521739130434784,0.2396694214876033,0.4793388429752067,0.4793388429752066,0.0,0.0
LASSO,per_coin,BNB,15,2022-02-01,2023-05-01,1.0,1.0,1.0,1.0,0.0,0.0
LASSO,per_coin,BNB,16,2022-05-01,2023-08-01,0.9456521739130435,0.4860335195530726,0.9192373087199417,0.9720670391061452,0.0,0.0
LASSO,per_coin,BNB,18,2022-11-01,2024-02-01,0.8804347826086957,0.4682080924855491,0.8244533802462931,0.9364161849710982,0.0,0.0
LASSO,per_coin,BNB,19,2023-02-01,2024-05-01,0.2111111111111111,0.11728395061728396,0.0742798353909465,0.35185185185185186,0.0,0.0
LASSO,per_coin,BNB,20,2023-05-01,2024-08-01,0.5434782608695652,0.27917264466762315,0.4135464100804691,0.6911764705882353,0.14634146341463414,0.0
LASSO,per_coin,BNB,21,2023-08-01,2024-11-01,0.2391304347826087,0.1286549707602339,0.38596491228070173,0.38596491228070173,0.0,0.0
LASSO,per_coin,BTC,3,2019-02-01,2020-05-01,0.5222222222222223,0.22871046228710465,0.6861313868613139,0.6861313868613139,0.0,0.0
LASSO,per_coin,BTC,4,2019-05-01,2020-08-01,0.9347826086956522,0.48314606741573035,0.9662921348314607,0.9662921348314607,0.0,0.0
LASSO,per_coin,BTC,5,2019-08-01,2020-11-01,0.6086956521739131,0.273075583420411,0.7434464585888874,0.7586206896551724,0.06060606060606061,0.0
LASSO,per_coin,BTC,7,2020-02-01,2021-05-01,0.21348314606741572,0.13768115942028986,0.3202247191011236,0.0,0.41304347826086957,0.0
LASSO,per_coin,BTC,8,2020-05-01,2021-08-01,0.7282608695652174,0.2809224318658281,0.6137544435329506,0.8427672955974843,0.0,0.0
LASSO,per_coin,BTC,9,2020-08-01,2021-11-01,0.75,0.5851851851851851,0.7727053140096618,0.6933333333333334,0.84,0.2222222222222222
LASSO,per_coin,BTC,10,2020-11-01,2022-02-01,0.8043478260869565,0.7059288537549407,0.8163430142636193,0.9090909090909091,0.6086956521739131,0.6
LASSO,per_coin,BTC,11,2021-02-01,2022-05-01,0.550561797752809,0.23671497584541065,0.7101449275362319,0.7101449275362319,0.0,0.0
LASSO,per_coin,BTC,12,2021-05-01,2022-08-01,0.717391304347826,0.4177215189873418,0.5993395707209687,0.8354430379746836,0.0,0.0
LASSO,per_coin,BTC,13,2021-08-01,2022-11-01,0.9456521739130435,0.4860335195530726,0.9720670391061452,0.9720670391061452,0.0,0.0
LASSO,per_coin,BTC,14,2021-11-01,2023-02-01,0.967391304347826,0.49171270718232046,0.9834254143646409,0.9834254143646409,0.0,0.0
LASSO,per_coin,BTC,15,2022-02-01,2023-05-01,1.0,1.0,1.0,1.0,0.0,0.0
LASSO,per_coin,BTC,16,2022-05-01,2023-08-01,1.0,1.0,1.0,1.0,0.0,0.0
LASSO,per_coin,BTC,20,2023-05-01,2024-08-01,0.6304347826086957,0.3171901384667342,0.6014977313774724,0.7801418439716312,0.17142857142857143,0.0
LASSO,per_coin,BTC,21,2023-08-01,2024-11-01,0.7065217391304348,0.2760084925690021,0.8280254777070064,0.8280254777070064,0.0,0.0
LASSO,per_coin,DOGE,3,2020-04-05,2021-07-05,0.03296703296703297,0.03773584905660377,0.06220194899440183,0.0,0.11320754716981132,0.0
LASSO,per_coin,DOGE,4,2020-07-05,2021-10-05,0.32608695652173914,0.3383333333333334,0.3769021739130434,0.2,0.44,0.375
LASSO,per_coin,DOGE,5,2020-10-05,2022-01-05,0.34782608695652173,0.27271062271062274,0.4392976588628762,0.4642857142857143,0.2,0.15384615384615385
LASSO,per_coin,DOGE,6,2021-01-05,2022-04-05,0.37777777777777777,0.18279569892473116,0.5483870967741935,0.5483870967741935,0.0,0.0
LASSO,per_coin,DOGE,7,2021-04-05,2022-07-05,0.06593406593406594,0.07142857142857142,0.030612244897959183,0.0,0.0,0.21428571428571427
LASSO,per_coin,DOGE,8,2021-07-05,2022-10-05,0.22826086956521738,0.12389380530973453,0.37168141592920356,0.37168141592920356,0.0,0.0
LASSO,per_coin,DOGE,9,2021-10-05,2023-01-05,0.6630434782608695,0.2747747747747748,0.7795240893066981,0.8243243243243243,0.0,0.0
LASSO,per_coin,DOGE,10,2022-01-05,2023-04-05,0.9666666666666667,0.4915254237288136,0.9830508474576273,0.9830508474576272,0.0,0.0
LASSO,per_coin,DOGE,11,2022-04-05,2023-07-05,0.7802197802197802,0.29218106995884774,0.8765432098765432,0.8765432098765432,0.0,0.0
LASSO,per_coin,DOGE,12,2022-07-05,2023-10-05,0.9891304347826086,0.4972677595628415,0.994535519125683,0.994535519125683,0.0,0.0
LASSO,per_coin,DOGE,13,2022-10-05,2024-01-05,0.8695652173913043,0.46511627906976744,0.8190091001011123,0.9302325581395349,0.0,0.0
LASSO,per_coin,DOGE,15,2023-04-05,2024-07-05,0.9340659340659341,0.48295454545454547,0.9022227772227773,0.9659090909090909,0.0,0.0
LASSO,per_coin,DOGE,16,2023-07-05,2024-10-05,0.967391304347826,0.49171270718232046,0.9834254143646409,0.9834254143646409,0.0,0.0
LASSO,per_coin,ETH,5,2019-08-01,2020-11-01,0.9021739130434783,0.8832980972515856,0.902684070227043,0.9302325581395349,0.8363636363636363,0.0
LASSO,per_coin,ETH,6,2019-11-01,2021-02-01,0.7934782608695652,0.7878383298944047,0.7931022654712213,0.822429906542056,0.7532467532467533,0.0
LASSO,per_coin,ETH,7,2020-02-01,2021-05-01,0.5168539325842697,0.2414698162729659,0.6511545607360878,0.0,0.7244094488188977,0.0
LASSO,per_coin,ETH,8,2020-05-01,2021-08-01,0.32608695652173914,0.2965686274509804,0.30466751918158563,0.125,0.7647058823529411,0.0
LASSO,per_coin,ETH,9,2020-08-01,2021-11-01,0.6956521739130435,0.29024943310657597,0.709849157054126,0.0,0.8707482993197279,0.0
LASSO,per_coin,ETH,10,2020-11-01,2022-02-01,0.6195652173913043,0.45751633986928103,0.5558397271952259,0.0,0.6666666666666666,0.7058823529411765
LASSO,per_coin,ETH,11,2021-02-01,2022-05-01,0.0898876404494382,0.054982817869415807,0.16494845360824742,0.16494845360824742,0.0,0.0
LASSO,per_coin,ETH,12,2021-05-01,2022-08-01,0.30434782608695654,0.2021825396825397,0.2465191511387164,0.08571428571428572,0.0,0.5208333333333334
LASSO,per_coin,ETH,13,2021-08-01,2022-11-01,0.07608695652173914,0.04713804713804714,0.1414141414141414,0.1414141414141414,0.0,0.0
LASSO,per_coin,ETH,14,2021-11-01,2023-02-01,0.6195652173913043,0.3825503355704698,0.7651006711409396,0.7651006711409396,0.0,0.0
LASSO,per_coin,ETH,15,2022-02-01,2023-05-01,1.0,1.0,1.0,1.0,0.0,0.0
LASSO,per_coin,ETH,16,2022-05-01,2023-08-01,1.0,1.0,1.0,1.0,0.0,0.0
LASSO,per_coin,ETH,20,2023-05-01,2024-08-01,1.0,1.0,1.0,1.0,0.0,0.0
LASSO,per_coin,ETH,21,2023-08-01,2024-11-01,1.0,1.0,1.0,1.0,0.0,0.0
LASSO,per_coin,SOL,1,2020-11-11,2022-02-11,0.4891304347826087,0.24359683066150728,0.40076189102795196,0.6567164179104478,0.07407407407407407,0.0
LASSO,per_coin,SOL,2,2021-02-11,2022-05-11,0.6629213483146067,0.26576576576576577,0.7883389006984513,0.7972972972972973,0.0,0.0
LASSO,per_coin,SOL,3,2021-05-11,2022-08-11,0.2608695652173913,0.16683699540112418,0.24366543733753973,0.13157894736842105,0.0,0.36893203883495146
LASSO,per_coin,SOL,4,2021-08-11,2022-11-11,0.9130434782608695,0.4390415785764623,0.9406655023439655,0.9534883720930233,0.0,0.36363636363636365
LASSO,per_coin,SOL,5,2021-11-11,2023-02-11,0.6304347826086957,0.44321863234392783,0.6567364465915191,0.6382978723404256,0.0,0.691358024691358
LASSO,per_coin,SOL,6,2022-02-11,2023-05-11,1.0,1.0,1.0,1.0,0.0,0.0
LASSO,per_coin,SOL,7,2022-05-11,2023-08-11,0.7934782608695652,0.2967479674796748,0.8612142099681867,0.8902439024390244,0.0,0.0
LASSO,per_coin,SOL,8,2022-08-11,2023-11-11,0.8260869565217391,0.4523809523809524,0.7474120082815735,0.9047619047619048,0.0,0.0
LASSO,per_coin,SOL,9,2022-11-11,2024-02-11,0.0,0.0,0.0,0.0,0.0,0.0
LASSO,per_coin,SOL,10,2023-02-11,2024-05-11,0.5111111111111111,0.48023504273504275,0.5784188034188034,0.3125,0.6666666666666666,0.46153846153846156
LASSO,per_coin,SOL,11,2023-05-11,2024-08-11,0.25,0.2529362733954687,0.26174426994277356,0.1927710843373494,0.5660377358490566,0.0
LASSO,per_coin,SOL,12,2023-08-11,2024-11-11,0.5434782608695652,0.23474178403755866,0.704225352112676,0.704225352112676,0.0,0.0
XGBoost,per_coin,ADA,5,2019-08-01,2020-11-01,0.8043478260869565,0.4457831325301205,0.7171293871136721,0.891566265060241,0.0,0.0
XGBoost,per_coin,ADA,6,2019-11-01,2021-02-01,0.31521739130434784,0.2396694214876033,0.15109593963348905,0.0,0.4793388429752066,0.0
XGBoost,per_coin,ADA,7,2020-02-01,2021-05-01,0.21348314606741572,0.13058419243986255,0.34333371944862734,0.0,0.3917525773195876,0.0
XGBoost,per_coin,ADA,8,2020-05-01,2021-08-01,0.3804347826086957,0.3153153153153153,0.390716803760282,0.0,0.9459459459459459,0.0
XGBoost,per_coin,ADA,9,2020-08-01,2021-11-01,0.75,0.5114551083591331,0.766778839682326,0.0,0.7764705882352941,0.7578947368421053
XGBoost,per_coin,ADA,10,2020-11-01,2022-02-01,0.3695652173913043,0.26666666666666666,0.2086956521739131,0.0,0.25,0.55
XGBoost,per_coin,ADA,11,2021-02-01,2022-05-01,0.0,0.0,0.0,0.0,0.0,0.0
XGBoost,per_coin,ADA,12,2021-05-01,2022-08-01,0.11956521739130435,0.08239700374531835,0.02955544699560332,0.0,0.0,0.24719101123595505
XGBoost,per_coin,ADA,13,2021-08-01,2022-11-01,1.0,1.0,1.0,1.0,0.0,0.0
XGBoost,per_coin,ADA,14,2021-11-01,2023-02-01,1.0,1.0,1.0,1.0,0.0,0.0
XGBoost,per_coin,ADA,15,2022-02-01,2023-05-01,1.0,1.0,1.0,1.0,0.0,0.0
XGBoost,per_coin,ADA,16,2022-05-01,2023-08-01,1.0,1.0,1.0,1.0,0.0,0.0
XGBoost,per_coin,ADA,20,2023-05-01,2024-08-01,1.0,1.0,1.0,1.0,0.0,0.0
XGBoost,per_coin,ADA,21,2023-08-01,2024-11-01,1.0,1.0,1.0,1.0,0.0,0.0
XGBoost,per_coin,BNB,3,2019-02-01,2020-05-01,0.8222222222222222,0.3008130081300813,0.8523035230352303,0.9024390243902439,0.0,0.0
XGBoost,per_coin,BNB,4,2019-05-01,2020-08-01,1.0,1.0,1.0,1.0,0.0,0.0
XGBoost,per_coin,BNB,5,2019-08-01,2020-11-01,0.9021739130434783,0.4742857142857143,0.855776397515528,0.9485714285714286,0.0,0.0
XGBoost,per_coin,BNB,6,2019-11-01,2021-02-01,0.9891304347826086,0.4972677595628415,0.9837253504395342,0.994535519125683,0.0,0.0
XGBoost,per_coin,BNB,7,2020-02-01,2021-05-01,0.29213483146067415,0.15476190476190477,0.4486356340288925,0.0,0.4642857142857143,0.0
XGBoost,per_coin,BNB,8,2020-05-01,2021-08-01,0.06521739130434782,0.1111111111111111,0.10507246376811594,0.0,0.3333333333333333,0.0
XGBoost,per_coin,BNB,9,2020-08-01,2021-11-01,0.782608695652174,0.43902439024390244,0.6871686108165429,0.0,0.8780487804878049,0.0
XGBoost,per_coin,BNB,10,2020-11-01,2022-02-01,0.8478260869565217,0.6125404993329522,0.792328535560693,0.0,0.9696969696969697,0.8679245283018868
XGBoost,per_coin,BNB,11,2021-02-01,2022-05-01,0.0,0.0,0.0,0.0,0.0,0.0
XGBoost,per_coin,BNB,12,2021-05-01,2022-08-01,0.13043478260869565,0.10126582278481013,0.049532195927352786,0.0,0.0,0.3037974683544304
XGBoost,per_coin,BNB,13,2021-08-01,2022-11-01,0.0,0.0,0.0,0.0,0.0,0.0
XGBoost,per_coin,BNB,14,2021-11-01,2023-02-01,0.8152173913043478,0.4491017964071856,0.8982035928143712,0.8982035928143712,0.0,0.0
XGBoost,per_coin,BNB,15,2022-02-01,2023-05-01,1.0,1.0,1.0,1.0,0.0,0.0
XGBoost,per_coin,BNB,16,2022-05-01,2023-08-01,0.9456521739130435,0.4860335195530726,0.9192373087199417,0.9720670391061452,0.0,0.0
XGBoost,per_coin,BNB,18,2022-11-01,2024-02-01,0.8804347826086957,0.4682080924855491,0.8244533802462931,0.9364161849710982,0.0,0.0
XGBoost,per_coin,BNB,19,2023-02-01,2024-05-01,0.2111111111111111,0.1162079510703364,0.07359836901121306,0.3486238532110092,0.0,0.0
XGBoost,per_coin,BNB,20,2023-05-01,2024-08-01,0.5543478260869565,0.3080808080808081,0.4499341238471673,0.696969696969697,0.22727272727272727,0.0
XGBoost,per_coin,BNB,21,2023-08-01,2024-11-01,0.5978260869565217,0.24943310657596374,0.7482993197278912,0.7482993197278912,0.0,0.0
XGBoost,per_coin,BTC,3,2019-02-01,2020-05-01,1.0,1.0,1.0,1.0,0.0,0.0
XGBoost,per_coin,BTC,4,2019-05-01,2020-08-01,1.0,1.0,1.0,1.0,0.0,0.0
XGBoost,per_coin,BTC,5,2019-08-01,2020-11-01,0.2608695652173913,0.14035087719298245,0.4118993135011441,0.42105263157894735,0.0,0.0
XGBoost,per_coin,BTC,7,2020-02-01,2021-05-01,0.7752808988764045,0.43670886075949367,0.6771440762338217,0.0,0.8734177215189873,0.0
XGBoost,per_coin,BTC,8,2020-05-01,2021-08-01,0.043478260869565216,0.027777777777777776,0.003623188405797101,0.0,0.08333333333333333,0.0
XGBoost,per_coin,BTC,9,2020-08-01,2021-11-01,0.5108695652173914,0.2776148582600196,0.4284074971311998,0.0,0.7419354838709677,0.09090909090909091
XGBoost,per_coin,BTC,10,2020-11-01,2022-02-01,0.8695652173913043,0.8465823110853536,0.8797240035444461,0.907563025210084,0.9655172413793104,0.6666666666666666
XGBoost,per_coin,BTC,11,2021-02-01,2022-05-01,0.9662921348314607,0.49142857142857144,0.9828571428571429,0.9828571428571429,0.0,0.0
XGBoost,per_coin,BTC,12,2021-05-01,2022-08-01,0.717391304347826,0.4177215189873418,0.5993395707209687,0.8354430379746836,0.0,0.0
XGBoost,per_coin,BTC,13,2021-08-01,2022-11-01,1.0,1.0,1.0,1.0,0.0,0.0
XGBoost,per_coin,BTC,14,2021-11-01,2023-02-01,0.9782608695652174,0.4945054945054945,0.989010989010989,0.989010989010989,0.0,0.0
XGBoost,per_coin,BTC,15,2022-02-01,2023-05-01,1.0,1.0,1.0,1.0,0.0,0.0
XGBoost,per_coin,BTC,16,2022-05-01,2023-08-01,1.0,1.0,1.0,1.0,0.0,0.0
XGBoost,per_coin,BTC,20,2023-05-01,2024-08-01,0.7282608695652174,0.6523053665910808,0.7194288343356667,0.8148148148148148,0.4897959183673469,0.0
XGBoost,per_coin,BTC,21,2023-08-01,2024-11-01,0.5978260869565217,0.24943310657596374,0.7482993197278912,0.7482993197278912,0.0,0.0
XGBoost,per_coin,DOGE,3,2020-04-05,2021-07-05,0.0989010989010989,0.09836065573770492,0.16213294901819492,0.0,0.29508196721311475,0.0
XGBoost,per_coin,DOGE,4,2020-07-05,2021-10-05,0.3804347826086957,0.18817204301075272,0.2147615708274895,0.0,0.5645161290322581,0.0
XGBoost,per_coin,DOGE,5,2020-10-05,2022-01-05,0.07608695652173914,0.11842105263157894,0.015446224256292907,0.0,0.25,0.10526315789473684
XGBoost,per_coin,DOGE,6,2021-01-05,2022-04-05,0.0,0.0,0.0,0.0,0.0,0.0
XGBoost,per_coin,DOGE,7,2021-04-05,2022-07-05,0.31868131868131866,0.16246498599439776,0.4177671068427371,0.48739495798319327,0.0,0.0
XGBoost,per_coin,DOGE,8,2021-07-05,2022-10-05,1.0,1.0,1.0,1.0,0.0,0.0
XGBoost,per_coin,DOGE,9,2021-10-05,2023-01-05,0.9021739130434783,0.3161904761904762,0.8970186335403727,0.9485714285714286,0.0,0.0
XGBoost,per_coin,DOGE,10,2022-01-05,2023-04-05,1.0,1.0,1.0,1.0,0.0,0.0
XGBoost,per_coin,DOGE,11,2022-04-05,2023-07-05,1.0,1.0,1.0,1.0,0.0,0.0
XGBoost,per_coin,DOGE,12,2022-07-05,2023-10-05,1.0,1.0,1.0,1.0,0.0,0.0
XGBoost,per_coin,DOGE,13,2022-10-05,2024-01-05,0.8804347826086957,0.4682080924855491,0.8244533802462931,0.9364161849710982,0.0,0.0
XGBoost,per_coin,DOGE,15,2023-04-05,2024-07-05,0.9230769230769231,0.6613503455608718,0.9198053408579725,0.9590643274853801,0.36363636363636365,0.0
XGBoost,per_coin,DOGE,16,2023-07-05,2024-10-05,1.0,1.0,1.0,1.0,0.0,0.0
XGBoost,per_coin,ETH,5,2019-08-01,2020-11-01,0.75,0.7333333333333334,0.7608695652173914,0.8,0.6666666666666666,0.0
XGBoost,per_coin,ETH,6,2019-11-01,2021-02-01,0.42391304347826086,0.29770992366412213,0.25240623962827746,0.0,0.5954198473282443,0.0
XGBoost,per_coin,ETH,7,2020-02-01,2021-05-01,0.6741573033707865,0.28169014084507044,0.7596138629529988,0.0,0.8450704225352113,0.0
XGBoost,per_coin,ETH,8,2020-05-01,2021-08-01,0.32608695652173914,0.2965686274509804,0.30466751918158563,0.125,0.7647058823529411,0.0
XGBoost,per_coin,ETH,9,2020-08-01,2021-11-01,0.7934782608695652,0.35754907356448357,0.76479983728554,0.0,0.8987341772151899,0.17391304347826086
XGBoost,per_coin,ETH,10,2020-11-01,2022-02-01,0.717391304347826,0.5351213282247765,0.6407629518574047,0.0,0.8275862068965517,0.7777777777777778
XGBoost,per_coin,ETH,11,2021-02-01,2022-05-01,0.0,0.0,0.0,0.0,0.0,0.0
XGBoost,per_coin,ETH,12,2021-05-01,2022-08-01,0.34782608695652173,0.2562929061784897,0.3748880708387225,0.34782608695652173,0.0,0.42105263157894735
XGBoost,per_coin,ETH,13,2021-08-01,2022-11-01,0.0,0.0,0.0,0.0,0.0,0.0
XGBoost,per_coin,ETH,14,2021-11-01,2023-02-01,0.9021739130434783,0.4742857142857143,0.9485714285714286,0.9485714285714286,0.0,0.0
XGBoost,per_coin,ETH,15,2022-02-01,2023-05-01,1.0,1.0,1.0,1.0,0.0,0.0
XGBoost,per_coin,ETH,16,2022-05-01,2023-08-01,1.0,1.0,1.0,1.0,0.0,0.0
XGBoost,per_coin,ETH,20,2023-05-01,2024-08-01,1.0,1.0,1.0,1.0,0.0,0.0
XGBoost,per_coin,ETH,21,2023-08-01,2024-11-01,1.0,1.0,1.0,1.0,0.0,0.0
XGBoost,per_coin,SOL,1,2020-11-11,2022-02-11,0.5,0.30363175675675674,0.43183570799059934,0.640625,0.0,0.2702702702702703
XGBoost,per_coin,SOL,2,2021-02-11,2022-05-11,0.14606741573033707,0.0849673202614379,0.25203789380920905,0.2549019607843137,0.0,0.0
XGBoost,per_coin,SOL,3,2021-05-11,2022-08-11,0.5,0.3207684319833852,0.46784166328050925,0.23333333333333334,0.0,0.7289719626168224
XGBoost,per_coin,SOL,4,2021-08-11,2022-11-11,0.9782608695652174,0.5518518518518518,0.9818840579710144,0.9888888888888889,0.0,0.6666666666666666
XGBoost,per_coin,SOL,5,2021-11-11,2023-02-11,0.5543478260869565,0.29860365198711064,0.4509877177415588,0.6917293233082706,0.0,0.20408163265306123
XGBoost,per_coin,SOL,6,2022-02-11,2023-05-11,1.0,1.0,1.0,1.0,0.0,0.0
XGBoost,per_coin,SOL,7,2022-05-11,2023-08-11,0.9456521739130435,0.7079365079365079,0.9542443064182194,0.9714285714285714,0.0,0.4444444444444444
XGBoost,per_coin,SOL,8,2022-08-11,2023-11-11,0.8260869565217391,0.4523809523809524,0.7474120082815735,0.9047619047619048,0.0,0.0
XGBoost,per_coin,SOL,9,2022-11-11,2024-02-11,0.0,0.0,0.0,0.0,0.0,0.0
XGBoost,per_coin,SOL,10,2023-02-11,2024-05-11,0.4,0.25091806634158087,0.3929925952681957,0.20408163265306123,0.5486725663716814,0.0
XGBoost,per_coin,SOL,11,2023-05-11,2024-08-11,0.17391304347826086,0.1461187214611872,0.08100059559261465,0.0,0.4383561643835616,0.0
XGBoost,per_coin,SOL,12,2023-08-11,2024-11-11,0.0,0.0,0.0,0.0,0.0,0.0
LASSO,global,ALL,3,2019-02-01,2020-05-01,0.4777777777777778,0.21553884711779447,0.5977610693400167,0.6466165413533834,0.0,0.0
LASSO,global,ALL,4,2019-05-01,2020-08-01,0.9043478260869565,0.5164373088685015,0.8855172184549926,0.9495412844036697,0.08333333333333333,0.0
LASSO,global,ALL,5,2019-08-01,2020-11-01,0.8745387453874539,0.49783397728603207,0.8916565245736756,0.9293993677555321,0.5641025641025641,0.0
LASSO,global,ALL,6,2019-11-01,2021-02-01,0.717391304347826,0.4769059333801924,0.7291704835895298,0.7581903276131046,0.6725274725274726,0.0
LASSO,global,ALL,7,2020-02-01,2021-05-01,0.6329588014981273,0.39950224530649786,0.6336147337334581,0.4262295081967213,0.7722772277227723,0.0
LASSO,global,ALL,8,2020-05-01,2021-08-01,0.43478260869565216,0.38781172094186417,0.29139649690780706,0.5520361990950227,0.6113989637305699,0.0
LASSO,global,ALL,9,2020-08-01,2021-11-01,0.7463768115942029,0.571038225073042,0.7198204849981831,0.19607843137254902,0.8575380359612724,0.6594982078853047
LASSO,global,ALL,10,2020-11-01,2022-02-01,0.4166666666666667,0.42110675130158676,0.2923574082514748,0.0,0.7593582887700535,0.5039619651347068
LASSO,global,ALL,11,2021-02-01,2022-05-01,0.02247191011235955,0.014652014652014654,0.04395604395604396,0.04395604395604396,0.0,0.0
LASSO,global,ALL,12,2021-05-01,2022-08-01,0.4963768115942029,0.3426547643526167,0.5168193863815981,0.521891418563923,0.0,0.5060728744939271
LASSO,global,ALL,13,2021-08-01,2022-11-01,0.46557971014492755,0.22614305768127788,0.6294383739370987,0.6326276463262764,0.04580152671755725,0.0
LASSO,global,ALL,14,2021-11-01,2023-02-01,0.6376811594202898,0.3977582846003899,0.7423923637596408,0.776608187134503,0.0,0.4166666666666667
LASSO,global,ALL,15,2022-02-01,2023-05-01,1.0,1.0,1.0,1.0,0.0,0.0
LASSO,global,ALL,16,2022-05-01,2023-08-01,0.8967391304347826,0.47277936962750716,0.9318549894107387,0.9455587392550143,0.0,0.0
LASSO,global,ALL,17,2022-08-01,2023-11-01,0.9891304347826086,0.4972677595628415,0.9837253504395344,0.994535519125683,0.0,0.0
LASSO,global,ALL,18,2022-11-01,2024-02-01,0.6413043478260869,0.26048565121412803,0.5011517420097897,0.7814569536423841,0.0,0.0
LASSO,global,ALL,19,2023-02-01,2024-05-01,0.37962962962962965,0.19693450191869386,0.2192218493988378,0.5486486486486486,0.007067137809187279,0.03508771929824561
LASSO,global,ALL,20,2023-05-01,2024-08-01,0.6594202898550725,0.4358287288842844,0.728863469405438,0.8028846153846154,0.41818181818181815,0.08641975308641975
LASSO,global,ALL,21,2023-08-01,2024-11-01,0.6648550724637681,0.26623141095393543,0.7986942328618063,0.7986942328618063,0.0,0.0
XGBoost,global,ALL,3,2019-02-01,2020-05-01,0.8933333333333333,0.47183098591549294,0.8723630672926447,0.9436619718309859,0.0,0.0
XGBoost,global,ALL,4,2019-05-01,2020-08-01,0.9260869565217391,0.48081264108352145,0.8905486308764354,0.9616252821670429,0.0,0.0
XGBoost,global,ALL,5,2019-08-01,2020-11-01,0.915129151291513,0.6289218312793952,0.8874704607021066,0.9548133595284872,0.30303030303030304,0.0
XGBoost,global,ALL,6,2019-11-01,2021-02-01,0.7572463768115942,0.686655934931797,0.7346143267432622,0.8353808353808354,0.5379310344827586,0.0
XGBoost,global,ALL,7,2020-02-01,2021-05-01,0.2808988764044944,0.19824328198712435,0.28256580517608915,0.2681992337164751,0.32653061224489793,0.0
XGBoost,global,ALL,8,2020-05-01,2021-08-01,0.24456521739130435,0.1390148264081722,0.10098329312649679,0.38945827232796487,0.027586206896551724,0.0
XGBoost,global,ALL,9,2020-08-01,2021-11-01,0.3061594202898551,0.2353749926751819,0.35779450331967305,0.1774891774891775,0.5152129817444219,0.013422818791946308
XGBoost,global,ALL,10,2020-11-01,2022-02-01,0.4528985507246377,0.384903790373456,0.42720671508051,0.5789473684210527,0.4097560975609756,0.16600790513833993
XGBoost,global,ALL,11,2021-02-01,2022-05-01,0.16292134831460675,0.09339774557165863,0.28019323671497587,0.28019323671497587,0.0,0.0
XGBoost,global,ALL,12,2021-05-01,2022-08-01,0.4257246376811594,0.2961093158276257,0.4718264056598411,0.5039123630672926,0.0,0.38441558441558443
XGBoost,global,ALL,13,2021-08-01,2022-11-01,0.213768115942029,0.12073472103412224,0.3484602998971002,0.3502994011976048,0.011904761904761904,0.0
XGBoost,global,ALL,14,2021-11-01,2023-02-01,0.8242753623188406,0.4316407570321988,0.8510081492537646,0.8975712777191129,0.0,0.3973509933774834
XGBoost,global,ALL,15,2022-02-01,2023-05-01,1.0,1.0,1.0,1.0,0.0,0.0
XGBoost,global,ALL,16,2022-05-01,2023-08-01,0.9855072463768116,0.49635036496350365,0.9783137628266159,0.9927007299270073,0.0,0.0
XGBoost,global,ALL,17,2022-08-01,2023-11-01,0.9855072463768116,0.49635036496350365,0.9819105046017138,0.9927007299270073,0.0,0.0
XGBoost,global,ALL,18,2022-11-01,2024-02-01,0.6413043478260869,0.26048565121412803,0.5011517420097897,0.7814569536423841,0.0,0.0
XGBoost,global,ALL,19,2023-02-01,2024-05-01,0.39814814814814814,0.20141692836847613,0.23950014954389115,0.5625841184387618,0.041666666666666664,0.0
XGBoost,global,ALL,20,2023-05-01,2024-08-01,0.7898550724637681,0.5064333301758707,0.7909075457180001,0.8779956427015251,0.391304347826087,0.25
XGBoost,global,ALL,21,2023-08-01,2024-11-01,1.0,1.0,1.0,1.0,0.0,0.0
LSTM,per_coin,ADA,5,2019-08-01,2020-11-01,0.32051282051282054,0.19334543254688444,0.426506584764298,0.4421052631578947,0.13793103448275862,0.0
LSTM,per_coin,ADA,6,2019-11-01,2021-02-01,0.3717948717948718,0.27102803738317754,0.20153366882338844,0.0,0.5420560747663551,0.0
LSTM,per_coin,ADA,7,2020-02-01,2021-05-01,0.36,0.18947368421052632,0.48505263157894735,0.0,0.5684210526315789,0.0
LSTM,per_coin,ADA,8,2020-05-01,2021-08-01,0.6923076923076923,0.4090909090909091,0.5664335664335665,0.0,0.0,0.8181818181818182
LSTM,per_coin,ADA,9,2020-08-01,2021-11-01,0.44871794871794873,0.30973451327433627,0.2779668708872248,0.0,0.6194690265486725,0.0
LSTM,per_coin,ADA,10,2020-11-01,2022-02-01,0.2692307692307692,0.1414141414141414,0.11421911421911424,0.0,0.0,0.42424242424242425
LSTM,per_coin,ADA,11,2021-02-01,2022-05-01,0.0,0.0,0.0,0.0,0.0,0.0
LSTM,per_coin,ADA,12,2021-05-01,2022-08-01,0.8974358974358975,0.47297297297297297,0.8489258489258489,0.9459459459459459,0.0,0.0
LSTM,per_coin,ADA,13,2021-08-01,2022-11-01,0.0,0.0,0.0,0.0,0.0,0.0
LSTM,per_coin,ADA,14,2021-11-01,2023-02-01,1.0,1.0,1.0,1.0,0.0,0.0
LSTM,per_coin,ADA,15,2022-02-01,2023-05-01,1.0,1.0,1.0,1.0,0.0,0.0
LSTM,per_coin,ADA,16,2022-05-01,2023-08-01,0.7692307692307693,0.43478260869565216,0.8695652173913043,0.8695652173913043,0.0,0.0
LSTM,per_coin,ADA,20,2023-05-01,2024-08-01,0.8717948717948718,0.4657534246575342,0.9315068493150684,0.9315068493150684,0.0,0.0
LSTM,per_coin,ADA,21,2023-08-01,2024-11-01,1.0,1.0,1.0,1.0,0.0,0.0
LSTM,per_coin,BNB,3,2019-02-01,2020-05-01,0.0,0.0,0.0,0.0,0.0,0.0
LSTM,per_coin,BNB,4,2019-05-01,2020-08-01,0.8589743589743589,0.3080459770114942,0.9241379310344826,0.9241379310344827,0.0,0.0
LSTM,per_coin,BNB,5,2019-08-01,2020-11-01,0.9102564102564102,0.47651006711409394,0.8674926862846326,0.9530201342281879,0.0,0.0
LSTM,per_coin,BNB,6,2019-11-01,2021-02-01,0.01282051282051282,0.012658227848101266,0.0003245699448231094,0.0,0.02531645569620253,0.0
LSTM,per_coin,BNB,7,2020-02-01,2021-05-01,0.2,0.18831168831168832,0.2779220779220779,0.0,0.2857142857142857,0.09090909090909091
LSTM,per_coin,BNB,8,2020-05-01,2021-08-01,0.0,0.0,0.0,0.0,0.0,0.0
LSTM,per_coin,BNB,9,2020-08-01,2021-11-01,0.6794871794871795,0.3045977011494253,0.6794871794871795,0.0,0.9137931034482759,0.0
LSTM,per_coin,BNB,10,2020-11-01,2022-02-01,0.6794871794871795,0.4349477682811016,0.5966834684783402,0.0,0.5185185185185185,0.7863247863247863
LSTM,per_coin,BNB,11,2021-02-01,2022-05-01,0.0,0.0,0.0,0.0,0.0,0.0
LSTM,per_coin,BNB,12,2021-05-01,2022-08-01,0.11538461538461539,0.13636363636363638,0.07867132867132867,0.0,0.0,0.4090909090909091
LSTM,per_coin,BNB,13,2021-08-01,2022-11-01,1.0,1.0,1.0,1.0,0.0,0.0
LSTM,per_coin,BNB,14,2021-11-01,2023-02-01,0.0,0.0,0.0,0.0,0.0,0.0
LSTM,per_coin,BNB,15,2022-02-01,2023-05-01,0.9733333333333334,0.49324324324324326,0.9864864864864864,0.9864864864864865,0.0,0.0
LSTM,per_coin,BNB,16,2022-05-01,2023-08-01,0.9358974358974359,0.48344370860927155,0.9049074545763287,0.9668874172185431,0.0,0.0
LSTM,per_coin,BNB,18,2022-11-01,2024-02-01,0.6410256410256411,0.390625,0.671073717948718,0.78125,0.0,0.0
LSTM,per_coin,BNB,19,2023-02-01,2024-05-01,0.06578947368421052,0.0411522633744856,0.008122157244964262,0.12345679012345678,0.0,0.0
LSTM,per_coin,BNB,20,2023-05-01,2024-08-01,0.34615384615384615,0.18367346938775508,0.3320251177394034,0.5510204081632653,0.0,0.0
LSTM,per_coin,BNB,21,2023-08-01,2024-11-01,1.0,1.0,1.0,1.0,0.0,0.0
LSTM,per_coin,BTC,3,2019-02-01,2020-05-01,0.0,0.0,0.0,0.0,0.0,0.0
LSTM,per_coin,BTC,4,2019-05-01,2020-08-01,1.0,1.0,1.0,1.0,0.0,0.0
LSTM,per_coin,BTC,5,2019-08-01,2020-11-01,0.9743589743589743,0.4935064935064935,0.9617049617049617,0.987012987012987,0.0,0.0
LSTM,per_coin,BTC,7,2020-02-01,2021-05-01,0.0,0.0,0.0,0.0,0.0,0.0
LSTM,per_coin,BTC,8,2020-05-01,2021-08-01,0.0,0.0,0.0,0.0,0.0,0.0
LSTM,per_coin,BTC,9,2020-08-01,2021-11-01,0.7948717948717948,0.5231662519255836,0.7863445359001704,0.7241379310344828,0.845360824742268,0.0
LSTM,per_coin,BTC,10,2020-11-01,2022-02-01,0.8717948717948718,0.5438340625506402,0.8861797738803086,0.9256198347107438,0.0,0.7058823529411765
LSTM,per_coin,BTC,11,2021-02-01,2022-05-01,0.8933333333333333,0.47183098591549294,0.9436619718309859,0.9436619718309859,0.0,0.0
LSTM,per_coin,BTC,12,2021-05-01,2022-08-01,0.3333333333333333,0.25,0.16666666666666666,0.0,0.0,0.5
LSTM,per_coin,BTC,13,2021-08-01,2022-11-01,0.5512820512820513,0.35537190082644626,0.7107438016528925,0.7107438016528925,0.0,0.0
LSTM,per_coin,BTC,14,2021-11-01,2023-02-01,0.9358974358974359,0.48344370860927155,0.9668874172185431,0.9668874172185431,0.0,0.0
LSTM,per_coin,BTC,15,2022-02-01,2023-05-01,1.0,1.0,1.0,1.0,0.0,0.0
LSTM,per_coin,BTC,16,2022-05-01,2023-08-01,0.7307692307692307,0.4222222222222222,0.8444444444444443,0.8444444444444444,0.0,0.0
LSTM,per_coin,BTC,20,2023-05-01,2024-08-01,0.5897435897435898,0.5873015873015873,0.5767195767195767,0.5555555555555556,0.6190476190476191,0.0
LSTM,per_coin,BTC,21,2023-08-01,2024-11-01,0.9230769230769231,0.48,0.96,0.96,0.0,0.0
LSTM,per_coin,DOGE,3,2020-04-05,2021-07-05,0.03896103896103896,0.029850746268656716,0.043031595270401235,0.0,0.08955223880597014,0.0
LSTM,per_coin,DOGE,4,2020-07-05,2021-10-05,0.6666666666666666,0.48148148148148145,0.6153846153846154,0.0,0.8055555555555556,0.6388888888888888
LSTM,per_coin,DOGE,5,2020-10-05,2022-01-05,0.19230769230769232,0.10752688172043011,0.30603804797353185,0.3225806451612903,0.0,0.0
LSTM,per_coin,DOGE,6,2021-01-05,2022-04-05,0.0,0.0,0.0,0.0,0.0,0.0
LSTM,per_coin,DOGE,7,2021-04-05,2022-07-05,0.16883116883116883,0.14444444444444443,0.04877344877344877,0.0,0.0,0.28888888888888886
LSTM,per_coin,DOGE,8,2021-07-05,2022-10-05,0.07692307692307693,0.047619047619047616,0.14285714285714285,0.14285714285714285,0.0,0.0
LSTM,per_coin,DOGE,9,2021-10-05,2023-01-05,0.8846153846153846,0.42375478927203064,0.8991747715885646,0.9379310344827586,0.3333333333333333,0.0
LSTM,per_coin,DOGE,10,2022-01-05,2023-04-05,0.0,0.0,0.0,0.0,0.0,0.0
LSTM,per_coin,DOGE,11,2022-04-05,2023-07-05,0.0,0.0,0.0,0.0,0.0,0.0
LSTM,per_coin,DOGE,12,2022-07-05,2023-10-05,1.0,1.0,1.0,1.0,0.0,0.0
LSTM,per_coin,DOGE,13,2022-10-05,2024-01-05,0.8589743589743589,0.46206896551724136,0.7938107869142351,0.9241379310344827,0.0,0.0
LSTM,per_coin,DOGE,15,2023-04-05,2024-07-05,0.0,0.0,0.0,0.0,0.0,0.0
LSTM,per_coin,DOGE,16,2023-07-05,2024-10-05,0.0,0.0,0.0,0.0,0.0,0.0
LSTM,per_coin,ETH,5,2019-08-01,2020-11-01,0.5512820512820513,0.5289042277825712,0.5973540408398044,0.631578947368421,0.4262295081967213,0.0
LSTM,per_coin,ETH,6,2019-11-01,2021-02-01,0.5,0.3333333333333333,0.3333333333333333,0.0,0.6666666666666666,0.0
LSTM,per_coin,ETH,7,2020-02-01,2021-05-01,0.88,0.46808510638297873,0.8238297872340425,0.0,0.9361702127659575,0.0
LSTM,per_coin,ETH,8,2020-05-01,2021-08-01,0.24358974358974358,0.23217618514371033,0.15717690297757483,0.1702127659574468,0.5263157894736842,0.0
LSTM,per_coin,ETH,9,2020-08-01,2021-11-01,0.28205128205128205,0.2777777777777778,0.24643874643874644,0.0,0.2222222222222222,0.3333333333333333
LSTM,per_coin,ETH,10,2020-11-01,2022-02-01,0.5897435897435898,0.441156462585034,0.5138409209837781,0.0,0.65,0.673469387755102
LSTM,per_coin,ETH,11,2021-02-01,2022-05-01,0.0,0.0,0.0,0.0,0.0,0.0
LSTM,per_coin,ETH,12,2021-05-01,2022-08-01,0.5384615384615384,0.5381578947368422,0.5366396761133603,0.5263157894736842,0.0,0.55
LSTM,per_coin,ETH,13,2021-08-01,2022-11-01,0.5512820512820513,0.23691460055096417,0.7107438016528925,0.7107438016528925,0.0,0.0
LSTM,per_coin,ETH,14,2021-11-01,2023-02-01,0.0,0.0,0.0,0.0,0.0,0.0
LSTM,per_coin,ETH,15,2022-02-01,2023-05-01,1.0,1.0,1.0,1.0,0.0,0.0
LSTM,per_coin,ETH,16,2022-05-01,2023-08-01,0.0,0.0,0.0,0.0,0.0,0.0
LSTM,per_coin,ETH,20,2023-05-01,2024-08-01,0.0,0.0,0.0,0.0,0.0,0.0
LSTM,per_coin,ETH,21,2023-08-01,2024-11-01,1.0,1.0,1.0,1.0,0.0,0.0
LSTM,per_coin,SOL,1,2020-11-11,2022-02-11,0.23076923076923078,0.125,0.08653846153846154,0.0,0.0,0.375
LSTM,per_coin,SOL,2,2021-02-11,2022-05-11,0.9866666666666667,0.4966442953020134,0.9800447427293064,0.9932885906040269,0.0,0.0
LSTM,per_coin,SOL,3,2021-05-11,2022-08-11,0.7564102564102564,0.5067379440917698,0.7490554884474029,0.7397260273972602,0.0,0.7804878048780488
LSTM,per_coin,SOL,4,2021-08-11,2022-11-11,0.9743589743589743,0.4935064935064935,0.9617049617049617,0.987012987012987,0.0,0.0
LSTM,per_coin,SOL,5,2021-11-11,2023-02-11,0.38461538461538464,0.1851851851851852,0.2136752136752137,0.0,0.0,0.5555555555555556
LSTM,per_coin,SOL,6,2022-02-11,2023-05-11,0.6,0.375,0.75,0.75,0.0,0.0
LSTM,per_coin,SOL,7,2022-05-11,2023-08-11,0.6153846153846154,0.36455463728191,0.7439076075439712,0.7603305785123967,0.0,0.3333333333333333
LSTM,per_coin,SOL,8,2022-08-11,2023-11-11,0.7948717948717948,0.44285714285714284,0.704029304029304,0.8857142857142857,0.0,0.0
LSTM,per_coin,SOL,9,2022-11-11,2024-02-11,0.19230769230769232,0.16129032258064516,0.062034739454094295,0.0,0.0,0.3225806451612903
LSTM,per_coin,SOL,10,2023-02-11,2024-05-11,0.5789473684210527,0.4163614163614164,0.564295353769038,0.42857142857142855,0.8205128205128205,0.0
LSTM,per_coin,SOL,11,2023-05-11,2024-08-11,0.0,0.0,0.0,0.0,0.0,0.0
LSTM,per_coin,SOL,12,2023-08-11,2024-11-11,0.0,0.0,0.0,0.0,0.0,0.0
LSTM,global,ALL,3,2019-02-01,2020-05-01,0.9657894736842105,0.49129852744310576,0.954153455928979,0.9825970548862115,0.0,0.0
LSTM,global,ALL,4,2019-05-01,2020-08-01,0.7487179487179487,0.4281524926686217,0.7816527558463043,0.8563049853372434,0.0,0.0
LSTM,global,ALL,5,2019-08-01,2020-11-01,0.9076923076923077,0.3172043010752688,0.8881720430107527,0.9516129032258065,0.0,0.0
LSTM,global,ALL,6,2019-11-01,2021-02-01,0.4282051282051282,0.42684477952273314,0.4238376929616493,0.39892183288409705,0.4547677261613692,0.0
LSTM,global,ALL,7,2020-02-01,2021-05-01,0.33111111111111113,0.18722098611153445,0.3824912270007214,0.03322259136212625,0.5284403669724771,0.0
LSTM,global,ALL,8,2020-05-01,2021-08-01,0.25427350427350426,0.13515048268029528,0.10309556050612269,0.40545144804088584,0.0,0.0
LSTM,global,ALL,9,2020-08-01,2021-11-01,0.3782051282051282,0.3248351575308582,0.4487643314763014,0.20462046204620463,0.6056338028169014,0.1642512077294686
LSTM,global,ALL,10,2020-11-01,2022-02-01,0.532051282051282,0.5536437146265855,0.5373245452966706,0.5446224256292906,0.6213592233009708,0.494949494949495
LSTM,global,ALL,11,2021-02-01,2022-05-01,0.37777777777777777,0.18279569892473116,0.5483870967741935,0.5483870967741935,0.0,0.0
LSTM,global,ALL,12,2021-05-01,2022-08-01,0.6410256410256411,0.26929416327322087,0.5582053643790118,0.7801047120418848,0.0,0.027777777777777776
LSTM,global,ALL,13,2021-08-01,2022-11-01,0.7158119658119658,0.33118064246975387,0.8292243509515099,0.8335419274092616,0.16,0.0
LSTM,global,ALL,14,2021-11-01,2023-02-01,0.8782051282051282,0.4715528345852691,0.8925765977999923,0.9331770222743259,0.0,0.48148148148148145
LSTM,global,ALL,15,2022-02-01,2023-05-01,1.0,1.0,1.0,1.0,0.0,0.0
LSTM,global,ALL,16,2022-05-01,2023-08-01,0.9829059829059829,0.4956896551724138,0.9744326554671382,0.9913793103448276,0.0,0.0
LSTM,global,ALL,17,2022-08-01,2023-11-01,0.9764957264957265,0.3293693693693694,0.9754400554400554,0.9881081081081081,0.0,0.0
LSTM,global,ALL,18,2022-11-01,2024-02-01,0.6175213675213675,0.25451343020695727,0.4715024444218631,0.7635402906208718,0.0,0.0
LSTM,global,ALL,19,2023-02-01,2024-05-01,0.6096491228070176,0.4173768040940716,0.5877512264359362,0.5272727272727272,0.7248576850094877,0.0
LSTM,global,ALL,20,2023-05-01,2024-08-01,0.7264957264957265,0.40137971239797904,0.7569431987669454,0.8306451612903226,0.37349397590361444,0.0
LSTM,global,ALL,21,2023-08-01,2024-11-01,0.9273504273504274,0.32076866223207684,0.9623059866962306,0.9623059866962306,0.0,0.0
